BAD,LOAN,MORTDUE,VALUE,YOJ,DEROG,DELINQ,CLAGE,NINQ,CLNO,DEBTINC,REASON_HomeImp,JOB_Office,JOB_Other,JOB_ProfExe,JOB_Sales,JOB_Self
0,6500,63144.000000,76754.000000,2.000000,0.000000,2.000000,129.077712,0.000000,23.000000,29.055433,True,False,False,False,False,False
0,14500,78503.000000,90558.000000,19.000000,0.000000,0.000000,250.452289,10.000000,24.000000,36.876235,False,False,False,False,False,False
0,30500,113822.000000,148478.000000,10.000000,0.000000,0.000000,165.788278,0.000000,16.000000,31.163207,False,False,False,True,False,False
0,24300,65019.000000,144123.000000,7.000000,0.000000,0.000000,173.466667,1.000000,20.000000,15.529230,False,False,True,False,False,False
0,26800,96895.000000,144482.000000,23.000000,0.000000,0.000000,201.967875,0.000000,13.000000,40.162161,False,False,False,False,False,False
0,15500,25751.000000,43531.000000,0.000000,0.000000,0.000000,213.359282,0.000000,16.000000,37.794992,False,True,False,False,False,False
0,8400,82972.000000,121796.000000,7.000000,0.000000,0.000000,173.466667,1.000000,20.000000,41.445624,True,False,True,False,False,False
0,21000,94063.000000,139868.000000,7.000000,0.000000,0.000000,207.210036,0.000000,21.000000,30.247823,False,False,False,True,False,False
0,20000,59936.000000,12737.000000,5.000000,0.000000,0.000000,63.395400,0.000000,17.000000,40.446579,False,False,True,False,False,False
0,25200,63258.000000,100392.000000,0.000000,0.000000,0.000000,194.701316,0.000000,25.000000,35.274461,False,False,False,True,False,False
0,12300,50441.000000,56656.000000,1.000000,0.000000,0.000000,186.451017,0.000000,21.000000,35.452607,False,True,False,False,False,False
1,9000,90969.000000,108606.000000,5.000000,5.000000,2.000000,113.257509,5.000000,28.000000,27.347597,True,False,False,False,False,False
0,52200,65019.000000,81115.000000,10.000000,0.000000,0.000000,173.214284,1.000000,21.000000,24.981883,True,False,False,False,False,True
0,14900,72637.000000,103297.000000,4.000000,2.000000,0.000000,83.466086,0.000000,20.000000,22.553040,False,False,True,False,False,False
0,26400,153853.000000,188760.000000,2.000000,0.000000,0.000000,172.570833,0.000000,17.000000,43.358194,True,False,False,False,False,True
0,7700,14776.000000,32287.000000,7.000000,0.000000,0.000000,173.466667,1.000000,20.000000,34.880462,False,False,True,False,False,False
0,5500,52897.000000,65054.000000,20.000000,0.000000,0.000000,189.295318,0.000000,19.000000,20.654129,True,True,False,False,False,False
0,5500,93051.000000,115374.000000,6.000000,0.000000,0.000000,187.020519,1.000000,27.000000,27.646749,True,False,False,True,False,False
0,22400,65502.000000,104373.000000,14.000000,0.000000,0.000000,141.812823,0.000000,13.000000,36.221943,True,True,False,False,False,False
0,10100,58446.000000,71145.000000,4.000000,0.000000,1.000000,244.624368,1.000000,15.000000,38.117306,True,False,True,False,False,False
0,21700,58363.000000,78411.000000,5.000000,0.000000,0.000000,104.174770,0.000000,16.000000,38.188435,False,False,True,False,False,False
0,13800,21711.000000,32357.000000,7.000000,0.000000,0.000000,105.666234,0.000000,17.000000,20.333156,False,True,False,False,False,False
1,4500,57000.000000,89235.500000,5.000000,0.000000,0.000000,222.600000,1.000000,13.000000,34.818262,True,False,True,False,False,False
0,18400,40673.000000,60418.000000,27.000000,0.000000,0.000000,247.649579,0.000000,13.000000,24.980299,True,False,True,False,False,False
1,22400,25585.000000,54049.000000,20.000000,0.000000,0.000000,251.358003,0.000000,19.000000,25.202706,False,False,False,True,False,False
0,21000,69097.000000,105200.000000,7.000000,1.000000,0.000000,237.820129,1.000000,13.000000,40.305774,False,False,True,False,False,False
1,26900,69000.000000,106500.000000,0.600000,0.000000,1.000000,115.700000,2.000000,19.000000,34.818262,False,False,False,False,True,False
0,26800,145772.000000,193135.000000,12.000000,0.000000,0.000000,147.938795,0.000000,36.000000,40.904321,False,False,False,True,False,False
0,8400,65019.000000,39106.000000,7.000000,0.000000,1.000000,80.075339,0.000000,10.000000,35.683502,True,False,True,False,False,False
0,28200,90485.000000,123674.000000,1.000000,0.000000,1.000000,189.734742,2.000000,25.000000,41.676986,False,False,True,False,False,False
0,17400,62824.000000,82243.000000,5.000000,0.000000,0.000000,109.482749,0.000000,7.000000,34.818445,False,False,True,False,False,False
0,15300,81500.000000,102000.000000,3.500000,0.000000,0.000000,123.766667,1.000000,25.000000,34.818262,True,False,False,True,False,False
0,31000,13542.000000,58827.000000,0.000000,0.000000,0.000000,92.132908,0.000000,6.000000,36.256969,False,False,True,False,False,False
0,31800,195134.000000,299299.000000,29.000000,0.000000,0.000000,161.885126,0.000000,22.000000,38.637024,False,False,True,False,False,False
0,5100,179725.000000,251962.000000,7.000000,0.000000,0.000000,127.498813,0.000000,22.000000,40.308259,False,False,False,False,True,False
0,12800,66293.000000,92423.000000,27.000000,0.000000,0.000000,169.723888,1.000000,14.000000,41.232163,True,True,False,False,False,False
1,10400,42714.000000,72322.000000,12.000000,0.000000,0.000000,105.074802,6.000000,15.000000,41.262353,False,False,True,False,False,False
0,25000,99348.000000,200000.000000,23.000000,0.000000,0.000000,199.833333,0.000000,19.000000,34.818262,False,False,True,False,False,False
0,18200,53646.000000,156048.000000,20.000000,0.000000,0.000000,232.297126,0.000000,27.000000,20.856068,False,False,False,True,False,False
0,22100,65019.000000,65192.000000,9.000000,0.000000,0.000000,128.156793,1.000000,4.000000,18.882956,True,True,False,False,False,False
1,17200,50742.000000,71000.000000,15.000000,0.000000,0.000000,173.466667,0.000000,0.000000,34.818262,False,False,True,False,False,False
0,15700,81709.000000,111127.000000,4.000000,0.000000,0.000000,123.624448,0.000000,25.000000,37.560648,True,False,False,True,False,False
0,16500,44110.000000,65748.000000,7.000000,0.000000,0.000000,99.193553,3.000000,14.000000,41.415631,False,False,True,False,False,False
0,24300,42276.000000,68775.000000,24.000000,0.000000,0.000000,309.683586,2.000000,31.000000,32.746507,False,False,True,False,False,False
0,15700,46124.000000,67964.000000,6.000000,0.000000,0.000000,155.754789,2.000000,12.000000,28.797919,False,False,False,True,False,False
0,14200,44412.000000,72946.000000,19.000000,0.000000,0.000000,196.132134,0.000000,15.000000,23.773202,False,False,False,True,False,False
0,27100,44095.000000,77587.000000,14.000000,1.000000,0.000000,92.140029,6.000000,15.000000,33.535547,False,False,False,False,False,False
0,13500,40786.000000,66872.000000,7.000000,0.000000,0.000000,173.466667,1.000000,20.000000,35.364140,False,False,False,False,False,False
1,2500,15000.000000,20200.000000,18.000000,0.000000,0.000000,136.066667,1.000000,19.000000,34.818262,True,False,True,False,False,False
0,14200,100664.000000,129166.000000,4.000000,0.000000,0.000000,255.687648,2.000000,41.000000,38.746760,False,False,False,False,False,False
0,26400,59288.000000,87753.000000,8.000000,1.000000,1.000000,145.882492,3.000000,29.000000,38.972487,False,False,True,False,False,False
0,26100,113266.000000,182082.000000,18.000000,0.000000,0.000000,304.852469,1.000000,31.000000,33.193949,False,False,False,False,True,False
0,9100,78210.000000,86558.000000,8.000000,0.000000,0.000000,92.111504,0.000000,23.000000,28.167075,False,False,False,False,False,False
0,10200,65803.000000,85155.000000,15.000000,0.000000,0.000000,218.481755,0.000000,36.000000,36.182192,True,False,True,False,False,False
0,4000,105164.000000,112774.000000,1.000000,0.000000,0.000000,94.724874,0.000000,13.000000,29.390928,True,True,False,False,False,False
0,15000,81483.000000,134347.000000,14.000000,0.000000,0.000000,305.915076,0.000000,18.000000,29.653563,False,False,False,True,False,False
0,23700,46910.000000,75136.000000,10.000000,0.000000,0.000000,119.231204,1.000000,19.000000,43.829588,False,False,True,False,False,False
0,9300,81986.000000,94513.000000,2.000000,3.000000,0.000000,173.466667,0.000000,4.000000,31.893904,False,False,True,False,False,False
0,11100,48031.000000,107561.000000,5.000000,0.000000,1.000000,226.781105,0.000000,9.000000,24.190327,False,False,False,True,False,False
0,10100,68240.000000,84067.000000,8.000000,0.000000,0.000000,131.404180,0.000000,35.000000,28.443810,False,False,False,False,True,False
0,20600,114947.000000,173502.000000,4.000000,0.000000,0.000000,219.336880,4.000000,24.000000,40.543739,False,True,False,False,False,False
0,15500,96426.000000,122322.000000,12.000000,0.000000,0.000000,226.284524,0.000000,12.000000,40.868109,False,True,False,False,False,False
0,18300,90099.000000,118545.000000,12.000000,0.000000,0.000000,140.515851,3.000000,18.000000,38.899232,False,False,False,True,False,False
0,7900,44682.000000,57285.000000,7.000000,1.000000,0.000000,110.071857,1.000000,25.000000,25.409017,False,False,True,False,False,False
0,19100,58453.000000,76731.000000,15.000000,1.000000,0.000000,203.141076,1.000000,21.000000,36.228730,False,False,True,False,False,False
0,4900,67794.000000,84630.000000,4.000000,0.000000,0.000000,112.573419,0.000000,15.000000,41.673996,True,False,True,False,False,False
0,23900,85097.000000,100730.000000,9.000000,0.000000,0.000000,173.466667,1.000000,20.000000,29.508517,True,False,True,False,False,False
1,11700,65019.000000,67940.000000,3.000000,3.000000,4.000000,204.025593,1.000000,38.000000,34.818262,True,False,False,False,False,False
0,5700,26927.000000,35461.000000,0.000000,1.000000,0.000000,21.799352,10.000000,6.000000,29.439664,False,False,True,False,False,False
0,11200,93649.000000,113833.000000,13.000000,0.000000,0.000000,205.117246,3.000000,16.000000,39.126130,False,False,True,False,False,False
0,32800,13781.000000,43371.000000,28.000000,0.000000,0.000000,203.839305,0.000000,14.000000,40.657780,False,False,True,False,False,False
0,18700,68196.000000,89641.000000,0.000000,2.000000,1.000000,112.976041,1.000000,26.000000,34.414622,False,False,True,False,False,False
0,12000,63589.000000,75959.000000,14.000000,1.000000,0.000000,253.616928,1.000000,31.000000,43.159701,True,True,False,False,False,False
1,22000,92000.000000,89235.500000,4.000000,0.000000,12.000000,218.000000,1.000000,39.000000,34.818262,False,True,False,False,False,False
1,9900,37609.000000,120186.000000,7.000000,0.000000,0.000000,176.367839,3.000000,30.000000,53.178911,False,False,True,False,False,False
1,6200,42100.000000,57385.000000,8.500000,0.000000,1.000000,164.800000,1.000000,28.000000,34.818262,False,False,True,False,False,False
1,10300,39893.000000,55000.000000,1.500000,0.000000,1.000000,99.433333,2.000000,32.000000,34.818262,False,False,True,False,False,False
0,23700,76196.000000,100929.000000,17.000000,0.000000,0.000000,180.731154,1.000000,13.000000,41.526026,False,False,True,False,False,False
0,16600,74681.000000,95471.000000,6.000000,0.000000,0.000000,187.653510,4.000000,19.000000,40.453753,False,False,True,False,False,False
0,10700,54091.000000,67661.000000,27.000000,0.000000,2.000000,188.533989,0.000000,24.000000,38.589372,True,False,True,False,False,False
0,24100,184697.000000,238729.000000,2.000000,0.000000,0.000000,317.692557,0.000000,26.000000,37.782036,False,False,False,True,False,False
0,26500,65019.000000,122693.000000,9.000000,0.000000,0.000000,153.942428,0.000000,27.000000,32.200811,False,False,False,False,False,False
0,17800,68889.000000,85642.000000,0.000000,2.000000,2.000000,105.767961,2.000000,25.000000,34.629922,False,False,True,False,False,False
0,13800,85805.000000,135789.000000,15.000000,0.000000,0.000000,303.688230,0.000000,18.000000,27.869079,False,False,False,True,False,False
0,9100,65019.000000,74450.000000,7.000000,0.000000,0.000000,173.466667,1.000000,20.000000,23.942517,False,False,True,False,False,False
0,28400,90823.000000,126845.000000,1.000000,0.000000,0.000000,188.773455,1.000000,25.000000,42.896715,False,False,True,False,False,False
0,25100,77088.000000,111568.000000,7.000000,0.000000,0.000000,288.008025,2.000000,29.000000,32.550838,False,False,False,False,False,False
0,16700,59207.000000,83146.000000,2.000000,0.000000,0.000000,309.496388,3.000000,15.000000,43.488066,False,False,True,False,False,False
0,22600,31933.000000,47669.000000,4.000000,0.000000,0.000000,133.447479,1.000000,11.000000,24.201086,True,False,False,False,False,True
0,17800,36902.000000,57622.000000,9.000000,0.000000,0.000000,121.879703,0.000000,10.000000,19.142117,True,False,True,False,False,False
0,27600,150120.000000,191972.000000,3.000000,0.000000,0.000000,178.038491,1.000000,16.000000,41.807428,True,False,False,False,False,True
0,31200,14906.000000,64767.000000,0.000000,0.000000,0.000000,80.355571,0.000000,5.000000,35.039075,False,False,True,False,False,False
0,40000,362000.000000,465000.000000,3.000000,0.000000,0.000000,313.466667,4.000000,15.000000,34.818262,True,False,False,True,False,False
0,13100,50552.000000,59889.000000,4.000000,0.000000,0.000000,178.612363,0.000000,13.000000,38.763314,False,False,True,False,False,False
0,21100,91479.000000,127110.000000,25.000000,0.000000,0.000000,279.468237,3.000000,16.000000,33.078522,False,True,False,False,False,False
0,10000,32000.000000,59000.000000,24.000000,0.000000,1.000000,232.333333,1.000000,29.000000,34.818262,False,True,False,False,False,False
0,13400,60174.000000,81944.000000,1.000000,0.000000,0.000000,125.385446,3.000000,9.000000,36.229864,False,False,True,False,False,False
0,29300,228059.000000,291314.000000,16.000000,0.000000,1.000000,259.677202,2.000000,26.000000,28.173646,False,False,False,True,False,False
0,10000,10000.000000,68250.000000,20.000000,0.000000,2.000000,398.800000,1.000000,12.000000,34.818262,False,False,False,True,False,False
0,10100,68820.000000,78830.000000,2.000000,0.000000,0.000000,170.722452,1.000000,34.000000,29.206753,False,False,True,False,False,False
0,20300,37056.000000,55027.000000,7.000000,0.000000,0.000000,223.553692,0.000000,13.000000,40.326049,False,False,True,False,False,False
1,2200,23030.000000,89235.500000,19.000000,0.000000,0.000000,173.466667,1.000000,20.000000,3.711312,False,False,True,False,False,False
1,12000,59099.000000,82000.000000,10.000000,0.000000,2.000000,219.133333,0.000000,33.000000,34.818262,False,False,True,False,False,False
1,21700,24984.000000,92297.000000,26.000000,0.000000,6.000000,238.369637,1.000000,20.000000,16.397161,False,False,True,False,False,False
1,15000,65019.000000,74750.000000,7.000000,0.000000,0.000000,173.466667,1.000000,20.000000,34.818262,False,False,True,False,False,False
1,17400,54161.000000,75500.000000,4.000000,0.000000,0.000000,23.333333,5.000000,11.000000,34.818262,False,True,False,False,False,False
0,20600,69949.000000,101807.000000,3.000000,0.000000,0.000000,218.390939,0.000000,13.000000,30.271239,True,False,True,False,False,False
0,38100,204071.000000,270794.000000,3.000000,0.000000,0.000000,230.398576,0.000000,32.000000,31.369739,False,False,False,True,False,False
1,26600,84843.000000,115850.000000,2.000000,0.000000,0.000000,137.538878,2.000000,37.000000,42.571890,False,False,False,False,True,False
0,24500,134188.000000,171658.000000,5.000000,1.000000,0.000000,219.167578,0.000000,20.000000,34.986141,False,False,True,False,False,False
0,12900,64245.000000,83823.000000,13.000000,0.000000,0.000000,246.837719,3.000000,36.000000,40.560130,False,True,False,False,False,False
0,15800,71820.000000,89739.000000,0.000000,1.000000,1.000000,122.955587,1.000000,25.000000,33.519070,False,False,True,False,False,False
0,13000,15374.000000,59309.000000,6.000000,2.000000,0.000000,355.131229,1.000000,21.000000,15.823616,True,False,True,False,False,False
0,8700,65019.000000,32855.000000,7.000000,0.000000,0.000000,173.466667,1.000000,20.000000,35.937903,True,False,True,False,False,False
0,28000,77322.000000,118082.000000,7.000000,0.000000,0.000000,80.658094,1.000000,31.000000,38.815438,False,False,True,False,False,False
0,13700,84761.000000,95382.000000,7.000000,0.000000,0.000000,171.945839,1.000000,25.000000,41.960106,True,True,False,False,False,False
1,13900,77699.000000,92587.000000,13.000000,0.000000,2.000000,134.633579,0.000000,36.000000,39.196149,False,False,True,False,False,False
0,11800,118053.000000,125325.000000,5.000000,0.000000,0.000000,181.172065,0.000000,18.000000,33.200397,False,False,False,False,False,True
0,49900,45455.000000,102971.000000,9.000000,0.000000,0.000000,197.963309,2.000000,36.000000,42.064279,True,False,False,False,False,True
0,12900,56957.000000,73181.000000,29.000000,1.000000,3.000000,179.096166,1.000000,23.000000,36.394795,True,False,True,False,False,False
0,11400,65019.000000,38246.000000,7.000000,0.000000,0.000000,88.886975,0.000000,10.000000,37.658389,True,False,True,False,False,False
0,13700,58788.000000,87260.000000,14.000000,0.000000,0.000000,103.692818,0.000000,24.000000,36.665319,False,True,False,False,False,False
1,9900,71371.000000,84865.000000,0.000000,2.000000,0.000000,94.805236,0.000000,12.000000,38.211305,False,False,False,False,False,False
0,10200,44000.000000,57000.000000,0.000000,1.000000,0.000000,191.733333,2.000000,13.000000,34.818262,False,False,True,False,False,False
0,12500,77937.000000,89710.000000,19.000000,0.000000,0.000000,223.587415,10.000000,24.000000,35.951999,False,False,False,False,False,False
0,36800,35077.000000,53120.000000,7.000000,0.000000,0.000000,173.466667,6.000000,0.000000,34.985013,False,False,True,False,False,False
0,17300,44031.000000,79187.000000,0.000000,0.000000,1.000000,299.705237,1.000000,10.000000,35.986670,False,False,True,False,False,False
0,2900,104373.000000,120702.000000,2.000000,0.000000,0.000000,101.540298,0.000000,13.000000,29.915859,True,True,False,False,False,False
0,42300,367089.000000,469771.000000,3.000000,0.000000,0.000000,310.051524,4.000000,14.000000,42.603641,True,False,False,True,False,False
1,3900,29896.000000,45960.000000,11.000000,0.000000,0.000000,146.123242,0.000000,14.000000,24.478881,True,False,True,False,False,False
0,13600,55901.000000,87519.000000,13.000000,0.000000,1.000000,107.913133,0.000000,23.000000,36.327022,False,True,False,False,False,False
0,12000,79844.000000,98139.000000,8.000000,0.000000,0.000000,156.954758,0.000000,34.000000,31.700124,True,False,False,True,False,False
1,11800,67678.000000,108092.000000,13.000000,0.000000,7.000000,126.658232,0.000000,36.000000,37.162690,True,False,False,True,False,False
1,10000,69727.000000,90312.000000,4.500000,5.000000,1.000000,122.833333,1.000000,17.000000,34.818262,True,True,False,False,False,False
0,11800,32257.000000,59515.000000,23.000000,0.000000,0.000000,231.599945,0.000000,29.000000,25.701276,False,True,False,False,False,False
0,7500,11358.000000,36892.000000,5.000000,0.000000,0.000000,286.922824,0.000000,11.000000,23.062926,False,False,True,False,False,False
1,20000,14361.000000,50000.000000,7.000000,0.000000,1.000000,216.066667,1.000000,10.000000,34.818262,False,False,True,False,False,False
0,22800,65019.000000,57761.000000,7.000000,0.000000,0.000000,310.482939,0.000000,18.000000,38.505705,False,False,True,False,False,False
0,21300,104000.000000,155250.000000,16.000000,0.000000,0.000000,185.700000,0.000000,26.000000,34.818262,False,False,False,False,False,False
0,10700,51224.000000,70399.000000,5.000000,0.000000,0.000000,110.677442,1.000000,23.000000,42.939294,False,False,False,False,False,False
1,10000,48300.000000,74600.000000,14.000000,0.000000,1.000000,179.100000,2.000000,31.000000,34.818262,False,False,True,False,False,False
0,36000,203680.000000,270992.000000,3.000000,0.000000,0.000000,234.023975,0.000000,32.000000,29.696346,False,False,False,True,False,False
0,18500,102472.000000,115719.000000,0.000000,0.000000,0.000000,120.090265,0.000000,30.000000,34.243441,False,False,False,True,False,False
0,50900,22000.000000,77826.000000,3.000000,2.000000,0.000000,263.733333,7.000000,14.000000,34.818262,True,False,True,False,False,False
0,12200,91000.000000,114053.000000,11.000000,0.000000,0.000000,173.500000,0.000000,27.000000,34.818262,False,False,True,False,False,False
0,25500,50847.000000,79738.000000,20.000000,0.000000,0.000000,204.677901,0.000000,26.000000,35.860088,False,False,True,False,False,False
0,11900,26601.000000,52544.000000,0.000000,0.000000,0.000000,240.694361,0.000000,11.000000,40.775677,True,False,True,False,False,False
0,20100,70491.000000,100797.000000,7.000000,2.000000,0.000000,247.037272,2.000000,14.000000,40.272149,False,False,True,False,False,False
1,24100,164155.000000,225184.000000,2.000000,0.000000,0.000000,173.466667,1.000000,20.000000,31.564227,True,False,False,False,False,True
0,12600,55415.000000,74307.000000,29.000000,1.000000,2.000000,198.846721,0.000000,23.000000,36.837741,True,False,True,False,False,False
1,15000,42006.000000,89235.500000,10.000000,0.000000,1.000000,75.333333,0.000000,33.000000,34.818262,False,False,True,False,False,False
0,5300,75958.000000,91703.000000,0.000000,0.000000,0.000000,124.182179,1.000000,10.000000,34.599060,False,False,True,False,False,False
0,43800,65019.000000,54046.000000,7.000000,5.000000,0.000000,113.104356,1.000000,19.000000,29.997905,False,False,True,False,False,False
0,7200,22832.000000,31666.000000,0.000000,0.000000,0.000000,38.003267,9.000000,7.000000,28.295681,False,False,True,False,False,False
1,10600,61294.000000,82646.000000,5.000000,0.000000,4.000000,87.859169,2.000000,13.000000,36.395148,False,False,False,True,False,False
0,18900,127559.000000,154545.000000,7.000000,0.000000,0.000000,216.669515,0.000000,18.000000,36.915878,False,False,False,False,False,False
1,14700,148396.000000,162403.000000,13.000000,0.000000,0.000000,163.498994,0.000000,31.000000,35.428416,False,False,False,False,False,False
0,20000,170706.000000,224233.000000,11.000000,0.000000,0.000000,207.034685,0.000000,32.000000,41.102489,False,True,False,False,False,False
0,23300,65310.000000,89959.000000,2.000000,0.000000,0.000000,89.794149,1.000000,30.000000,33.986099,False,False,True,False,False,False
0,12100,96439.000000,126328.000000,3.000000,0.000000,3.000000,156.319131,0.000000,26.000000,39.279313,True,False,False,False,False,False
0,13300,66502.000000,78138.000000,4.000000,0.000000,0.000000,178.112106,1.000000,16.000000,33.795091,False,False,True,False,False,False
0,39500,68117.000000,117084.000000,15.000000,0.000000,0.000000,198.099787,0.000000,21.000000,40.204875,False,False,False,False,False,False
1,6200,65019.000000,89235.500000,3.000000,0.000000,0.000000,80.500000,2.000000,17.000000,34.818262,False,False,False,False,False,True
0,12900,87270.000000,97929.000000,0.000000,0.000000,0.000000,65.107497,1.000000,20.000000,34.696366,True,False,False,True,False,False
0,15000,72000.000000,95000.000000,0.000000,0.000000,0.000000,147.100000,1.000000,18.000000,34.818262,False,False,True,False,False,False
0,17800,107736.000000,113100.000000,1.000000,0.000000,0.000000,135.123225,2.000000,20.000000,38.937112,False,False,True,False,False,False
0,24100,57555.000000,90732.000000,8.000000,0.000000,0.000000,236.961992,1.000000,19.000000,37.934878,False,False,True,False,False,False
0,20000,32000.000000,56373.000000,1.000000,0.000000,0.000000,113.566667,1.000000,17.000000,34.818262,False,False,True,False,False,False
0,9300,46466.000000,57182.000000,2.000000,0.000000,0.000000,100.051866,0.000000,20.000000,38.444318,False,False,True,False,False,False
1,25000,26743.000000,57000.000000,2.000000,0.000000,0.000000,90.600000,3.000000,19.000000,34.818262,False,False,True,False,False,False
0,14400,46955.000000,67304.000000,2.000000,0.000000,0.000000,171.622465,0.000000,13.000000,36.555189,False,False,True,False,False,False
0,36600,32590.000000,58157.000000,7.000000,0.000000,0.000000,173.466667,6.000000,0.000000,33.016931,False,False,True,False,False,False
0,17000,26228.000000,60979.000000,7.000000,0.000000,0.000000,188.247611,0.000000,13.000000,29.628676,True,False,False,True,False,False
0,20000,65019.000000,90000.000000,8.000000,0.000000,0.000000,181.700000,1.000000,16.000000,34.818262,True,False,True,False,False,False
0,8500,50569.000000,60940.000000,6.000000,0.000000,0.000000,189.946898,0.000000,22.000000,29.202477,False,False,False,False,False,False
0,9900,117003.000000,219783.000000,1.000000,0.000000,0.000000,130.766386,0.000000,14.000000,25.622611,True,False,False,True,False,False
0,24100,104442.000000,161366.000000,14.000000,0.000000,0.000000,195.642333,0.000000,25.000000,34.540810,False,False,False,False,False,False
0,20600,138918.000000,175989.000000,5.000000,0.000000,0.000000,189.955919,4.000000,42.000000,40.862678,False,False,False,True,False,False
0,10100,72136.000000,89437.000000,5.000000,0.000000,0.000000,205.737125,0.000000,15.000000,30.798764,False,False,True,False,False,False
0,21900,148955.000000,118862.000000,6.000000,0.000000,0.000000,93.925882,3.000000,34.000000,30.322115,False,False,False,True,False,False
0,17800,39686.000000,67246.000000,5.000000,0.000000,0.000000,114.183555,1.000000,10.000000,27.575810,False,False,True,False,False,False
0,18100,27186.000000,77694.000000,7.000000,0.000000,0.000000,249.413362,0.000000,50.000000,43.727930,True,False,True,False,False,False
0,53500,179116.000000,257688.000000,5.000000,0.000000,0.000000,232.595952,1.000000,33.000000,39.789899,False,False,False,True,False,False
0,16100,41379.000000,57862.000000,17.000000,0.000000,0.000000,282.006289,0.000000,21.000000,30.708487,False,False,True,False,False,False
0,11900,81849.000000,105403.000000,5.000000,0.000000,1.000000,82.639505,1.000000,34.000000,36.505983,True,False,False,True,False,False
0,29600,233916.000000,291490.000000,15.000000,0.000000,1.000000,259.733465,2.000000,25.000000,25.105086,False,False,False,True,False,False
0,8500,64665.000000,72376.000000,4.000000,0.000000,0.000000,70.934881,3.000000,20.000000,40.309041,True,False,True,False,False,False
1,12200,97000.000000,109800.000000,5.000000,0.000000,0.000000,152.133333,3.000000,33.000000,34.818262,True,False,False,True,False,False
0,9500,35019.000000,52710.000000,12.000000,0.000000,0.000000,241.581779,0.000000,31.000000,38.208668,False,False,True,False,False,False
1,20000,11000.000000,75000.000000,7.000000,1.000000,3.000000,267.833333,1.000000,23.000000,34.818262,False,False,True,False,False,False
0,28300,130028.000000,178918.000000,2.000000,0.000000,0.000000,113.942639,1.000000,39.000000,33.440162,False,False,False,False,False,False
0,71200,196601.000000,289430.000000,12.000000,0.000000,0.000000,226.914307,2.000000,25.000000,29.220351,False,False,False,False,False,True
0,10000,48769.000000,65328.000000,4.000000,0.000000,1.000000,104.695241,3.000000,12.000000,39.049359,False,True,False,False,False,False
0,16500,64081.000000,100796.000000,22.000000,0.000000,1.000000,243.941686,1.000000,24.000000,38.327816,True,False,False,True,False,False
0,7000,98779.000000,124827.000000,9.000000,0.000000,0.000000,421.541928,1.000000,49.000000,40.828873,True,False,True,False,False,False
0,10800,59469.000000,69834.000000,3.000000,0.000000,0.000000,308.759176,0.000000,9.000000,34.095785,False,False,True,False,False,False
0,9000,8221.000000,38290.000000,4.000000,0.000000,0.000000,266.383799,0.000000,12.000000,23.703067,False,False,True,False,False,False
0,32700,14955.000000,38584.000000,29.000000,0.000000,0.000000,197.986315,0.000000,14.000000,41.529096,False,False,True,False,False,False
0,10200,51108.000000,68673.000000,6.000000,0.000000,0.000000,116.679367,1.000000,23.000000,42.775644,False,False,False,False,False,False
0,15100,38549.000000,59853.000000,5.000000,0.000000,0.000000,104.183247,2.000000,9.000000,29.141863,False,False,True,False,False,False
0,13900,68876.000000,90813.000000,7.000000,0.000000,0.000000,284.496904,0.000000,19.000000,31.164150,True,False,True,False,False,False
0,11600,35865.000000,50000.000000,7.000000,0.000000,0.000000,78.133333,0.000000,15.000000,34.818262,False,False,True,False,False,False
0,5700,71556.000000,79538.000000,2.000000,0.000000,0.000000,92.643085,0.000000,15.000000,41.210012,True,False,True,False,False,False
0,17300,35070.000000,63862.000000,16.000000,0.000000,0.000000,125.131569,1.000000,17.000000,37.936520,False,False,True,False,False,False
0,18200,4447.000000,21510.000000,7.000000,0.000000,0.000000,67.000000,2.000000,19.000000,34.818262,False,False,True,False,False,False
0,6400,44968.000000,62747.000000,0.000000,1.000000,0.000000,101.391445,1.000000,12.000000,36.602947,True,False,True,False,False,False
1,12900,29891.000000,76571.000000,2.000000,0.000000,0.000000,29.058670,3.000000,11.000000,31.458501,True,False,True,False,False,False
1,25000,101250.000000,135000.000000,3.000000,0.000000,0.000000,301.300000,4.000000,46.000000,34.818262,False,False,False,False,False,True
1,18900,65019.000000,75252.000000,7.000000,0.000000,0.000000,173.466667,1.000000,20.000000,42.919605,False,False,True,False,False,False
1,20900,55000.000000,79900.000000,2.500000,0.000000,0.000000,45.631136,1.000000,14.000000,34.818262,True,False,True,False,False,False
0,31200,234304.000000,290923.000000,14.000000,0.000000,1.000000,260.919776,2.000000,26.000000,27.057234,False,False,False,True,False,False
0,14700,14275.000000,90376.000000,14.000000,0.000000,1.000000,273.602517,0.000000,23.000000,26.842480,True,False,True,False,False,False
0,27000,23160.000000,58074.000000,36.000000,0.000000,0.000000,275.843231,1.000000,24.000000,40.133220,False,False,True,False,False,False
0,26700,73468.000000,108774.000000,11.000000,0.000000,0.000000,290.080591,1.000000,32.000000,39.042204,False,False,False,True,False,False
1,10800,75000.000000,87400.000000,7.000000,1.000000,0.000000,101.466667,2.000000,19.000000,34.818262,True,False,True,False,False,False
0,12900,45215.000000,66162.000000,4.000000,0.000000,0.000000,170.764517,0.000000,14.000000,39.248015,False,False,True,False,False,False
0,11700,64278.000000,76055.000000,12.000000,0.000000,0.000000,245.295163,0.000000,26.000000,28.439966,False,False,True,False,False,False
0,26100,65019.000000,36277.000000,9.000000,0.000000,0.000000,79.331460,1.000000,13.000000,20.517146,False,False,True,False,False,False
0,25500,65019.000000,44707.000000,7.000000,0.000000,0.000000,95.595496,1.000000,12.000000,27.503571,False,False,True,False,False,False
0,30400,46948.000000,80473.000000,0.000000,0.000000,0.000000,151.597097,2.000000,19.000000,37.753877,False,True,False,False,False,False
0,17700,93302.000000,116668.000000,20.000000,0.000000,0.000000,283.040946,0.000000,16.000000,25.225910,False,False,True,False,False,False
0,16200,25329.000000,37433.000000,21.000000,1.000000,0.000000,207.159548,2.000000,16.000000,32.718088,False,False,False,True,False,False
0,13300,74609.000000,115056.000000,6.000000,0.000000,0.000000,77.445106,2.000000,14.000000,36.869213,False,False,True,False,False,False
0,19900,74193.000000,94078.000000,7.000000,0.000000,0.000000,81.414352,0.000000,15.000000,32.033550,True,False,False,True,False,False
0,15900,42623.000000,66458.000000,4.000000,0.000000,0.000000,146.827892,1.000000,12.000000,30.289130,False,False,False,True,False,False
0,9400,26700.000000,40150.000000,9.000000,0.000000,0.000000,80.166667,0.000000,4.000000,34.818262,True,False,True,False,False,False
1,24800,76220.000000,102087.000000,6.000000,0.000000,1.000000,126.641020,0.000000,32.000000,48.569574,True,False,False,False,False,False
0,10700,67523.000000,85560.000000,5.000000,0.000000,0.000000,126.842935,0.000000,35.000000,26.001665,False,False,False,False,True,False
0,19300,73668.000000,89061.000000,0.000000,2.000000,1.000000,113.453561,2.000000,25.000000,33.498815,False,False,True,False,False,False
0,6100,65019.000000,46830.000000,0.000000,0.000000,1.000000,173.466667,0.000000,0.000000,13.306013,True,False,True,False,False,False
0,27200,97541.000000,126368.000000,0.000000,1.000000,0.000000,186.778548,3.000000,38.000000,34.810689,False,False,False,True,False,False
0,23600,94908.000000,101678.000000,1.000000,1.000000,0.000000,125.701704,0.000000,19.000000,33.224319,False,False,False,True,False,False
0,25000,145000.000000,185000.000000,2.000000,0.000000,0.000000,176.500000,1.000000,17.000000,34.818262,True,False,False,False,False,True
0,11800,67336.000000,82218.000000,12.000000,0.000000,0.000000,255.313535,3.000000,36.000000,40.878428,False,True,False,False,False,False
0,10400,39821.000000,54040.000000,21.000000,1.000000,0.000000,231.605411,1.000000,18.000000,36.439737,True,False,False,False,False,False
0,12400,115004.000000,144760.000000,2.000000,0.000000,0.000000,279.522173,1.000000,46.000000,35.614731,False,False,False,True,False,False
0,17600,62198.000000,101183.000000,21.000000,0.000000,0.000000,230.716714,1.000000,23.000000,39.139757,True,False,False,True,False,False
0,13600,7627.000000,59173.000000,7.000000,2.000000,0.000000,362.512250,1.000000,22.000000,14.267128,True,False,True,False,False,False
0,9700,65019.000000,64644.000000,7.000000,0.000000,0.000000,368.070924,0.000000,6.000000,36.573170,True,False,True,False,False,False
0,20700,32817.000000,101720.000000,5.000000,0.000000,0.000000,132.940938,0.000000,15.000000,31.606217,True,False,True,False,False,False
0,12100,67927.000000,94126.000000,2.000000,0.000000,0.000000,35.538878,2.000000,3.000000,38.847597,False,False,True,False,False,False
0,17200,35116.000000,60489.000000,17.000000,0.000000,0.000000,106.486237,1.000000,18.000000,38.806241,False,False,True,False,False,False
1,10500,57880.000000,66802.000000,2.000000,0.000000,0.000000,94.598425,8.000000,21.000000,45.464766,False,False,True,False,False,False
0,7300,139348.000000,205981.000000,1.000000,0.000000,0.000000,60.424761,2.000000,22.000000,36.812291,False,False,False,True,False,False
0,44100,65019.000000,51165.000000,7.000000,5.000000,0.000000,130.496983,1.000000,19.000000,27.105116,False,False,True,False,False,False
1,3300,126541.000000,134527.000000,9.000000,1.000000,0.000000,139.000000,0.000000,36.000000,34.818262,True,False,False,False,True,False
0,11300,57377.000000,75038.000000,4.000000,0.000000,0.000000,91.219961,1.000000,15.000000,25.140280,False,True,False,False,False,False
0,25100,65019.000000,59783.000000,7.000000,0.000000,0.000000,307.749736,0.000000,19.000000,39.277022,False,False,True,False,False,False
1,32000,33148.000000,69965.000000,13.000000,2.000000,4.000000,112.510865,3.000000,27.000000,36.021509,False,False,False,True,False,False
0,21400,134041.000000,163103.000000,6.000000,1.000000,0.000000,172.031069,0.000000,38.000000,19.637069,False,False,False,True,False,False
0,18100,71814.000000,89941.000000,10.000000,0.000000,0.000000,83.167811,3.000000,11.000000,32.285405,False,False,True,False,False,False
0,14700,27235.000000,39102.000000,8.000000,0.000000,0.000000,71.420815,2.000000,11.000000,29.151698,True,False,True,False,False,False
0,14700,90662.000000,111778.000000,1.000000,1.000000,1.000000,148.423246,0.000000,33.000000,31.770102,False,False,False,True,False,False
0,27000,13718.000000,35684.000000,16.000000,2.000000,0.000000,122.294447,1.000000,18.000000,24.355760,False,False,True,False,False,False
0,27500,131269.000000,211014.000000,10.000000,0.000000,0.000000,234.351289,2.000000,26.000000,18.735147,False,False,False,True,False,False
0,10300,75483.000000,99345.000000,3.000000,0.000000,0.000000,133.790510,0.000000,25.000000,34.887236,False,False,False,True,False,False
0,25100,44639.000000,75412.000000,22.000000,0.000000,1.000000,284.913670,0.000000,29.000000,39.518017,False,False,True,False,False,False
1,5000,10171.000000,26809.000000,13.000000,3.000000,6.000000,228.300000,0.000000,24.000000,34.818262,True,True,False,False,False,False
1,12300,48238.000000,66603.000000,6.000000,0.000000,1.000000,80.388983,1.000000,11.000000,40.019105,True,True,False,False,False,False
0,14700,47177.000000,68456.000000,3.000000,0.000000,0.000000,193.685069,2.000000,18.000000,34.542533,True,False,False,True,False,False
0,21600,43449.000000,68744.000000,11.000000,0.000000,1.000000,121.950991,1.000000,22.000000,40.916477,False,True,False,False,False,False
1,13600,30200.000000,43600.000000,0.000000,8.000000,1.000000,230.300000,0.000000,18.000000,34.818262,True,False,True,False,False,False
0,16700,29404.000000,45209.000000,20.000000,0.000000,1.000000,195.552330,2.000000,16.000000,31.058084,False,False,False,True,False,False
0,20200,125647.000000,166423.000000,1.000000,0.000000,0.000000,395.148761,1.000000,51.000000,36.132510,False,True,False,False,False,False
0,16400,119879.000000,128546.000000,16.000000,0.000000,0.000000,182.997381,0.000000,17.000000,40.850887,False,False,True,False,False,False
0,7800,53243.000000,95065.000000,7.000000,0.000000,0.000000,220.802444,2.000000,24.000000,31.827627,True,False,False,True,False,False
0,5800,79296.000000,86885.000000,19.000000,0.000000,1.000000,307.974882,1.000000,23.000000,39.959109,False,False,False,False,False,False
0,7400,51974.000000,59323.000000,4.000000,0.000000,0.000000,83.346712,0.000000,18.000000,23.397635,True,False,True,False,False,False
0,31900,16363.000000,43218.000000,29.000000,0.000000,0.000000,200.301603,0.000000,14.000000,42.094179,False,False,True,False,False,False
0,22200,93947.000000,116176.000000,2.000000,0.000000,0.000000,205.029409,2.000000,26.000000,34.939403,False,False,False,False,False,True
0,19200,62215.000000,76573.000000,18.000000,0.000000,0.000000,199.875646,1.000000,21.000000,36.023663,False,False,True,False,False,False
1,2400,28000.000000,40800.000000,12.000000,0.000000,0.000000,67.200000,2.000000,22.000000,34.818262,True,False,False,False,False,False
1,25000,122000.000000,151200.000000,1.000000,1.000000,6.000000,262.333333,3.000000,30.000000,34.818262,False,True,False,False,False,False
0,21500,96993.000000,143240.000000,20.000000,0.000000,0.000000,173.341665,0.000000,25.000000,39.858727,False,False,False,True,False,False
0,6000,53500.000000,64790.000000,0.100000,0.000000,2.000000,105.400000,3.000000,18.000000,34.818262,False,False,True,False,False,False
1,22600,78975.000000,103374.000000,11.000000,0.000000,0.000000,259.319755,1.000000,14.000000,27.744056,False,False,False,False,False,False
1,2200,24280.000000,34687.000000,7.000000,0.000000,1.000000,300.866667,0.000000,8.000000,34.818262,True,False,True,False,False,False
0,4700,67913.000000,97205.000000,2.000000,0.000000,0.000000,142.824392,0.000000,24.000000,35.226997,False,False,False,False,False,False
1,13000,177000.000000,200000.000000,3.000000,0.000000,2.000000,195.833333,1.000000,50.000000,34.818262,False,False,False,False,False,False
1,13500,73000.000000,97000.000000,12.000000,1.000000,0.000000,145.200000,0.000000,23.000000,34.818262,False,False,True,False,False,False
1,11000,85008.000000,73223.000000,7.000000,0.000000,2.000000,197.120045,0.000000,23.000000,41.441052,True,False,False,False,False,False
0,8600,42380.000000,60733.000000,3.000000,0.000000,0.000000,199.293142,0.000000,22.000000,28.434342,False,False,False,False,False,False
0,6100,65019.000000,47400.000000,7.000000,0.000000,0.000000,173.466667,1.000000,20.000000,34.818262,False,False,True,False,False,False
0,11500,63136.000000,81099.000000,3.000000,0.000000,0.000000,149.064745,1.000000,35.000000,28.975940,False,False,True,False,False,False
0,28100,112564.000000,162129.000000,7.000000,0.000000,0.000000,115.564462,2.000000,26.000000,33.091681,False,False,False,True,False,False
0,17000,108154.000000,134103.000000,1.000000,0.000000,0.000000,279.361199,0.000000,46.000000,39.676977,False,False,True,False,False,False
0,6300,44226.000000,57779.000000,7.000000,0.000000,0.000000,63.626413,1.000000,16.000000,33.111829,False,False,True,False,False,False
0,26200,149599.000000,181869.000000,1.000000,0.000000,0.000000,204.028990,0.000000,35.000000,39.800880,False,False,True,False,False,False
0,27400,51298.000000,90010.000000,6.000000,1.000000,0.000000,146.656220,3.000000,29.000000,42.159937,False,False,True,False,False,False
0,17800,58942.000000,91483.000000,5.000000,0.000000,0.000000,123.736674,0.000000,13.000000,28.155960,True,False,False,True,False,False
0,10800,61791.000000,78361.000000,5.000000,0.000000,0.000000,94.518068,2.000000,15.000000,28.088525,False,True,False,False,False,False
0,11100,65019.000000,67005.000000,7.000000,0.000000,0.000000,364.375976,0.000000,7.000000,36.674734,True,False,True,False,False,False
1,13000,125969.000000,144076.000000,4.000000,0.000000,0.000000,110.193196,2.000000,30.000000,48.977732,False,False,True,False,False,False
0,17000,70085.000000,81598.000000,7.000000,0.000000,0.000000,117.195399,1.000000,20.000000,21.981836,False,True,False,False,False,False
0,13900,62968.000000,84947.000000,13.000000,0.000000,0.000000,239.773232,3.000000,37.000000,42.236189,False,True,False,False,False,False
0,8200,75870.000000,97922.000000,0.000000,0.000000,0.000000,173.466667,1.000000,20.000000,27.276365,False,False,False,True,False,False
0,8200,62603.000000,86782.000000,15.000000,0.000000,0.000000,219.565813,0.000000,18.000000,24.636621,False,False,False,True,False,False
0,16600,74784.000000,100221.000000,1.000000,0.000000,0.000000,90.050448,0.000000,17.000000,25.708394,False,False,False,False,False,False
1,6500,96314.000000,105800.000000,27.000000,0.000000,0.000000,475.800000,2.000000,40.000000,34.818262,True,False,False,True,False,False
1,21000,96000.000000,125000.000000,0.300000,1.000000,0.000000,116.900000,1.000000,19.000000,34.818262,False,False,False,False,True,False
0,12400,83018.000000,96637.000000,2.000000,0.000000,0.000000,95.902131,2.000000,32.000000,41.244779,False,False,True,False,False,False
0,11000,48538.000000,63805.000000,9.000000,0.000000,0.000000,88.606023,0.000000,22.000000,38.026151,False,False,True,False,False,False
0,30300,54352.000000,79302.000000,0.000000,0.000000,0.000000,152.202777,3.000000,19.000000,41.629363,False,True,False,False,False,False
0,23500,48286.000000,81958.000000,6.000000,0.000000,0.000000,248.860094,2.000000,25.000000,32.467301,False,False,False,False,False,False
0,11500,59781.000000,69864.000000,4.000000,0.000000,1.000000,312.547396,0.000000,9.000000,31.181801,False,False,True,False,False,False
1,7200,54600.000000,65000.000000,14.000000,2.000000,1.000000,98.433333,11.000000,9.000000,34.818262,False,False,True,False,False,False
0,8200,58536.000000,66546.000000,1.000000,0.000000,2.000000,118.397358,2.000000,17.000000,34.711650,False,False,True,False,False,False
0,21500,47451.000000,78645.000000,7.000000,0.000000,0.000000,173.466667,1.000000,20.000000,38.468332,False,False,True,False,False,False
0,14200,102512.000000,128657.000000,8.000000,0.000000,0.000000,178.339026,3.000000,32.000000,27.541141,True,False,False,True,False,False
0,27700,103249.000000,206521.000000,24.000000,0.000000,0.000000,196.781633,0.000000,19.000000,25.688176,False,False,True,False,False,False
0,17100,54598.000000,115838.000000,14.000000,0.000000,0.000000,247.295897,0.000000,20.000000,25.632116,False,False,False,True,False,False
0,27400,65019.000000,39858.000000,11.000000,1.000000,0.000000,87.379008,1.000000,14.000000,20.588214,False,False,True,False,False,False
1,15000,34200.000000,38900.000000,9.200000,0.000000,0.000000,170.700000,4.000000,21.000000,34.818262,False,False,True,False,False,False
0,8400,60995.000000,78444.000000,4.000000,0.000000,1.000000,123.738517,0.000000,23.000000,26.932708,True,False,False,False,False,False
0,26000,119553.000000,158687.000000,5.000000,0.000000,0.000000,290.758504,0.000000,24.000000,36.977519,False,False,False,False,False,False
0,21300,72450.000000,88622.000000,3.000000,0.000000,0.000000,117.210126,1.000000,29.000000,32.661106,False,False,True,False,False,False
0,26300,94916.000000,127526.000000,0.000000,0.000000,0.000000,195.847624,2.000000,37.000000,36.018496,False,False,False,True,False,False
0,6200,45787.000000,64854.000000,4.000000,0.000000,1.000000,63.117023,1.000000,16.000000,36.538747,False,False,True,False,False,False
1,10000,49000.000000,70000.000000,7.000000,0.000000,3.000000,190.733333,1.000000,12.000000,34.818262,True,False,True,False,False,False
0,17600,72232.000000,103081.000000,1.000000,0.000000,0.000000,143.967153,0.000000,18.000000,36.309962,False,False,True,False,False,False
0,16800,50135.000000,93772.000000,5.000000,0.000000,0.000000,126.489405,2.000000,21.000000,35.856355,False,False,False,True,False,False
0,22900,64803.000000,92258.000000,3.000000,1.000000,0.000000,84.925881,2.000000,29.000000,33.684093,False,False,True,False,False,False
0,65200,71151.000000,143960.000000,10.000000,0.000000,0.000000,128.780514,0.000000,12.000000,43.191163,True,True,False,False,False,False
0,9600,64758.000000,63646.000000,5.000000,0.000000,0.000000,120.644559,0.000000,34.000000,35.984929,True,False,True,False,False,False
0,16500,94920.000000,118156.000000,9.000000,0.000000,0.000000,295.285523,2.000000,18.000000,32.171632,False,False,True,False,False,False
1,10000,48840.000000,58740.000000,15.000000,2.000000,2.000000,194.800000,0.000000,39.000000,34.818262,True,False,True,False,False,False
0,11000,56795.000000,70014.000000,3.000000,0.000000,1.000000,319.795771,0.000000,10.000000,33.596171,False,False,True,False,False,False
0,11200,32562.000000,47220.000000,8.000000,0.000000,1.000000,151.285867,7.000000,29.000000,38.019135,False,False,True,False,False,False
0,20800,63764.000000,97090.000000,1.000000,0.000000,0.000000,63.248877,0.000000,23.000000,34.599669,False,True,False,False,False,False
0,12400,80510.000000,97548.000000,1.000000,0.000000,0.000000,74.404263,1.000000,19.000000,36.457350,True,False,False,True,False,False
1,5000,40000.000000,70500.000000,0.400000,0.000000,0.000000,61.766667,2.000000,8.000000,34.818262,True,False,False,False,False,False
0,15000,89165.000000,106392.000000,12.000000,0.000000,2.000000,166.085018,0.000000,17.000000,35.033103,False,False,False,False,True,False
0,16100,47198.000000,79384.000000,1.000000,0.000000,1.000000,297.482505,1.000000,9.000000,36.736114,False,False,True,False,False,False
1,20000,70862.000000,201500.000000,9.300000,0.000000,1.000000,290.166706,1.000000,25.000000,34.818262,False,False,False,False,False,False
1,8800,50000.000000,68000.000000,19.000000,0.000000,0.000000,108.900000,0.000000,16.000000,34.818262,False,False,True,False,False,False
0,15000,135442.000000,175900.000000,11.000000,0.000000,0.000000,247.566667,0.000000,21.000000,34.818262,False,False,False,False,False,False
1,16800,16204.000000,27781.000000,1.000000,10.000000,0.000000,190.577097,0.000000,9.000000,27.146886,True,False,True,False,False,False
0,14700,76888.000000,96552.000000,9.000000,2.000000,0.000000,189.563906,0.000000,30.000000,29.417709,False,False,False,True,False,False
0,46700,65019.000000,81114.000000,10.000000,0.000000,0.000000,295.734392,0.000000,12.000000,33.415153,True,True,False,False,False,False
0,18400,62300.000000,95869.000000,2.000000,0.000000,0.000000,172.759123,1.000000,31.000000,35.189447,False,False,True,False,False,False
0,16500,67619.000000,93500.000000,8.000000,0.000000,0.000000,82.166667,0.000000,16.000000,34.818262,True,False,False,True,False,False
0,12300,52622.000000,64407.000000,0.000000,0.000000,0.000000,191.077425,1.000000,13.000000,26.203067,False,False,True,False,False,False
0,41600,65019.000000,53078.000000,7.000000,6.000000,0.000000,108.870117,1.000000,20.000000,26.989440,False,False,True,False,False,False
1,24700,79347.000000,108238.000000,0.000000,1.000000,0.000000,45.625888,6.000000,49.000000,46.996034,False,False,True,False,False,False
0,23400,97865.000000,120172.000000,2.000000,0.000000,0.000000,200.575752,1.000000,26.000000,36.398729,False,False,False,False,False,True
0,26600,49610.000000,78355.000000,23.000000,0.000000,0.000000,278.603564,0.000000,30.000000,39.529904,False,False,True,False,False,False
0,16700,53423.000000,85685.000000,5.000000,0.000000,0.000000,109.429428,0.000000,12.000000,28.160611,True,False,False,True,False,False
0,6100,65019.000000,35250.000000,7.000000,0.000000,0.000000,303.000000,1.000000,12.000000,34.818262,True,False,True,False,False,False
0,20100,45764.000000,79967.000000,7.000000,0.000000,0.000000,173.466667,1.000000,20.000000,38.647728,False,False,True,False,False,False
0,39800,129611.000000,191175.000000,7.000000,0.000000,0.000000,183.799216,0.000000,25.000000,35.552486,False,False,False,False,False,False
0,17500,51102.000000,69532.000000,5.000000,0.000000,0.000000,108.316080,2.000000,49.000000,31.495946,False,False,True,False,False,False
0,13000,110097.000000,210595.000000,3.000000,0.000000,0.000000,122.638700,0.000000,15.000000,29.327514,True,False,False,True,False,False
0,9000,55367.000000,79819.000000,5.000000,0.000000,0.000000,101.281185,1.000000,15.000000,27.189213,False,True,False,False,False,False
0,10100,93085.000000,110069.000000,13.000000,0.000000,0.000000,206.799179,3.000000,16.000000,40.569897,False,False,True,False,False,False
0,26400,196412.000000,250164.000000,9.000000,0.000000,0.000000,97.278349,1.000000,26.000000,42.334246,False,False,True,False,False,False
0,16200,62258.000000,92595.000000,2.000000,0.000000,0.000000,177.854220,0.000000,25.000000,22.219600,False,True,False,False,False,False
0,18900,39727.000000,68477.000000,11.000000,0.000000,2.000000,134.279842,0.000000,22.000000,40.421200,False,True,False,False,False,False
1,15000,29000.000000,105000.000000,7.000000,0.000000,4.000000,97.666667,1.000000,8.000000,34.818262,True,False,True,False,False,False
0,23700,138632.000000,186585.000000,20.000000,0.000000,0.000000,225.897726,0.000000,24.000000,42.766830,False,False,False,True,False,False
1,6900,5816.000000,89235.500000,23.000000,0.000000,2.000000,67.800000,1.000000,18.000000,34.818262,True,False,False,False,False,False
0,18100,62783.000000,86066.000000,0.000000,0.000000,0.000000,293.358587,2.000000,15.000000,43.617714,False,False,True,False,False,False
0,35100,88197.000000,132776.000000,30.000000,0.000000,0.000000,333.046312,0.000000,20.000000,39.294721,False,False,False,False,False,False
1,18800,63836.000000,87000.000000,8.000000,2.000000,1.000000,110.566667,2.000000,33.000000,34.818262,False,False,True,False,False,False
0,10300,79243.000000,89840.000000,16.000000,0.000000,0.000000,87.825346,0.000000,9.000000,24.479373,False,True,False,False,False,False
1,13300,58000.000000,75000.000000,6.600000,0.000000,1.000000,226.200000,1.000000,33.000000,34.818262,False,False,False,False,False,False
0,7400,56596.000000,72861.000000,3.000000,0.000000,1.000000,141.962149,0.000000,23.000000,28.300246,True,False,False,False,False,False
0,19200,24430.000000,128837.000000,9.000000,0.000000,0.000000,355.798412,1.000000,10.000000,41.147749,False,False,True,False,False,False
1,38000,106000.000000,160000.000000,24.000000,0.000000,6.000000,240.466667,0.000000,33.000000,34.818262,False,False,True,False,False,False
1,12800,54151.000000,83828.000000,13.000000,0.000000,0.000000,132.160270,0.000000,16.000000,23.477426,False,False,True,False,False,False
0,26500,240782.000000,267675.000000,6.000000,0.000000,0.000000,229.307026,1.000000,50.000000,37.740919,True,False,False,False,False,True
0,23000,72681.000000,105405.000000,0.000000,0.000000,0.000000,230.075064,4.000000,23.000000,43.519093,False,False,False,False,False,False
0,18100,73356.000000,86885.000000,10.000000,0.000000,0.000000,73.746711,3.000000,12.000000,31.571019,False,False,True,False,False,False
0,19700,60999.000000,89841.000000,0.000000,0.000000,0.000000,82.103881,0.000000,22.000000,36.279990,False,True,False,False,False,False
0,15200,69320.000000,89644.000000,11.000000,0.000000,0.000000,91.743482,2.000000,11.000000,31.114930,False,False,True,False,False,False
0,28900,225000.000000,285000.000000,15.000000,0.000000,1.000000,258.733333,2.000000,26.000000,34.818262,False,False,False,True,False,False
0,15900,49516.000000,105352.000000,0.000000,0.000000,2.000000,54.437326,0.000000,9.000000,40.270608,True,False,True,False,False,False
0,89900,48811.000000,88934.000000,15.000000,0.000000,0.000000,219.601002,0.000000,16.000000,34.571519,False,False,True,False,False,False
0,22300,60513.000000,111713.000000,15.000000,0.000000,3.000000,291.618720,1.000000,35.000000,27.705171,False,False,False,True,False,False
0,7000,58128.000000,93740.000000,5.000000,0.000000,0.000000,213.363028,2.000000,24.000000,34.475302,True,False,False,True,False,False
1,40000,76769.000000,129000.000000,30.000000,0.000000,0.000000,286.300000,2.000000,35.000000,34.818262,False,False,False,False,True,False
0,21300,98507.000000,125539.000000,0.000000,0.000000,1.000000,311.325704,0.000000,19.000000,42.227215,True,False,False,False,False,False
0,8100,50373.000000,65865.000000,5.000000,0.000000,0.000000,99.598170,2.000000,11.000000,38.910151,False,True,False,False,False,False
0,12700,204038.000000,230920.000000,10.000000,0.000000,0.000000,242.912893,0.000000,22.000000,29.801627,True,False,False,True,False,False
0,17000,86000.000000,119600.000000,12.000000,0.000000,0.000000,137.466667,1.000000,25.000000,34.818262,False,False,False,True,False,False
0,12600,83921.000000,90876.000000,3.000000,0.000000,0.000000,106.937397,1.000000,32.000000,41.473001,False,False,True,False,False,False
0,16600,28694.000000,44165.000000,20.000000,0.000000,1.000000,206.717651,2.000000,16.000000,30.639023,False,False,False,True,False,False
0,19300,76807.000000,103026.000000,13.000000,0.000000,0.000000,169.248753,0.000000,27.000000,34.876359,True,False,False,False,False,False
0,11800,98877.000000,110250.000000,18.000000,0.000000,2.000000,195.862917,1.000000,16.000000,36.871699,False,False,True,False,False,False
1,14600,124000.000000,168000.000000,4.000000,0.000000,0.000000,146.866667,2.000000,29.000000,34.818262,False,False,False,True,False,False
1,18600,51936.000000,75278.000000,3.000000,0.000000,0.000000,199.801754,0.000000,21.000000,36.995646,False,False,False,True,False,False
0,27100,65019.000000,31681.000000,23.000000,0.000000,0.000000,92.514030,2.000000,15.000000,29.741909,True,False,True,False,False,False
0,46300,120636.000000,178823.000000,11.000000,0.000000,0.000000,188.043619,0.000000,3.000000,40.915141,False,False,False,False,False,True
0,13300,64002.000000,88174.000000,3.000000,0.000000,0.000000,157.916990,1.000000,34.000000,29.798231,False,False,True,False,False,False
0,14600,82698.000000,104963.000000,30.000000,0.000000,1.000000,344.282020,1.000000,50.000000,33.974281,False,True,False,False,False,False
0,5000,65019.000000,26550.000000,1.700000,0.000000,0.000000,276.966667,1.000000,14.000000,34.818262,False,False,True,False,False,False
0,13300,81944.000000,108768.000000,5.000000,0.000000,0.000000,81.106799,1.000000,13.000000,33.869642,False,False,True,False,False,False
0,14400,100487.000000,118911.000000,11.000000,0.000000,0.000000,179.341027,0.000000,27.000000,35.852864,False,False,True,False,False,False
0,17000,66894.000000,75360.000000,8.000000,0.000000,0.000000,173.466667,1.000000,20.000000,25.260099,False,False,True,False,False,False
0,50100,48370.000000,106233.000000,8.000000,0.000000,0.000000,193.650905,3.000000,36.000000,39.935344,True,False,False,False,False,True
0,51400,65019.000000,79910.000000,13.000000,1.000000,0.000000,169.912168,0.000000,21.000000,26.251798,True,False,False,False,False,True
1,6500,65000.000000,80400.000000,15.000000,0.000000,0.000000,224.866667,0.000000,13.000000,34.818262,False,False,True,False,False,False
0,26400,73679.000000,98614.000000,10.000000,0.000000,0.000000,151.628704,0.000000,20.000000,38.159623,False,True,False,False,False,False
0,7500,40936.000000,50900.000000,10.000000,1.000000,0.000000,115.600000,1.000000,26.000000,34.818262,False,False,True,False,False,False
0,24800,65019.000000,45167.000000,7.000000,0.000000,0.000000,84.735618,1.000000,12.000000,28.457019,False,False,True,False,False,False
0,6200,70793.000000,71552.000000,3.000000,2.000000,0.000000,162.945157,0.000000,23.000000,40.315397,True,False,False,False,True,False
0,12900,88304.000000,122178.000000,10.000000,0.000000,0.000000,223.454855,0.000000,12.000000,41.429959,False,True,False,False,False,False
0,21400,41671.000000,103427.000000,6.000000,0.000000,0.000000,122.153344,0.000000,15.000000,31.614680,True,False,True,False,False,False
0,5300,97132.000000,117343.000000,22.000000,0.000000,0.000000,109.933908,1.000000,11.000000,35.838543,True,True,False,False,False,False
1,20800,70758.000000,89235.500000,0.000000,4.000000,2.000000,107.533333,3.000000,19.000000,34.818262,False,False,True,False,False,False
0,13000,65019.000000,72175.000000,7.000000,0.000000,0.000000,367.940025,0.000000,6.000000,36.561140,True,False,True,False,False,False
0,13500,42000.000000,62800.000000,6.000000,0.000000,0.000000,153.166667,2.000000,12.000000,34.818262,False,False,False,True,False,False
1,25000,104000.000000,188500.000000,0.700000,0.000000,11.000000,194.800000,1.000000,14.000000,34.818262,False,False,True,False,False,False
0,12000,65019.000000,63000.000000,0.000000,0.000000,0.000000,173.466667,0.000000,0.000000,34.818262,False,False,True,False,False,False
0,6300,26655.000000,29792.000000,1.000000,1.000000,0.000000,12.759267,10.000000,6.000000,28.361852,False,False,True,False,False,False
0,8300,47000.000000,78320.000000,18.000000,0.000000,0.000000,195.833333,1.000000,17.000000,34.818262,True,False,True,False,False,False
0,22800,96495.000000,122362.000000,8.000000,0.000000,0.000000,120.979292,2.000000,24.000000,29.809835,True,False,False,False,False,False
0,12500,37562.000000,57081.000000,22.000000,0.000000,1.000000,129.486844,0.000000,23.000000,39.083002,True,False,True,False,False,False
0,35600,116080.000000,163905.000000,7.000000,0.000000,0.000000,252.371037,3.000000,14.000000,34.627752,False,False,True,False,False,False
0,8600,65019.000000,51703.000000,7.000000,0.000000,0.000000,173.466667,1.000000,20.000000,12.105144,False,False,True,False,False,False
0,25900,61064.000000,94714.000000,2.000000,0.000000,0.000000,98.809375,0.000000,23.000000,34.565944,False,True,False,False,False,False
0,13400,78465.000000,97506.000000,5.000000,3.000000,0.000000,71.443665,1.000000,21.000000,24.470300,False,False,True,False,False,False
0,13400,65019.000000,33664.000000,13.000000,0.000000,0.000000,108.217009,2.000000,8.000000,31.613930,False,False,True,False,False,False
0,22600,131098.000000,176119.000000,26.000000,0.000000,5.000000,339.677018,1.000000,28.000000,33.057560,False,False,False,False,False,False
0,15300,59083.000000,96073.000000,8.000000,0.000000,0.000000,194.005487,0.000000,19.000000,20.487980,False,False,False,True,False,False
0,21300,107012.000000,159949.000000,15.000000,0.000000,0.000000,166.082983,0.000000,26.000000,33.355383,False,False,False,False,False,False
0,14700,106417.000000,123580.000000,9.000000,0.000000,0.000000,166.496065,3.000000,31.000000,29.316710,True,False,False,True,False,False
1,20000,107000.000000,146400.000000,0.100000,0.000000,2.000000,234.333333,2.000000,32.000000,34.818262,False,True,False,False,False,False
0,16100,65019.000000,29725.000000,11.000000,0.000000,0.000000,85.951530,2.000000,8.000000,33.496047,False,False,True,False,False,False
1,14500,149000.000000,89235.500000,25.000000,0.000000,2.000000,384.500000,0.000000,71.000000,34.818262,False,False,False,True,False,False
0,24000,59300.000000,88000.000000,16.000000,0.000000,0.000000,97.933333,1.000000,17.000000,34.818262,False,False,True,False,False,False
1,6500,183860.000000,208910.000000,4.000000,6.000000,0.000000,86.452227,6.000000,29.000000,69.800525,False,False,False,True,False,False
0,41700,12375.000000,71029.000000,7.000000,0.000000,0.000000,325.284193,0.000000,19.000000,16.101434,True,True,False,False,False,False
0,24400,119111.000000,154860.000000,3.000000,0.000000,0.000000,296.930390,0.000000,25.000000,38.493133,False,False,False,False,False,False
0,12800,42801.000000,51123.000000,23.000000,0.000000,1.000000,127.839662,0.000000,22.000000,39.389595,True,False,True,False,False,False
0,17800,100277.000000,163702.000000,7.000000,1.000000,0.000000,256.854471,1.000000,24.000000,36.354036,False,False,True,False,False,False
1,5500,24700.000000,35675.000000,1.000000,0.000000,3.000000,153.933333,3.000000,27.000000,34.818262,False,False,True,False,False,False
0,12200,86775.000000,111572.000000,0.000000,1.000000,1.000000,138.610080,1.000000,33.000000,34.351808,False,False,False,True,False,False
0,26600,61151.000000,97072.000000,16.000000,0.000000,1.000000,133.448110,0.000000,29.000000,39.229712,False,False,True,False,False,False
1,19300,27747.000000,43740.000000,7.000000,1.000000,0.000000,167.657981,1.000000,16.000000,35.086071,False,True,False,False,False,False
0,31500,49020.000000,100700.000000,4.000000,0.000000,0.000000,169.689039,1.000000,25.000000,36.034645,False,True,False,False,False,False
0,20900,65019.000000,73849.000000,7.000000,0.000000,0.000000,124.955998,1.000000,5.000000,18.481294,True,True,False,False,False,False
0,22500,76493.000000,105545.000000,7.000000,1.000000,1.000000,235.541776,2.000000,13.000000,43.061669,False,False,True,False,False,False
0,15800,89765.000000,111792.000000,1.000000,0.000000,2.000000,143.355531,1.000000,34.000000,33.058835,False,False,False,True,False,False
0,10200,38223.000000,60728.000000,7.000000,0.000000,0.000000,173.466667,1.000000,20.000000,35.347854,False,False,False,False,False,False
0,19300,33970.000000,102792.000000,6.000000,0.000000,0.000000,145.020245,0.000000,14.000000,31.874217,True,False,True,False,False,False
0,16300,34297.000000,42629.000000,9.000000,0.000000,0.000000,80.489238,2.000000,11.000000,30.284773,True,False,True,False,False,False
0,10600,43676.000000,61576.000000,6.000000,0.000000,0.000000,84.839126,1.000000,10.000000,30.868138,False,False,True,False,False,False
0,17400,11147.000000,166496.000000,23.000000,0.000000,0.000000,73.467518,1.000000,19.000000,29.531664,True,False,False,False,False,False
0,19400,53000.000000,82800.000000,18.000000,0.000000,0.000000,206.966667,1.000000,22.000000,34.818262,False,False,True,False,False,False
0,23200,131804.000000,171144.000000,6.000000,0.000000,0.000000,197.768728,0.000000,37.000000,19.778852,False,False,False,True,False,False
0,19700,49793.000000,113200.000000,16.000000,0.000000,0.000000,251.104198,0.000000,19.000000,25.033746,False,False,False,True,False,False
0,12000,72786.000000,84595.000000,4.000000,2.000000,2.000000,198.769325,3.000000,30.000000,38.090209,False,True,False,False,False,False
0,30000,12223.000000,35875.060000,28.500000,0.000000,0.000000,199.833333,0.000000,15.000000,34.818262,False,False,True,False,False,False
0,23800,76390.000000,110315.000000,7.000000,0.000000,0.000000,275.955356,2.000000,29.000000,29.713601,False,False,False,False,False,False
0,42200,21427.000000,61457.000000,19.000000,0.000000,0.000000,183.481812,1.000000,30.000000,39.864739,False,False,True,False,False,False
0,48000,41392.000000,106075.000000,8.000000,0.000000,0.000000,203.088821,2.000000,35.000000,38.633827,True,False,False,False,False,True
0,18800,7739.000000,65181.000000,0.000000,0.000000,0.000000,315.230898,0.000000,6.000000,37.983558,False,False,False,False,True,False
0,22600,72522.000000,91587.000000,2.000000,0.000000,0.000000,99.000468,2.000000,30.000000,35.262114,False,False,True,False,False,False
0,24300,70912.000000,98353.000000,9.000000,1.000000,0.000000,126.243597,3.000000,26.000000,36.372531,False,False,False,True,False,False
0,18200,34593.000000,56658.000000,15.000000,0.000000,0.000000,126.048010,1.000000,18.000000,36.926635,False,False,True,False,False,False
0,15200,71233.000000,84439.000000,1.000000,0.000000,0.000000,242.983321,2.000000,26.000000,32.210050,False,False,True,False,False,False
0,4900,170986.000000,245300.000000,7.000000,0.000000,0.000000,131.933333,0.000000,22.000000,34.818262,False,False,False,False,True,False
0,3600,83700.000000,111800.000000,6.000000,0.000000,0.000000,192.733333,1.000000,28.000000,34.818262,True,False,False,True,False,False
0,16700,62933.000000,95498.000000,0.000000,0.000000,1.000000,161.660994,0.000000,25.000000,24.262568,False,True,False,False,False,False
0,22400,47687.000000,65704.000000,6.000000,0.000000,0.000000,174.557897,2.000000,27.000000,36.219768,False,True,False,False,False,False
0,34600,143542.000000,195327.000000,23.000000,0.000000,0.000000,174.635349,1.000000,22.000000,37.447384,False,False,False,True,False,False
0,89800,50370.000000,91861.000000,14.000000,0.000000,0.000000,213.892709,0.000000,16.000000,34.340882,False,False,True,False,False,False
0,8000,57361.000000,71167.000000,2.000000,0.000000,1.000000,130.767035,0.000000,22.000000,29.381985,True,False,False,False,False,False
0,13700,94650.000000,109650.000000,3.500000,0.000000,1.000000,268.833333,1.000000,34.000000,34.818262,False,True,False,False,False,False
0,17300,32736.000000,49100.000000,4.000000,0.000000,0.000000,262.948438,0.000000,34.000000,38.563081,False,False,False,True,False,False
0,12500,157312.000000,181050.000000,7.000000,0.000000,0.000000,209.706737,4.000000,25.000000,40.905620,False,False,False,True,False,False
0,12000,87000.000000,113850.000000,11.000000,0.000000,0.000000,216.133333,0.000000,12.000000,34.818262,False,True,False,False,False,False
0,15000,65584.000000,92582.000000,10.000000,0.000000,0.000000,82.948973,2.000000,10.000000,34.317241,False,False,True,False,False,False
0,23900,87884.000000,116559.000000,23.000000,0.000000,0.000000,314.394493,0.000000,42.000000,37.988132,False,False,False,False,False,False
0,29700,100657.000000,148653.000000,14.000000,0.000000,0.000000,221.925311,0.000000,40.000000,42.302907,False,False,True,False,False,False
0,12800,48437.000000,65311.000000,0.000000,1.000000,0.000000,260.555236,0.000000,21.000000,29.516290,False,False,True,False,False,False
0,21400,143151.000000,185014.000000,7.000000,0.000000,0.000000,314.984287,0.000000,17.000000,43.103002,True,False,False,False,False,False
0,9800,79405.000000,111563.000000,0.000000,0.000000,0.000000,240.942994,1.000000,38.000000,19.332810,False,True,False,False,False,False
0,12700,61840.000000,73541.000000,1.000000,0.000000,0.000000,157.892447,2.000000,35.000000,41.651692,False,False,False,True,False,False
0,21100,55863.000000,81406.000000,10.000000,1.000000,0.000000,74.576427,2.000000,27.000000,36.760276,False,False,False,False,False,False
0,60000,38944.000000,69961.000000,2.000000,0.000000,0.000000,96.693929,0.000000,20.000000,28.385501,False,False,True,False,False,False
0,19000,167104.000000,200184.000000,9.000000,0.000000,0.000000,256.648344,0.000000,38.000000,23.668678,False,False,False,True,False,False
0,33500,37843.000000,80771.000000,10.000000,0.000000,0.000000,107.997111,1.000000,23.000000,33.962331,False,False,True,False,False,False
0,10000,63218.000000,76500.000000,5.000000,2.000000,3.000000,183.666667,3.000000,30.000000,34.818262,False,True,False,False,False,False
0,10700,49573.000000,68125.000000,2.000000,0.000000,0.000000,223.200000,0.000000,10.000000,34.818262,False,False,True,False,False,False
0,16800,73280.000000,103067.000000,1.000000,0.000000,0.000000,140.362134,0.000000,17.000000,34.002295,False,False,True,False,False,False
1,7300,60971.320000,77375.000000,2.000000,0.000000,0.000000,173.466667,1.000000,20.000000,34.818262,False,False,True,False,False,False
0,15200,41049.000000,50892.000000,1.000000,0.000000,0.000000,276.167358,1.000000,34.000000,38.379834,False,False,False,True,False,False
1,2300,28192.000000,40150.000000,4.500000,0.000000,0.000000,54.600000,1.000000,16.000000,34.818262,True,False,True,False,False,False
0,18600,132785.000000,155644.000000,7.000000,0.000000,0.000000,225.727506,0.000000,20.000000,37.328574,False,False,False,False,False,False
1,18000,48724.000000,72654.000000,7.000000,0.000000,0.000000,62.088606,0.000000,4.000000,31.570299,False,False,True,False,False,False
0,12300,112373.000000,136202.000000,16.000000,0.000000,1.000000,179.882973,0.000000,32.000000,30.488268,False,False,False,True,False,False
0,9300,65019.000000,57650.000000,11.000000,1.000000,0.000000,308.339440,2.000000,13.000000,31.553835,True,False,True,False,False,False
0,13900,85358.000000,101401.000000,0.000000,0.000000,0.000000,145.794106,0.000000,22.000000,40.114411,False,False,True,False,False,False
0,32200,188427.000000,293790.000000,27.000000,0.000000,0.000000,157.726291,0.000000,23.000000,37.065759,False,False,True,False,False,False
0,14100,36309.000000,53321.000000,8.000000,0.000000,0.000000,110.206351,1.000000,10.000000,19.187914,True,False,True,False,False,False
1,10000,84000.000000,132965.000000,30.000000,0.000000,0.000000,325.633333,1.000000,24.000000,34.818262,False,False,False,False,True,False
0,26700,18590.000000,53462.000000,25.000000,0.000000,0.000000,111.995571,1.000000,11.000000,22.959807,False,False,True,False,False,False
0,50000,65019.000000,82200.000000,7.000000,0.000000,0.000000,342.866667,0.000000,7.000000,34.818262,True,False,True,False,False,False
1,20500,85884.000000,103546.000000,5.000000,9.000000,0.000000,39.985830,5.000000,16.000000,34.068269,False,False,True,False,False,False
0,11300,54984.000000,63958.000000,4.000000,0.000000,0.000000,190.920930,1.000000,16.000000,28.086855,False,False,False,False,False,False
1,21600,144276.000000,190797.000000,0.000000,1.000000,4.000000,313.427322,2.000000,18.000000,37.971355,False,False,False,False,False,False
1,12000,48786.000000,89800.000000,29.900000,0.000000,5.000000,220.133333,1.000000,16.000000,34.818262,True,False,False,True,False,False
0,36300,142395.000000,195120.000000,22.000000,0.000000,0.000000,185.359372,0.000000,22.000000,38.355095,False,False,False,True,False,False
0,18200,13925.000000,94898.000000,22.000000,0.000000,0.000000,223.901918,2.000000,41.000000,35.998225,False,False,True,False,False,False
0,35200,234682.000000,37079.000000,2.000000,0.000000,1.000000,216.666637,2.000000,50.000000,40.410051,False,False,False,False,False,False
0,10200,34522.000000,43076.000000,9.000000,0.000000,0.000000,92.907548,0.000000,3.000000,36.845357,True,False,True,False,False,False
0,65800,70095.000000,142922.000000,10.000000,0.000000,0.000000,113.069824,0.000000,12.000000,39.918790,True,True,False,False,False,False
0,30400,55429.000000,103948.000000,3.000000,0.000000,0.000000,182.484164,1.000000,25.000000,35.150981,False,True,False,False,False,False
0,12800,54546.000000,62906.000000,3.000000,0.000000,0.000000,175.519875,1.000000,16.000000,28.648186,False,False,False,False,False,False
0,15100,49533.000000,63607.000000,2.000000,0.000000,0.000000,180.523293,0.000000,14.000000,36.377183,False,False,True,False,False,False
0,9900,47865.000000,88105.000000,18.000000,0.000000,0.000000,203.023991,0.000000,17.000000,34.553305,True,False,True,False,False,False
0,10100,87942.000000,106000.000000,13.000000,0.000000,0.000000,219.385278,2.000000,16.000000,40.751648,False,False,True,False,False,False
0,47100,48062.000000,107824.000000,9.000000,0.000000,0.000000,203.686698,2.000000,35.000000,41.526317,True,False,False,False,False,True
0,24300,65019.000000,60628.000000,23.000000,0.000000,0.000000,145.292736,0.000000,9.000000,22.984819,False,False,True,False,False,False
0,8300,59761.000000,75081.000000,17.000000,0.000000,0.000000,147.941642,1.000000,11.000000,31.959227,False,False,True,False,False,False
0,17600,61093.000000,97551.000000,0.000000,0.000000,0.000000,75.060829,0.000000,22.000000,35.562993,False,True,False,False,False,False
0,20200,61477.000000,98143.000000,1.000000,0.000000,0.000000,156.929089,0.000000,21.000000,36.099868,False,True,False,False,False,False
1,15000,65019.000000,26100.000000,1.600000,0.000000,1.000000,105.466667,17.000000,20.000000,34.818262,False,False,True,False,False,False
0,25300,60084.000000,88898.000000,7.000000,0.000000,0.000000,227.086924,0.000000,19.000000,36.444431,False,False,True,False,False,False
0,7000,58339.000000,72432.000000,10.000000,0.000000,1.000000,197.338398,0.000000,24.000000,39.843087,True,False,False,False,False,False
0,5300,65019.000000,49396.000000,0.000000,0.000000,0.000000,173.466667,0.000000,0.000000,12.043671,True,False,True,False,False,False
0,13200,69697.000000,91722.000000,24.000000,1.000000,0.000000,183.523729,1.000000,14.000000,39.752172,True,True,False,False,False,False
0,6800,76074.000000,88178.000000,22.000000,0.000000,0.000000,341.465056,0.000000,46.000000,27.523246,True,False,True,False,False,False
0,16600,57094.000000,94944.000000,9.000000,0.000000,0.000000,173.466667,0.000000,15.000000,24.023048,False,False,False,True,False,False
1,20000,104000.000000,139900.000000,15.000000,1.000000,1.000000,95.366667,4.000000,49.000000,34.818262,False,False,True,False,False,False
0,26400,44333.000000,68945.000000,18.000000,0.000000,0.000000,173.495392,2.000000,21.000000,32.349412,False,True,False,False,False,False
0,20100,84965.000000,110676.000000,18.000000,0.000000,0.000000,244.029730,5.000000,30.000000,38.627830,False,False,False,False,False,False
0,30600,78355.000000,124426.000000,11.000000,0.000000,0.000000,81.223398,1.000000,34.000000,25.942578,False,False,False,False,False,False
0,16700,62933.000000,91790.000000,2.000000,0.000000,0.000000,185.372462,0.000000,31.000000,35.257271,False,False,True,False,False,False
0,4900,65019.000000,28437.500000,7.000000,0.000000,0.000000,173.466667,1.000000,20.000000,34.818262,True,False,True,False,False,False
0,24500,123319.000000,159934.000000,2.000000,0.000000,0.000000,300.625190,0.000000,25.000000,37.786175,False,False,False,False,False,False
0,2900,103949.000000,112505.000000,1.000000,0.000000,0.000000,96.102330,0.000000,13.000000,30.051136,True,True,False,False,False,False
0,14900,36120.000000,57095.000000,4.000000,0.000000,0.000000,239.023675,1.000000,35.000000,38.171624,False,False,False,True,False,False
0,8000,65019.000000,49000.000000,11.000000,1.000000,0.000000,310.400000,2.000000,13.000000,34.818262,True,False,True,False,False,False
0,4800,67317.000000,97191.000000,3.000000,0.000000,0.000000,137.319725,0.000000,23.000000,34.275294,False,False,False,False,False,False
0,13800,65019.000000,43082.000000,0.000000,0.000000,0.000000,316.036244,0.000000,9.000000,26.166014,True,False,True,False,False,False
0,17900,62697.000000,89848.000000,7.000000,0.000000,0.000000,113.058897,0.000000,19.000000,24.072191,False,True,False,False,False,False
0,11900,56443.000000,86913.000000,12.000000,0.000000,0.000000,119.859410,0.000000,24.000000,38.861657,False,True,False,False,False,False
0,53000,180371.000000,256589.000000,4.000000,0.000000,0.000000,240.157802,1.000000,33.000000,36.477618,False,False,False,True,False,False
0,18800,22782.000000,60590.000000,8.000000,0.000000,0.000000,198.876395,0.000000,13.000000,30.329930,True,False,False,True,False,False
0,21500,135899.000000,186976.000000,18.000000,0.000000,0.000000,227.347486,1.000000,24.000000,42.660677,False,False,False,True,False,False
0,13400,94102.000000,114147.000000,2.000000,0.000000,0.000000,137.707783,0.000000,21.000000,36.801625,True,True,False,False,False,False
1,6700,65019.000000,20631.000000,4.000000,0.000000,0.000000,174.721834,1.000000,8.000000,62.246451,True,False,False,False,False,False
0,25100,58042.000000,98964.000000,16.000000,0.000000,1.000000,125.795864,0.000000,29.000000,38.372224,False,False,True,False,False,False
0,23000,213000.000000,280000.000000,7.000000,0.000000,5.000000,468.866667,1.000000,56.000000,34.818262,True,False,False,True,False,False
1,25000,90000.000000,128000.000000,10.000000,1.000000,1.000000,73.033333,5.000000,40.000000,34.818262,False,False,True,False,False,False
0,10600,64546.000000,84576.000000,0.000000,0.000000,0.000000,173.625284,1.000000,35.000000,28.971804,False,False,True,False,False,False
0,8900,58503.000000,74706.000000,6.000000,0.000000,0.000000,243.935996,1.000000,16.000000,36.793237,True,False,True,False,False,False
1,28000,28042.000000,63500.000000,14.000000,2.000000,4.000000,121.733333,4.000000,28.000000,34.818262,False,False,False,True,False,False
0,10300,65019.000000,50548.000000,5.000000,0.000000,0.000000,165.553199,1.000000,9.000000,23.886331,True,False,False,False,False,False
0,23800,74390.000000,186176.000000,10.000000,0.000000,0.000000,363.140192,1.000000,16.000000,30.270995,False,False,True,False,False,False
0,42800,7382.000000,71331.000000,7.000000,0.000000,0.000000,321.780857,0.000000,19.000000,16.545063,True,True,False,False,False,False
0,31000,37507.000000,71612.000000,10.000000,0.000000,0.000000,112.871444,1.000000,24.000000,31.784456,False,False,True,False,False,False
0,26000,58794.000000,91413.000000,5.000000,0.000000,0.000000,230.680231,0.000000,19.000000,37.996923,False,False,True,False,False,False
0,16600,102543.000000,119493.000000,3.000000,0.000000,0.000000,276.693185,0.000000,33.000000,29.284072,False,True,False,False,False,False
1,10000,122800.000000,151500.000000,2.000000,0.000000,0.000000,205.966667,1.000000,23.000000,34.818262,True,False,False,True,False,False
0,17700,17480.000000,41055.000000,1.000000,0.000000,0.000000,196.131939,0.000000,15.000000,37.923660,False,True,False,False,False,False
0,28700,107281.000000,155874.000000,10.000000,0.000000,0.000000,173.835836,0.000000,17.000000,32.740368,False,False,False,True,False,False
0,8100,46380.000000,58745.000000,7.000000,0.000000,0.000000,78.360088,0.000000,18.000000,22.375341,True,False,True,False,False,False
0,15600,89312.000000,110431.000000,2.000000,0.000000,0.000000,110.429950,1.000000,25.000000,39.212804,True,False,False,True,False,False
0,21900,61468.000000,87450.000000,5.000000,0.000000,0.000000,166.610817,1.000000,16.000000,38.201210,False,True,False,False,False,False
1,10000,86000.000000,111000.000000,6.500000,0.000000,1.000000,91.966667,3.000000,17.000000,34.818262,False,False,True,False,False,False
0,19200,57728.000000,96552.000000,0.000000,0.000000,0.000000,80.602363,0.000000,23.000000,37.508103,False,True,False,False,False,False
1,4000,17000.000000,52012.000000,22.000000,3.000000,1.000000,85.333333,1.000000,9.000000,34.818262,True,False,False,True,False,False
0,11000,14046.000000,34777.000000,5.000000,0.000000,0.000000,256.634152,0.000000,11.000000,22.447943,False,False,True,False,False,False
0,20400,52109.000000,100316.000000,0.000000,0.000000,4.000000,166.938200,0.000000,46.000000,35.526228,False,True,False,False,False,False
1,15500,82054.000000,104627.000000,3.000000,0.000000,0.000000,9.048515,1.000000,35.000000,60.645756,False,False,False,False,True,False
0,13000,66014.000000,85528.000000,4.000000,2.000000,3.000000,185.644994,2.000000,30.000000,39.418718,False,True,False,False,False,False
1,15000,65019.000000,27500.000000,11.000000,1.000000,1.000000,62.300000,2.000000,3.000000,34.818262,True,False,True,False,False,False
0,17900,68779.000000,98623.000000,1.000000,0.000000,0.000000,83.861641,0.000000,17.000000,26.405667,False,False,False,False,False,False
0,66500,64423.000000,143341.000000,9.000000,0.000000,0.000000,113.984447,0.000000,11.000000,39.821440,True,True,False,False,False,False
0,8700,51950.000000,67475.000000,4.500000,0.000000,1.000000,246.466667,2.000000,16.000000,34.818262,True,False,True,False,False,False
0,13500,116123.000000,145597.000000,3.000000,0.000000,0.000000,290.310775,0.000000,46.000000,34.699067,False,False,False,True,False,False
0,15500,28269.000000,52822.000000,9.000000,0.000000,0.000000,120.610921,1.000000,9.000000,18.182892,True,False,True,False,False,False
1,2000,65019.000000,62250.000000,16.000000,0.000000,0.000000,115.800000,0.000000,13.000000,34.818262,True,False,False,False,True,False
0,17800,13839.000000,171378.000000,23.000000,0.000000,0.000000,86.702625,2.000000,21.000000,31.359610,True,False,False,False,False,False
0,21700,93025.000000,140438.000000,5.000000,0.000000,0.000000,166.177658,0.000000,32.000000,32.775079,True,False,False,True,False,False
0,15000,26284.000000,40908.000000,20.000000,0.000000,1.000000,198.831204,1.000000,16.000000,32.012392,False,False,False,True,False,False
1,15900,101337.000000,89235.500000,4.000000,0.000000,0.000000,235.627402,0.000000,23.000000,20.723376,True,False,True,False,False,False
0,10800,56477.000000,94980.000000,17.000000,0.000000,0.000000,179.917363,0.000000,28.000000,25.210740,True,False,True,False,False,False
0,13000,77355.000000,114400.000000,7.000000,0.000000,0.000000,173.466667,1.000000,20.000000,34.818262,False,False,True,False,False,False
0,17000,125257.000000,161009.000000,3.000000,0.000000,0.000000,129.757800,1.000000,21.000000,27.637207,False,True,False,False,False,False
0,18000,62216.000000,85503.000000,3.000000,0.000000,0.000000,307.250701,2.000000,15.000000,41.439391,False,False,True,False,False,False
1,28000,86600.000000,127000.000000,6.500000,0.000000,4.000000,234.366667,5.000000,35.000000,34.818262,False,False,False,True,False,False
0,34900,121550.000000,174507.000000,17.000000,0.000000,0.000000,110.943110,1.000000,17.000000,30.699303,False,False,False,True,False,False
0,29500,48590.000000,81354.000000,0.000000,0.000000,0.000000,157.026326,3.000000,18.000000,40.170618,False,True,False,False,False,False
0,21600,70832.000000,96503.000000,13.000000,0.000000,0.000000,136.397142,0.000000,14.000000,37.580530,True,True,False,False,False,False
0,19900,68830.000000,107598.000000,10.000000,0.000000,0.000000,202.934195,2.000000,13.000000,30.957516,False,True,False,False,False,False
0,5900,82912.000000,91175.000000,2.000000,0.000000,0.000000,173.466667,1.000000,20.000000,27.595274,False,False,False,True,False,False
0,17100,59123.000000,94247.000000,0.000000,0.000000,0.000000,70.016360,0.000000,22.000000,37.195086,False,True,False,False,False,False
0,8500,77954.000000,82965.000000,25.000000,0.000000,0.000000,350.776304,1.000000,46.000000,28.584516,True,False,True,False,False,False
1,15300,78375.000000,108175.000000,6.000000,1.000000,0.000000,82.104836,0.000000,20.000000,22.503249,True,False,True,False,False,False
0,22400,81617.000000,125950.000000,9.000000,0.000000,0.000000,289.519699,1.000000,16.000000,35.513659,False,False,True,False,False,False
0,14100,51723.000000,77207.000000,21.000000,0.000000,0.000000,199.533048,0.000000,15.000000,25.092147,False,False,False,True,False,False
1,11000,45000.000000,63775.000000,14.000000,0.000000,0.000000,173.166667,0.000000,18.000000,34.818262,False,False,True,False,False,False
0,7400,73985.000000,114849.000000,0.000000,0.000000,0.000000,238.586303,1.000000,38.000000,18.421370,False,True,False,False,False,False
0,27400,99900.000000,143437.000000,21.000000,0.000000,0.000000,211.108277,0.000000,12.000000,39.110298,False,False,False,False,False,False
1,41800,147416.000000,227168.000000,2.000000,0.000000,4.000000,157.668236,3.000000,28.000000,34.818262,False,False,False,False,False,True
1,8500,29383.000000,45900.000000,8.000000,0.000000,0.000000,122.133333,0.000000,22.000000,34.818262,False,False,False,True,False,False
0,48900,33903.000000,68995.000000,6.000000,0.000000,0.000000,204.452117,1.000000,16.000000,30.999236,False,True,False,False,False,False
0,17700,36253.000000,57420.000000,3.000000,0.000000,0.000000,267.783509,1.000000,34.000000,37.934570,False,False,False,True,False,False
0,8100,78977.000000,91995.000000,19.000000,0.000000,0.000000,296.747095,1.000000,23.000000,38.820940,False,False,False,False,False,False
0,13600,66098.000000,76014.000000,12.000000,0.000000,0.000000,245.605696,1.000000,32.000000,43.396205,True,True,False,False,False,False
0,8100,69047.000000,82113.000000,3.000000,0.000000,0.000000,121.411149,0.000000,30.000000,35.073918,False,False,False,False,True,False
0,32200,16232.000000,60238.000000,0.000000,0.000000,0.000000,116.729745,1.000000,5.000000,37.999082,False,False,True,False,False,False
1,19000,105200.000000,130000.000000,5.000000,1.000000,0.000000,237.433333,1.000000,27.000000,34.818262,True,False,False,False,False,True
0,11900,71000.000000,87000.000000,20.000000,0.000000,0.000000,238.466667,11.000000,24.000000,34.818262,False,False,False,False,False,False
0,33900,13154.000000,62208.000000,1.000000,0.000000,0.000000,111.980657,1.000000,5.000000,37.466977,False,False,True,False,False,False
0,22300,65019.000000,22399.000000,5.000000,0.000000,0.000000,96.642687,1.000000,18.000000,22.196625,False,False,False,True,False,False
0,10400,64336.000000,77564.000000,4.000000,2.000000,3.000000,188.780076,2.000000,30.000000,39.699980,False,True,False,False,False,False
1,42000,140000.000000,89235.500000,25.000000,2.000000,1.000000,311.433333,1.000000,15.000000,34.818262,False,False,False,True,False,False
0,23500,146371.000000,179434.000000,6.000000,0.000000,0.000000,195.178145,4.000000,43.000000,39.945054,False,False,False,True,False,False
0,89200,54045.000000,92924.000000,15.000000,0.000000,0.000000,212.279697,0.000000,15.000000,35.556590,False,False,True,False,False,False
0,22400,69774.000000,107601.000000,2.000000,0.000000,0.000000,248.393237,5.000000,23.000000,40.962995,False,False,False,False,False,False
1,11900,63833.000000,89235.500000,3.000000,0.000000,0.000000,173.466667,1.000000,20.000000,40.932767,False,False,True,False,False,False
0,7300,55456.000000,86766.000000,6.000000,0.000000,0.000000,240.056771,2.000000,23.000000,31.724699,True,False,False,True,False,False
0,11300,66814.000000,82021.000000,4.000000,2.000000,3.000000,173.711839,3.000000,29.000000,38.556929,False,True,False,False,False,False
0,10600,46972.000000,80147.000000,12.000000,3.000000,0.000000,244.233530,2.000000,29.000000,32.656531,True,True,False,False,False,False
0,28900,102108.000000,147463.000000,19.000000,0.000000,0.000000,205.865895,0.000000,13.000000,41.654211,False,False,False,False,False,False
0,10900,22513.000000,52355.000000,1.000000,0.000000,0.000000,248.583409,0.000000,10.000000,39.204625,True,False,True,False,False,False
0,25700,63054.000000,104624.000000,15.000000,0.000000,1.000000,132.107117,0.000000,29.000000,40.205293,False,False,True,False,False,False
0,16900,116357.000000,209364.000000,4.000000,0.000000,0.000000,221.128555,0.000000,16.000000,27.900264,False,False,True,False,False,False
1,17000,54218.000000,75000.000000,5.000000,1.000000,0.000000,177.500000,6.000000,35.000000,34.818262,False,False,False,False,False,False
1,19400,86219.000000,126904.000000,0.000000,0.000000,0.000000,173.466667,0.000000,0.000000,34.480850,True,False,True,False,False,False
0,14000,27872.000000,48125.000000,10.000000,0.000000,0.000000,115.600000,1.000000,10.000000,34.818262,True,False,True,False,False,False
0,50400,53024.000000,65024.000000,12.000000,0.000000,0.000000,103.185762,1.000000,25.000000,40.867870,False,True,False,False,False,False
0,22300,52322.000000,102958.000000,2.000000,1.000000,4.000000,174.536412,0.000000,47.000000,36.853085,False,True,False,False,False,False
0,8800,51740.000000,60852.000000,23.000000,0.000000,0.000000,277.589589,3.000000,29.000000,39.885484,False,False,True,False,False,False
0,4500,65019.000000,49044.000000,0.000000,0.000000,0.000000,173.466667,0.000000,0.000000,11.652739,True,False,True,False,False,False
0,10600,82365.000000,100272.000000,3.000000,1.000000,0.000000,122.483594,0.000000,26.000000,33.651647,False,False,False,True,False,False
0,11700,59506.000000,85000.000000,3.000000,0.000000,0.000000,37.566667,2.000000,4.000000,34.818262,False,False,True,False,False,False
0,18800,102120.000000,165302.000000,7.000000,0.000000,0.000000,274.112926,1.000000,24.000000,40.105030,False,False,True,False,False,False
0,6500,55000.000000,88300.000000,29.000000,0.000000,0.000000,234.400000,1.000000,17.000000,34.818262,True,True,False,False,False,False
0,35000,197906.000000,265000.000000,4.000000,0.000000,0.000000,246.566667,0.000000,32.000000,34.818262,False,False,False,True,False,False
0,23000,68275.000000,89967.000000,8.000000,1.000000,0.000000,140.714415,4.000000,25.000000,33.694944,False,False,False,True,False,False
0,15600,105959.000000,121747.000000,0.000000,0.000000,0.000000,120.533131,2.000000,21.000000,39.294813,False,False,True,False,False,False
0,22500,40884.000000,76895.000000,8.000000,0.000000,0.000000,270.260197,0.000000,18.000000,39.954573,False,False,False,True,False,False
0,33200,140690.000000,195001.000000,21.000000,0.000000,0.000000,177.247554,0.000000,22.000000,38.981210,False,False,False,True,False,False
0,17100,19126.000000,88969.000000,21.000000,0.000000,0.000000,225.706288,2.000000,41.000000,38.896378,False,False,True,False,False,False
1,8800,12750.000000,89235.500000,23.000000,0.000000,0.000000,173.466667,1.000000,20.000000,34.818262,True,True,False,False,False,False
1,10000,59929.000000,89235.500000,5.000000,0.000000,0.000000,173.466667,1.000000,20.000000,34.818262,False,False,True,False,False,False
0,6000,65019.000000,43300.000000,7.000000,0.000000,0.000000,100.933333,1.000000,9.000000,34.818262,True,False,True,False,False,False
0,22800,65019.000000,74988.000000,2.000000,0.000000,0.000000,393.510472,0.000000,23.000000,24.050208,False,False,False,False,True,False
0,20100,36486.000000,46883.000000,3.000000,0.000000,0.000000,117.783379,1.000000,10.000000,24.851457,True,False,False,False,False,True
0,25900,152071.000000,185893.000000,0.000000,0.000000,0.000000,185.543512,0.000000,16.000000,40.642279,True,False,False,False,False,True
0,33700,12512.000000,42634.000000,28.000000,0.000000,0.000000,184.134954,0.000000,15.000000,42.482374,False,False,True,False,False,False
0,27000,65019.000000,38441.000000,8.000000,1.000000,0.000000,85.179503,1.000000,14.000000,23.691176,False,False,True,False,False,False
1,2400,50000.000000,73395.000000,5.000000,1.000000,0.000000,173.466667,1.000000,0.000000,34.818262,True,False,False,True,False,False
0,28900,135770.000000,188368.000000,0.000000,1.000000,0.000000,229.753222,2.000000,19.000000,40.631871,False,False,False,True,False,False
0,39300,27324.000000,73924.000000,6.000000,0.000000,0.000000,190.344575,1.000000,18.000000,25.053534,False,False,False,True,False,False
0,7400,48924.000000,86612.000000,4.000000,0.000000,0.000000,207.768414,4.000000,30.000000,29.937918,False,False,True,False,False,False
1,6500,60054.000000,70434.000000,1.000000,0.000000,0.000000,127.062702,2.000000,21.000000,37.800353,True,False,True,False,False,False
0,23900,140328.000000,183533.000000,8.000000,0.000000,0.000000,322.788114,0.000000,17.000000,45.413178,True,False,False,False,False,False
0,21300,133942.000000,282972.000000,3.000000,0.000000,0.000000,197.148191,0.000000,15.000000,30.545401,True,False,False,False,False,False
0,10900,65019.000000,66691.000000,7.000000,0.000000,0.000000,349.752362,0.000000,7.000000,34.343349,True,False,True,False,False,False
1,15700,149305.000000,89235.500000,25.000000,0.000000,2.000000,382.858836,0.000000,71.000000,38.228345,False,False,False,True,False,False
0,19300,146465.000000,192854.000000,13.000000,0.000000,0.000000,110.648807,1.000000,23.000000,29.975576,False,False,False,True,False,False
0,12000,88210.000000,114224.000000,8.000000,0.000000,0.000000,203.468979,1.000000,36.000000,41.572972,False,False,False,True,False,False
0,28400,112996.000000,175817.000000,17.000000,0.000000,0.000000,303.282055,1.000000,31.000000,36.289003,False,False,False,False,True,False
0,23100,93805.000000,135780.000000,5.000000,0.000000,0.000000,155.025382,0.000000,31.000000,34.644922,True,False,False,True,False,False
0,13000,53951.000000,70095.000000,28.000000,0.000000,3.000000,212.386924,1.000000,24.000000,36.728744,True,False,True,False,False,False
0,10800,89139.000000,122571.000000,8.000000,0.000000,0.000000,173.466667,1.000000,20.000000,40.780527,True,False,True,False,False,False
0,11400,56789.000000,74016.000000,7.000000,0.000000,0.000000,127.625475,0.000000,16.000000,33.027144,True,False,True,False,False,False
0,31700,72809.000000,109678.000000,5.000000,0.000000,0.000000,117.473921,10.000000,21.000000,41.512836,True,False,True,False,False,False
1,23800,55753.000000,87971.000000,1.000000,0.000000,0.000000,56.667099,0.000000,13.000000,64.775728,True,False,True,False,False,False
0,11400,66491.000000,89553.000000,4.000000,0.000000,0.000000,212.783283,0.000000,16.000000,31.120133,False,False,True,False,False,False
0,20800,96994.000000,140564.000000,13.000000,0.000000,0.000000,169.687157,1.000000,25.000000,33.525064,False,False,False,False,False,False
1,7000,19894.000000,32500.000000,4.000000,0.000000,0.000000,134.700000,1.000000,16.000000,34.818262,False,False,True,False,False,False
0,5400,53429.000000,64505.000000,5.000000,0.000000,0.000000,69.542430,1.000000,16.000000,36.480236,False,False,True,False,False,False
0,9700,5801.000000,58305.000000,8.000000,2.000000,1.000000,352.966667,1.000000,22.000000,34.818262,True,False,True,False,False,False
0,13000,65019.000000,25552.000000,28.000000,0.000000,0.000000,198.072806,0.000000,5.000000,25.507820,True,False,True,False,False,False
1,50000,106000.000000,89235.500000,0.800000,0.000000,2.000000,252.633333,3.000000,32.000000,34.818262,False,False,False,False,False,False
0,20100,72775.000000,102308.000000,8.000000,0.000000,0.000000,206.478845,2.000000,13.000000,32.782971,False,True,False,False,False,False
0,16100,76981.000000,106014.000000,0.000000,0.000000,0.000000,269.342629,1.000000,21.000000,39.799112,False,False,False,True,False,False
0,25400,61771.000000,105880.000000,17.000000,0.000000,1.000000,130.150423,0.000000,29.000000,37.195249,False,False,True,False,False,False
0,12700,79448.000000,91004.000000,20.000000,0.000000,0.000000,227.507390,10.000000,23.000000,34.464302,False,False,False,False,False,False
0,17800,56956.000000,74305.000000,0.000000,0.000000,0.000000,187.183329,0.000000,24.000000,31.817472,False,True,False,False,False,False
0,9500,41541.000000,57280.000000,6.000000,0.000000,0.000000,69.229369,1.000000,10.000000,29.160127,False,False,True,False,False,False
0,26800,149729.000000,183027.000000,7.000000,0.000000,0.000000,331.256557,0.000000,34.000000,37.000883,False,False,False,True,False,False
0,26700,65019.000000,120179.000000,8.000000,0.000000,0.000000,162.125820,0.000000,27.000000,35.095520,False,False,False,False,False,False
0,16100,45973.000000,64430.000000,3.000000,0.000000,0.000000,117.073753,0.000000,17.000000,33.824716,True,True,False,False,False,False
0,17000,98451.000000,138012.000000,3.000000,0.000000,0.000000,120.238935,2.000000,15.000000,33.953594,False,True,False,False,False,False
1,17400,96590.000000,112115.000000,0.000000,6.000000,0.000000,178.659589,2.000000,46.000000,41.117887,False,False,True,False,False,False
0,5100,87258.000000,121382.000000,6.000000,0.000000,0.000000,181.663040,0.000000,28.000000,25.444759,True,False,False,True,False,False
0,20000,65019.000000,130063.000000,2.000000,0.000000,0.000000,323.901955,2.000000,21.000000,32.314419,True,False,True,False,False,False
0,12900,102905.000000,117694.000000,1.000000,0.000000,0.000000,137.142473,1.000000,21.000000,35.865466,True,True,False,False,False,False
0,27800,96332.000000,123598.000000,1.000000,0.000000,0.000000,190.313775,2.000000,38.000000,33.855895,False,False,False,True,False,False
0,12700,48139.000000,64842.000000,0.000000,1.000000,0.000000,192.479152,2.000000,13.000000,26.546840,False,False,True,False,False,False
0,27500,132000.000000,179000.000000,1.000000,1.000000,0.000000,226.233333,2.000000,19.000000,34.818262,False,False,False,True,False,False
0,6400,51436.000000,91284.000000,4.000000,0.000000,0.000000,209.642898,2.000000,30.000000,31.971971,False,False,True,False,False,False
0,6600,95450.000000,112630.000000,23.000000,0.000000,0.000000,122.815584,0.000000,12.000000,36.773459,True,True,False,False,False,False
0,20500,37437.000000,65004.000000,1.000000,0.000000,0.000000,120.426716,0.000000,17.000000,22.525455,False,False,True,False,False,False
0,17400,113890.000000,135146.000000,16.000000,0.000000,0.000000,174.101460,1.000000,17.000000,37.633549,False,False,True,False,False,False
0,19700,93040.000000,113362.000000,6.000000,0.000000,0.000000,135.813857,3.000000,21.000000,19.704394,False,False,False,True,False,False
0,12500,55228.000000,66569.000000,3.000000,0.000000,0.000000,198.815167,1.000000,17.000000,27.996873,False,False,False,False,False,False
0,11300,65019.000000,28600.000000,20.000000,0.000000,0.000000,190.031218,0.000000,15.000000,39.008673,True,True,False,False,False,False
1,3000,20000.000000,29750.000000,2.000000,0.000000,0.000000,187.066667,0.000000,12.000000,34.818262,False,False,True,False,False,False
1,10200,29581.000000,39992.000000,3.000000,0.000000,0.000000,149.874626,2.000000,26.000000,43.197242,False,False,False,False,False,True
0,5000,78565.000000,98500.000000,24.000000,0.000000,0.000000,51.766667,3.000000,14.000000,34.818262,False,False,False,True,False,False
1,5000,78893.000000,82600.000000,16.000000,0.000000,0.000000,133.900000,1.000000,34.000000,34.818262,True,False,False,False,False,False
0,23300,81144.000000,106102.000000,7.000000,0.000000,0.000000,288.372739,1.000000,28.000000,33.271413,False,False,False,False,False,False
0,36400,204419.000000,268745.000000,4.000000,0.000000,0.000000,267.920922,0.000000,31.000000,32.747593,False,False,False,True,False,False
0,6200,65019.000000,41657.000000,7.000000,0.000000,0.000000,293.958724,1.000000,11.000000,30.197631,True,False,True,False,False,False
0,28200,44363.000000,72966.000000,16.000000,1.000000,0.000000,82.270595,6.000000,16.000000,34.980525,False,False,False,False,False,False
0,31700,55247.000000,103246.000000,3.000000,0.000000,0.000000,177.276928,1.000000,25.000000,35.302774,False,True,False,False,False,False
1,2900,61962.000000,70915.000000,2.000000,0.000000,0.000000,282.801659,3.000000,37.000000,49.206396,False,False,False,False,False,False
1,8000,37871.000000,89235.500000,15.000000,6.000000,2.000000,179.633333,0.000000,30.000000,34.818262,True,False,False,True,False,False
1,9900,88236.000000,104953.000000,1.000000,0.000000,0.000000,51.648705,0.000000,2.000000,28.622632,False,False,False,True,False,False
0,25300,56393.000000,86612.000000,6.000000,0.000000,0.000000,258.147369,1.000000,25.000000,33.193876,False,False,False,False,False,False
0,9400,81546.000000,119128.000000,30.000000,0.000000,0.000000,328.178124,2.000000,38.000000,34.150319,True,True,False,False,False,False
0,10000,133879.000000,157446.000000,6.000000,0.000000,1.000000,421.362872,1.000000,42.000000,30.606999,True,False,False,True,False,False
0,12800,91040.000000,114331.000000,12.000000,0.000000,0.000000,175.877350,0.000000,26.000000,34.747185,False,False,True,False,False,False
0,12800,68729.000000,90127.000000,23.000000,0.000000,0.000000,163.989279,1.000000,14.000000,39.424488,True,True,False,False,False,False
0,35600,31807.000000,51823.000000,7.000000,0.000000,0.000000,173.466667,7.000000,0.000000,34.443092,False,False,True,False,False,False
0,23500,75708.000000,102198.000000,2.000000,0.000000,0.000000,231.434316,5.000000,23.000000,42.179786,False,False,False,False,False,False
0,10900,51990.000000,76918.000000,0.000000,0.000000,1.000000,180.818102,0.000000,12.000000,29.555407,True,False,True,False,False,False
0,26500,145393.000000,187324.000000,3.000000,0.000000,0.000000,194.227745,1.000000,16.000000,40.854865,True,False,False,False,False,True
0,9100,80719.000000,86782.000000,23.000000,0.000000,0.000000,333.011590,1.000000,47.000000,30.395458,True,False,True,False,False,False
1,23200,14511.000000,81579.000000,7.000000,0.000000,3.000000,272.938299,0.000000,23.000000,47.120580,False,False,True,False,False,False
0,26500,63345.000000,100332.000000,16.000000,0.000000,0.000000,139.510546,0.000000,30.000000,38.427445,False,False,True,False,False,False
0,30100,42747.000000,71360.000000,10.000000,0.000000,0.000000,89.516265,1.000000,24.000000,34.036664,False,False,True,False,False,False
1,14200,100663.000000,122021.000000,0.000000,0.000000,0.000000,139.983977,0.000000,20.000000,43.797460,False,False,False,True,False,False
0,58100,42615.000000,70584.000000,4.000000,0.000000,0.000000,102.299117,0.000000,20.000000,28.525769,False,False,True,False,False,False
0,21500,71636.000000,96678.000000,13.000000,0.000000,0.000000,135.940541,0.000000,13.000000,37.872474,True,True,False,False,False,False
0,19000,22236.000000,169461.000000,7.000000,0.000000,0.000000,296.080194,0.000000,27.000000,27.640018,True,False,False,False,False,True
0,8600,65019.000000,54905.000000,8.000000,0.000000,0.000000,308.650117,2.000000,13.000000,32.553976,True,False,True,False,False,False
0,7000,46238.000000,66842.000000,4.000000,0.000000,0.000000,90.380409,3.000000,11.000000,36.309527,False,True,False,False,False,False
0,23500,44952.000000,70191.000000,6.000000,0.000000,0.000000,164.963940,1.000000,26.000000,35.788158,False,True,False,False,False,False
0,16500,48491.000000,112677.000000,2.000000,0.000000,2.000000,138.096086,1.000000,23.000000,37.253333,True,True,False,False,False,False
0,16000,65019.000000,51792.000000,7.000000,0.000000,0.000000,340.684968,1.000000,17.000000,30.611519,False,False,True,False,False,False
1,17900,96450.000000,135822.000000,6.000000,0.000000,1.000000,90.300000,6.000000,5.000000,34.818262,True,False,False,True,False,False
0,22400,74553.000000,102373.000000,18.000000,0.000000,0.000000,206.581395,1.000000,12.000000,40.848023,False,False,True,False,False,False
1,30300,65019.000000,52545.000000,1.000000,1.000000,3.000000,187.722185,10.000000,15.000000,2.594364,False,False,True,False,False,False
0,16400,86422.000000,116097.000000,7.000000,0.000000,0.000000,173.466667,1.000000,20.000000,35.598951,False,False,True,False,False,False
0,15900,94078.000000,118359.000000,13.000000,0.000000,0.000000,125.551999,1.000000,8.000000,37.781823,False,False,True,False,False,False
0,15900,48563.000000,64679.000000,4.000000,0.000000,0.000000,156.101381,2.000000,12.000000,27.808547,False,False,False,True,False,False
0,7200,71667.000000,117325.000000,0.000000,0.000000,1.000000,241.056078,1.000000,38.000000,18.510551,False,True,False,False,False,False
0,8200,117314.000000,132770.000000,4.000000,0.000000,1.000000,176.334541,0.000000,19.000000,34.552052,False,False,False,False,False,True
1,12300,78000.000000,101200.000000,0.400000,0.000000,0.000000,145.066667,1.000000,19.000000,34.818262,True,False,True,False,False,False
0,21300,94642.000000,125062.000000,24.000000,0.000000,0.000000,278.691315,2.000000,17.000000,32.988532,False,True,False,False,False,False
0,5300,73698.000000,84427.000000,4.000000,0.000000,0.000000,173.466667,1.000000,20.000000,19.131201,False,False,True,False,False,False
0,17200,48427.000000,66082.000000,29.000000,0.000000,0.000000,283.848759,1.000000,16.000000,38.393635,False,False,False,False,False,False
0,12700,159661.000000,183244.000000,7.000000,0.000000,1.000000,210.115221,4.000000,26.000000,43.768192,False,False,False,True,False,False
0,6800,78292.000000,86959.000000,3.000000,0.000000,0.000000,173.466667,1.000000,20.000000,18.927212,False,False,True,False,False,False
0,11000,106762.000000,123138.000000,2.000000,0.000000,0.000000,131.011916,0.000000,25.000000,32.803743,False,False,True,False,False,False
1,6100,62751.000000,95617.000000,1.000000,0.000000,0.000000,138.646863,1.000000,13.000000,31.757271,True,False,True,False,False,False
0,10000,75976.000000,91000.000000,10.500000,0.000000,0.000000,171.466667,5.000000,22.000000,34.818262,False,False,True,False,False,False
0,15000,59000.000000,86420.000000,1.500000,0.000000,0.000000,160.300000,0.000000,25.000000,34.818262,False,True,False,False,False,False
0,18400,68655.000000,94322.000000,8.000000,0.000000,0.000000,76.794701,0.000000,15.000000,32.741210,True,False,False,True,False,False
0,47900,95377.000000,157273.000000,16.000000,0.000000,0.000000,236.302660,8.000000,18.000000,39.103045,False,False,True,False,False,False
0,28300,126942.000000,166797.000000,0.000000,0.000000,0.000000,244.722285,1.000000,23.000000,33.394854,False,False,False,False,False,False
0,17700,72911.000000,97317.000000,1.000000,0.000000,0.000000,82.398384,0.000000,17.000000,25.329251,False,False,False,False,False,False
0,7400,72739.000000,91425.000000,3.500000,0.000000,0.000000,128.833333,0.000000,26.000000,34.818262,False,False,False,True,False,False
1,23300,103783.000000,132612.000000,1.000000,0.000000,0.000000,120.347967,0.000000,19.000000,203.312149,False,False,False,False,True,False
0,50800,65019.000000,86207.000000,9.000000,0.000000,0.000000,167.823610,0.000000,21.000000,26.650512,True,False,False,False,False,True
0,17500,153839.000000,194027.000000,7.000000,0.000000,0.000000,173.466667,1.000000,15.000000,29.113651,False,False,True,False,False,False
0,15200,34854.000000,63519.000000,6.000000,0.000000,0.000000,275.479698,0.000000,15.000000,20.785146,False,False,False,True,False,False
0,20500,39147.000000,58049.000000,7.000000,0.000000,0.000000,202.903054,0.000000,12.000000,38.646019,False,False,True,False,False,False
0,11900,89595.000000,107895.000000,9.000000,0.000000,0.000000,250.468242,0.000000,24.000000,30.305388,True,False,False,False,False,False
0,9000,53177.000000,56782.000000,9.000000,0.000000,0.000000,106.500537,3.000000,33.000000,40.084176,True,False,True,False,False,False
0,86000,47355.000000,85000.000000,15.000000,0.000000,0.000000,210.966667,0.000000,16.000000,34.818262,False,False,True,False,False,False
0,22500,127709.000000,167975.000000,1.000000,0.000000,0.000000,367.189515,1.000000,51.000000,37.888050,False,True,False,False,False,False
1,7500,35945.000000,49750.000000,3.000000,0.000000,0.000000,122.066667,0.000000,23.000000,34.818262,True,False,True,False,False,False
0,26800,46236.000000,62711.000000,17.000000,0.000000,0.000000,175.075058,1.000000,22.000000,33.059934,False,True,False,False,False,False
0,15100,53549.000000,99812.000000,4.000000,0.000000,0.000000,127.122147,2.000000,21.000000,37.957104,False,False,False,True,False,False
1,25400,83943.000000,129189.000000,7.000000,1.000000,1.000000,5.243341,1.000000,41.000000,42.933557,False,False,False,False,False,False
0,4700,71855.000000,88566.000000,2.000000,2.000000,0.000000,283.959538,0.000000,5.000000,36.475473,True,False,True,False,False,False
0,14400,34291.000000,68444.000000,6.000000,0.000000,0.000000,262.079164,1.000000,15.000000,21.981066,False,False,False,True,False,False
0,12200,110088.000000,137794.000000,3.000000,0.000000,0.000000,251.151892,1.000000,46.000000,33.517117,False,False,False,True,False,False
1,14200,65019.000000,49060.000000,7.000000,0.000000,0.000000,173.466667,1.000000,20.000000,24.701642,False,False,True,False,False,False
1,18800,67666.000000,167619.000000,14.000000,0.000000,0.000000,135.951808,1.000000,11.000000,47.590529,True,False,False,True,False,False
0,11700,56990.000000,83334.000000,4.000000,0.000000,2.000000,177.432699,0.000000,13.000000,30.998695,True,False,True,False,False,False
0,12300,60200.000000,77079.000000,13.000000,0.000000,0.000000,242.244138,1.000000,32.000000,45.394169,True,True,False,False,False,False
0,9800,79767.000000,93525.000000,0.000000,4.000000,0.000000,173.466667,0.000000,4.000000,31.290119,False,False,True,False,False,False
1,14000,65019.000000,28992.000000,7.000000,0.000000,0.000000,342.066667,2.000000,14.000000,34.818262,True,False,True,False,False,False
0,27200,70730.000000,93752.000000,8.000000,0.000000,0.000000,165.919333,0.000000,20.000000,36.170905,False,True,False,False,False,False
1,12000,48189.000000,53969.000000,5.000000,0.000000,0.000000,276.381743,0.000000,18.000000,65.495243,False,False,True,False,False,False
0,11000,74596.000000,98000.000000,6.000000,0.000000,0.000000,108.533333,1.000000,27.000000,34.818262,True,False,False,True,False,False
0,18000,52301.000000,79959.000000,1.000000,0.000000,1.000000,290.280648,0.000000,9.000000,37.163698,False,False,True,False,False,False
0,21800,41582.000000,71574.000000,25.000000,0.000000,0.000000,308.737053,2.000000,32.000000,34.369368,False,False,True,False,False,False
0,25300,62540.000000,101165.000000,0.000000,0.000000,0.000000,195.451331,0.000000,25.000000,35.200865,False,False,False,True,False,False
1,15100,45351.000000,65481.000000,4.000000,0.000000,0.000000,91.715293,9.000000,18.000000,39.070153,False,False,True,False,False,False
0,11900,85179.000000,122788.000000,10.000000,0.000000,0.000000,173.466667,1.000000,20.000000,39.430731,True,False,True,False,False,False
0,6200,65019.000000,51732.000000,7.000000,0.000000,0.000000,173.466667,1.000000,20.000000,12.324707,False,False,True,False,False,False
1,31200,38352.000000,80550.000000,21.000000,1.000000,0.000000,116.437908,0.000000,14.000000,35.381863,False,False,False,False,False,False
0,20900,51960.000000,105524.000000,2.000000,0.000000,3.000000,179.925635,0.000000,47.000000,37.179602,False,True,False,False,False,False
0,16000,16300.000000,128200.000000,10.000000,0.000000,0.000000,366.266667,1.000000,10.000000,34.818262,False,False,True,False,False,False
0,21200,23088.000000,56535.000000,27.000000,0.000000,1.000000,216.156017,0.000000,24.000000,27.395234,False,False,True,False,False,False
0,6400,81116.000000,86148.000000,8.000000,0.000000,0.000000,262.175426,0.000000,11.000000,42.068268,True,False,False,True,False,False
0,25700,83733.000000,116386.000000,8.000000,0.000000,1.000000,397.870689,0.000000,44.000000,41.869893,False,True,False,False,False,False
0,20900,58299.000000,78684.000000,3.000000,0.000000,0.000000,98.662820,0.000000,16.000000,38.972004,False,False,True,False,False,False
1,15000,79000.000000,108000.000000,0.400000,0.000000,0.000000,385.500000,3.000000,31.000000,34.818262,True,False,True,False,False,False
0,38700,33465.000000,71449.000000,6.000000,0.000000,0.000000,172.767888,2.000000,17.000000,25.312842,False,False,False,True,False,False
0,14400,46551.000000,68545.000000,7.000000,0.000000,0.000000,118.746486,3.000000,49.000000,29.571263,False,False,True,False,False,False
0,17200,6126.000000,88603.000000,13.000000,0.000000,1.000000,287.260887,0.000000,23.000000,30.098797,True,False,True,False,False,False
0,6300,65019.000000,72890.000000,1.000000,0.000000,0.000000,41.250114,0.000000,3.000000,39.198068,True,True,False,False,False,False
0,12200,80336.000000,102618.000000,2.000000,0.000000,0.000000,79.730261,2.000000,19.000000,34.405482,True,False,False,True,False,False
0,11200,23181.000000,80140.000000,21.000000,0.000000,0.000000,221.418093,0.000000,10.000000,25.462642,True,False,False,True,False,False
0,19300,148542.000000,195791.000000,12.000000,0.000000,0.000000,110.327635,0.000000,23.000000,30.536611,False,False,False,True,False,False
0,26300,189302.000000,249773.000000,7.000000,0.000000,0.000000,106.609307,1.000000,26.000000,42.769387,False,False,True,False,False,False
1,21000,42000.000000,67000.000000,7.000000,0.000000,0.000000,65.966667,2.000000,18.000000,34.818262,False,True,False,False,False,False
1,24400,88000.000000,119100.000000,12.000000,0.000000,0.000000,84.233333,5.000000,19.000000,34.818262,True,False,True,False,False,False
1,4000,74000.000000,93000.000000,2.600000,1.000000,3.000000,186.633333,1.000000,9.000000,34.818262,True,False,False,True,False,False
0,13400,100784.000000,118708.000000,15.000000,0.000000,0.000000,268.107592,0.000000,16.000000,36.158718,False,True,False,False,False,False
0,24600,65019.000000,146804.000000,7.000000,0.000000,0.000000,173.466667,1.000000,20.000000,17.263535,False,False,True,False,False,False
0,11600,82326.000000,94599.000000,0.000000,4.000000,0.000000,173.466667,0.000000,3.000000,29.893621,False,False,True,False,False,False
0,33600,233630.000000,284049.000000,4.000000,0.000000,0.000000,218.993696,0.000000,30.000000,14.072354,False,False,False,True,False,False
1,15000,98000.000000,132790.000000,1.500000,0.000000,3.000000,107.666667,1.000000,21.000000,34.818262,False,False,True,False,False,False
0,11100,50350.000000,58837.000000,6.000000,0.000000,0.000000,80.843217,0.000000,10.000000,28.793166,False,False,True,False,False,False
1,9900,59206.000000,75690.000000,6.000000,0.000000,2.000000,288.395059,1.000000,19.000000,30.776028,True,True,False,False,False,False
0,41600,365528.000000,469694.000000,3.000000,0.000000,0.000000,304.982884,3.000000,15.000000,43.363624,True,False,False,True,False,False
0,10600,72022.000000,82238.000000,5.000000,1.000000,2.000000,181.768940,3.000000,30.000000,39.594148,False,True,False,False,False,False
0,27100,24494.000000,77479.000000,7.000000,1.000000,1.000000,101.312917,1.000000,26.000000,31.124554,False,False,True,False,False,False
0,21600,94477.000000,135936.000000,7.000000,0.000000,0.000000,205.016835,0.000000,20.000000,26.800946,False,False,False,True,False,False
1,19900,93619.000000,130000.000000,9.000000,2.000000,5.000000,210.966667,2.000000,18.000000,34.818262,False,True,False,False,False,False
0,12700,72164.000000,104220.000000,10.000000,0.000000,0.000000,165.430782,0.000000,13.000000,37.539963,False,True,False,False,False,False
0,22800,132706.000000,170396.000000,8.000000,0.000000,0.000000,147.414949,0.000000,37.000000,19.518532,False,False,False,True,False,False
1,8500,48961.000000,73550.000000,11.000000,6.000000,1.000000,145.100000,4.000000,11.000000,34.818262,True,False,True,False,False,False
0,36300,35072.000000,74829.000000,4.000000,1.000000,0.000000,195.559642,2.000000,18.000000,23.019855,False,False,False,True,False,False
1,9900,23767.000000,39293.000000,5.000000,1.000000,0.000000,145.765774,0.000000,9.000000,24.605129,False,False,True,False,False,False
0,37500,127000.000000,190900.000000,7.000000,1.000000,0.000000,181.633333,0.000000,25.000000,34.818262,False,False,False,False,False,False
0,25300,22361.000000,50688.000000,24.000000,0.000000,0.000000,125.407464,0.000000,11.000000,25.181499,False,False,True,False,False,False
1,13100,54000.000000,74750.000000,14.000000,1.000000,0.000000,92.400000,0.000000,9.000000,34.818262,False,False,True,False,False,False
0,78700,22762.000000,102997.000000,25.000000,0.000000,0.000000,146.632842,0.000000,13.000000,34.300202,True,False,True,False,False,False
0,11500,53151.000000,71645.000000,7.000000,0.000000,0.000000,135.800476,0.000000,16.000000,35.851614,True,False,True,False,False,False
1,13500,28000.000000,85999.000000,0.000000,6.000000,4.000000,227.266667,6.000000,37.000000,34.818262,False,False,True,False,False,False
0,34300,89000.000000,137000.000000,12.000000,0.000000,0.000000,63.933333,1.000000,36.000000,34.818262,False,False,True,False,False,False
0,11700,74783.000000,86227.000000,7.000000,0.000000,0.000000,116.756801,0.000000,23.000000,28.019227,False,False,False,False,False,False
0,25700,94295.000000,143788.000000,23.000000,0.000000,0.000000,220.729519,0.000000,13.000000,42.358128,False,False,False,False,False,False
1,16800,87300.000000,155500.000000,3.000000,0.000000,0.000000,1154.633333,0.000000,0.000000,34.818262,False,False,True,False,False,False
0,22400,83990.000000,111096.000000,7.000000,0.000000,0.000000,175.408936,1.000000,25.000000,39.972732,False,False,True,False,False,False
0,17200,51352.000000,64386.000000,27.000000,0.000000,0.000000,295.955414,1.000000,17.000000,36.787306,False,False,False,False,False,False
0,8700,58007.000000,73069.000000,14.000000,0.000000,0.000000,240.437282,3.000000,31.000000,37.897481,False,False,False,True,False,False
0,15000,50000.000000,90000.000000,5.500000,0.000000,0.000000,130.866667,2.000000,22.000000,34.818262,False,False,False,True,False,False
0,11700,96532.000000,107600.000000,12.000000,0.000000,0.000000,214.869817,2.000000,15.000000,40.287411,False,False,True,False,False,False
0,15700,65019.000000,28198.000000,12.000000,0.000000,0.000000,87.620526,2.000000,9.000000,32.445476,False,False,True,False,False,False
0,21700,56822.000000,78399.000000,10.000000,1.000000,0.000000,70.691073,3.000000,28.000000,36.610540,False,False,False,False,False,False
0,14500,54927.000000,63177.000000,3.000000,0.000000,0.000000,178.936168,0.000000,14.000000,27.062233,False,False,True,False,False,False
1,49500,247500.000000,89235.500000,0.000000,0.000000,4.000000,160.333333,2.000000,25.000000,34.818262,False,False,True,False,False,False
1,6000,18793.000000,27750.000000,6.000000,0.000000,3.000000,119.700000,0.000000,8.000000,34.818262,True,False,False,False,False,False
0,15800,102552.000000,138171.000000,13.000000,0.000000,0.000000,116.763184,4.000000,21.000000,35.113150,True,False,False,True,False,False
0,27300,140773.000000,188414.000000,12.000000,0.000000,0.000000,144.093465,0.000000,37.000000,41.482804,False,False,False,True,False,False
0,17000,83248.000000,95886.000000,8.000000,0.000000,2.000000,349.430079,1.000000,41.000000,36.059947,False,False,False,True,False,False
0,11900,85486.000000,109386.000000,11.000000,0.000000,1.000000,175.542565,0.000000,28.000000,33.670908,True,False,False,True,False,False
1,18100,23590.000000,215548.000000,10.000000,7.000000,2.000000,136.530020,10.000000,41.000000,33.272298,False,False,False,False,False,False
0,19000,42488.000000,65636.000000,7.000000,0.000000,0.000000,90.676444,3.000000,14.000000,42.226716,False,False,True,False,False,False
0,40700,371003.000000,467818.000000,1.000000,0.000000,0.000000,316.604442,3.000000,14.000000,41.723899,True,False,False,True,False,False
0,26700,186185.000000,233480.000000,0.000000,0.000000,0.000000,290.578837,1.000000,32.000000,41.741201,False,False,False,True,False,False
0,26500,65019.000000,63918.000000,25.000000,0.000000,0.000000,135.440947,0.000000,8.000000,20.161388,False,False,True,False,False,False
1,5000,16600.000000,25250.000000,6.000000,0.000000,0.000000,88.700000,1.000000,3.000000,34.818262,True,False,True,False,False,False
0,4200,67700.000000,77000.000000,4.000000,0.000000,0.000000,128.833333,0.000000,31.000000,34.818262,False,False,False,False,True,False
0,20500,173061.000000,220886.000000,13.000000,0.000000,0.000000,213.914360,1.000000,32.000000,43.795734,False,True,False,False,False,False
0,23500,95289.000000,122273.000000,9.000000,0.000000,0.000000,118.616134,1.000000,23.000000,30.447275,True,False,False,False,False,False
0,17500,85183.000000,108948.000000,4.000000,0.000000,0.000000,125.109486,1.000000,25.000000,37.103026,True,False,False,True,False,False
1,23000,47000.000000,78000.000000,17.800000,2.000000,1.000000,100.466667,0.000000,28.000000,34.818262,False,False,True,False,False,False
0,32200,118793.000000,171024.000000,16.000000,0.000000,0.000000,119.603478,1.000000,16.000000,29.011328,False,False,False,True,False,False
0,22400,135912.000000,181863.000000,7.000000,0.000000,0.000000,316.992906,0.000000,17.000000,45.006818,True,False,False,False,False,False
0,23100,141937.000000,179756.000000,6.000000,0.000000,0.000000,328.398493,0.000000,16.000000,43.910046,True,False,False,False,False,False
0,19000,52157.000000,157459.000000,19.000000,0.000000,0.000000,248.723533,0.000000,28.000000,21.920198,False,False,False,True,False,False
1,23300,84083.000000,107407.000000,2.000000,0.000000,1.000000,153.233333,6.000000,23.000000,34.818262,False,False,False,False,False,True
1,17500,110603.000000,142000.000000,1.000000,1.000000,0.000000,163.066667,3.000000,25.000000,34.818262,False,False,True,False,False,False
0,25500,135728.000000,178942.000000,0.000000,0.000000,0.000000,133.956494,1.000000,38.000000,32.425630,False,False,False,False,False,False
1,10500,41500.000000,56247.000000,8.000000,0.000000,1.000000,70.033333,2.000000,24.000000,34.818262,False,False,True,False,False,False
1,15000,57900.000000,88200.000000,10.000000,0.000000,0.000000,173.466667,1.000000,20.000000,34.818262,False,False,False,True,False,False
0,17000,97713.000000,164869.000000,7.000000,0.000000,0.000000,253.476317,1.000000,23.000000,36.452296,False,False,True,False,False,False
0,19600,55169.000000,86203.000000,18.000000,0.000000,0.000000,223.603329,1.000000,22.000000,33.755273,False,False,True,False,False,False
0,52300,65019.000000,84584.000000,7.000000,1.000000,0.000000,350.920996,0.000000,7.000000,24.355304,True,False,True,False,False,False
0,28900,134509.000000,211558.000000,10.000000,0.000000,0.000000,247.844453,2.000000,27.000000,20.610707,False,False,False,True,False,False
1,5000,123000.000000,157500.000000,9.000000,0.000000,0.000000,173.466667,1.000000,20.000000,34.818262,True,False,False,False,False,False
0,6800,136951.000000,160306.000000,11.000000,0.000000,0.000000,219.735673,1.000000,18.000000,20.885093,True,False,False,True,False,False
0,36300,22431.000000,42834.000000,6.000000,0.000000,0.000000,50.419594,0.000000,6.000000,33.416148,False,False,False,False,False,False
0,7700,20887.000000,26958.000000,0.000000,0.000000,0.000000,17.460750,10.000000,6.000000,30.233505,False,False,True,False,False,False
0,50000,65019.000000,78703.000000,10.000000,0.000000,0.000000,179.566667,1.000000,22.000000,34.818262,True,False,False,False,False,True
0,27400,100951.000000,149305.000000,21.000000,0.000000,0.000000,194.533028,0.000000,13.000000,41.644172,False,False,False,False,False,False
0,27800,19600.000000,50594.000000,24.000000,0.000000,0.000000,137.234044,1.000000,10.000000,24.522375,False,False,True,False,False,False
0,21900,104379.000000,144850.000000,7.000000,0.000000,0.000000,173.466667,1.000000,20.000000,38.010734,True,False,True,False,False,False
0,17100,123463.000000,160487.000000,4.000000,0.000000,0.000000,155.300763,0.000000,21.000000,25.704128,False,True,False,False,False,False
1,7500,65019.000000,51610.000000,4.000000,0.000000,3.000000,158.266667,2.000000,18.000000,34.818262,True,False,False,True,False,False
0,25500,65019.000000,121708.000000,8.000000,1.000000,0.000000,151.969341,0.000000,27.000000,33.159941,False,False,False,False,False,False
0,28700,131767.000000,214558.000000,10.000000,0.000000,0.000000,238.794891,2.000000,27.000000,20.523272,False,False,False,True,False,False
1,5700,70000.000000,84579.000000,0.100000,0.000000,0.000000,95.900000,1.000000,17.000000,34.818262,False,False,False,False,True,False
0,8500,55100.000000,66900.000000,15.000000,0.000000,0.000000,229.266667,4.000000,32.000000,34.818262,False,False,False,True,False,False
0,30800,129062.000000,176389.000000,13.000000,0.000000,0.000000,184.319376,2.000000,28.000000,40.894302,False,False,False,False,False,False
0,16000,57944.000000,89778.000000,2.000000,0.000000,0.000000,135.606078,0.000000,12.000000,25.725794,True,False,False,True,False,False
1,16000,69322.000000,106189.000000,2.000000,1.000000,1.000000,238.400000,0.000000,31.000000,34.818262,True,False,False,True,False,False
0,18300,68096.000000,99051.000000,1.000000,0.000000,0.000000,85.843162,0.000000,17.000000,27.633516,False,False,False,False,False,False
0,6800,49809.000000,65074.000000,7.000000,0.000000,4.000000,116.632733,3.000000,10.000000,39.215029,False,False,False,False,False,False
0,12900,67038.000000,110955.000000,9.000000,0.000000,0.000000,147.197414,0.000000,12.000000,37.085986,False,True,False,False,False,False
0,15000,92000.000000,154000.000000,1.000000,0.000000,0.000000,207.966667,1.000000,19.000000,34.818262,False,False,False,False,False,False
1,21000,48735.000000,71694.000000,8.000000,0.000000,0.000000,48.498971,3.000000,10.000000,32.921401,False,False,True,False,False,False
1,25900,21852.000000,57518.000000,2.000000,0.000000,0.000000,80.168479,2.000000,11.000000,31.983686,True,False,True,False,False,False
0,29400,39354.000000,75553.000000,13.000000,1.000000,0.000000,77.342597,6.000000,15.000000,35.110449,False,False,False,False,False,False
0,15900,65827.000000,97935.000000,1.000000,0.000000,0.000000,160.416959,4.000000,20.000000,32.600203,False,True,False,False,False,False
0,25300,46780.000000,62536.000000,18.000000,0.000000,0.000000,189.136688,0.000000,22.000000,30.746724,False,True,False,False,False,False
0,11700,95411.000000,117927.000000,14.000000,0.000000,0.000000,177.926696,1.000000,17.000000,34.490564,False,False,False,True,False,False
0,9000,79259.000000,84322.000000,22.000000,0.000000,0.000000,359.332272,1.000000,47.000000,29.671390,True,False,True,False,False,False
1,5100,15500.000000,34000.000000,0.000000,1.000000,2.000000,86.233333,2.000000,13.000000,34.818262,False,False,True,False,False,False
0,20400,68928.000000,98587.000000,13.000000,0.000000,0.000000,153.578135,0.000000,13.000000,36.176092,True,True,False,False,False,False
0,5200,67000.000000,77000.000000,9.000000,0.000000,1.000000,119.700000,0.000000,25.000000,34.818262,True,False,True,False,False,False
1,15600,74156.000000,101136.000000,11.000000,0.000000,3.000000,107.388468,0.000000,24.000000,27.696001,False,False,False,False,False,False
0,25200,74038.000000,114722.000000,9.000000,0.000000,1.000000,304.004156,1.000000,28.000000,31.360727,False,False,False,False,False,False
0,9400,49484.000000,59137.000000,10.000000,0.000000,0.000000,102.272677,0.000000,22.000000,37.269131,False,False,True,False,False,False
0,7900,65019.000000,67081.000000,1.000000,0.000000,0.000000,59.081541,0.000000,4.000000,41.077878,True,True,False,False,False,False
0,10600,56814.000000,66692.000000,10.000000,0.000000,0.000000,107.374055,1.000000,18.000000,32.625687,False,False,False,False,False,False
1,45700,65019.000000,50800.000000,13.000000,3.000000,2.000000,97.400000,4.000000,46.000000,34.818262,False,False,False,True,False,False
1,10800,57892.000000,78900.000000,15.000000,0.000000,3.000000,329.166667,1.000000,14.000000,34.818262,False,False,False,True,False,False
1,15000,37624.000000,60562.000000,7.000000,0.000000,1.000000,186.866667,7.000000,26.000000,34.818262,False,False,True,False,False,False
0,37700,31687.000000,76454.000000,5.000000,0.000000,0.000000,192.351670,2.000000,18.000000,23.873409,False,False,False,True,False,False
0,18500,26389.000000,85552.000000,7.000000,0.000000,0.000000,152.040659,1.000000,21.000000,27.356208,False,False,False,True,False,False
1,20000,60336.000000,132430.000000,25.000000,1.000000,0.000000,258.666667,1.000000,21.000000,34.818262,False,False,True,False,False,False
1,21800,99753.000000,128000.000000,15.000000,1.000000,2.000000,286.100000,3.000000,26.000000,34.818262,True,False,False,True,False,False
0,14500,100685.000000,129840.000000,9.000000,0.000000,0.000000,166.846396,2.000000,32.000000,27.527227,True,False,False,True,False,False
0,13000,60719.000000,73677.000000,11.000000,0.000000,0.000000,256.710355,0.000000,26.000000,27.310107,False,False,True,False,False,False
0,18600,65019.000000,20700.000000,6.000000,0.000000,0.000000,104.533333,1.000000,19.000000,34.818262,False,False,False,True,False,False
0,5300,60826.000000,80826.000000,10.000000,0.000000,1.000000,212.891746,0.000000,25.000000,38.591494,True,False,False,False,False,False
1,32400,103000.000000,149500.000000,12.000000,1.000000,0.000000,88.233333,2.000000,38.000000,34.818262,False,False,False,False,False,False
0,14000,99652.000000,113012.000000,17.000000,1.000000,0.000000,255.961428,0.000000,16.000000,35.453810,False,True,False,False,False,False
0,14300,111623.000000,127049.000000,2.000000,0.000000,0.000000,145.101873,1.000000,26.000000,34.429632,False,False,True,False,False,False
0,26000,107291.000000,137426.000000,9.000000,2.000000,0.000000,191.573440,4.000000,18.000000,40.767401,False,False,False,False,False,False
1,15000,125000.000000,177100.000000,10.000000,3.000000,1.000000,221.166667,0.000000,14.000000,34.818262,True,False,False,True,False,False
0,20900,30517.000000,58756.000000,7.000000,0.000000,0.000000,222.037995,0.000000,12.000000,40.421669,False,False,True,False,False,False
0,12300,48866.000000,73023.000000,11.000000,3.000000,1.000000,251.629062,1.000000,29.000000,32.876871,True,True,False,False,False,False
0,6000,43000.000000,57460.000000,1.600000,1.000000,0.000000,101.500000,1.000000,13.000000,34.818262,True,False,True,False,False,False
0,8700,30716.000000,84778.000000,19.000000,0.000000,0.000000,219.085236,0.000000,10.000000,23.808894,True,False,False,True,False,False
0,10000,65019.000000,42497.000000,6.000000,0.000000,0.000000,165.433333,1.000000,9.000000,34.818262,True,False,False,False,False,False
0,26700,81968.000000,114647.000000,10.000000,0.000000,1.000000,126.707320,0.000000,19.000000,27.056727,False,False,False,True,False,False
0,11200,56842.000000,66710.000000,6.000000,0.000000,0.000000,144.795220,0.000000,17.000000,33.885877,True,False,True,False,False,False
1,6000,9660.000000,35900.000000,8.000000,0.000000,1.000000,136.300000,3.000000,6.000000,34.818262,False,False,True,False,False,False
0,22900,64350.000000,93126.000000,6.000000,0.000000,0.000000,181.826046,1.000000,16.000000,39.391352,False,True,False,False,False,False
0,14400,65019.000000,69712.000000,0.000000,0.000000,0.000000,173.466667,0.000000,0.000000,2.553522,False,False,True,False,False,False
0,24400,65233.000000,96473.000000,15.000000,0.000000,0.000000,80.098691,1.000000,17.000000,35.442947,False,False,True,False,False,False
0,16400,65898.000000,85424.000000,10.000000,0.000000,1.000000,173.533210,0.000000,14.000000,26.931995,True,False,False,True,False,False
0,23400,35634.000000,61149.000000,7.000000,0.000000,0.000000,204.642786,0.000000,13.000000,41.115159,False,False,True,False,False,False
0,17500,90221.000000,113564.000000,19.000000,0.000000,0.000000,265.184625,1.000000,17.000000,27.029439,False,False,True,False,False,False
1,13000,34000.000000,65000.000000,4.500000,0.000000,1.000000,148.500000,2.000000,24.000000,34.818262,True,False,True,False,False,False
1,7500,65019.000000,71799.000000,4.000000,0.000000,3.000000,177.500000,0.000000,22.000000,34.818262,True,False,False,False,False,False
0,20200,61303.000000,97780.000000,17.000000,0.000000,1.000000,632.103186,1.000000,24.000000,20.737039,True,False,False,True,False,False
0,17700,85150.000000,113104.000000,11.000000,0.000000,0.000000,148.065259,2.000000,19.000000,38.962872,False,False,False,True,False,False
0,30000,77853.000000,114746.000000,6.000000,0.000000,0.000000,114.583722,10.000000,21.000000,43.294744,True,False,True,False,False,False
0,12900,69770.000000,87000.000000,6.000000,0.000000,0.000000,201.933333,3.000000,19.000000,34.818262,False,False,True,False,False,False
1,28600,126189.000000,167157.000000,19.000000,0.000000,2.000000,239.227036,0.000000,26.000000,31.012749,False,False,False,True,False,False
0,22500,65019.000000,143254.000000,7.000000,0.000000,0.000000,173.466667,1.000000,20.000000,34.818262,False,False,True,False,False,False
0,22100,57018.000000,80673.000000,12.000000,0.000000,0.000000,108.749256,1.000000,10.000000,7.390143,False,False,True,False,False,False
0,28900,91683.000000,127833.000000,0.000000,1.000000,0.000000,187.242403,3.000000,37.000000,33.168757,False,False,False,True,False,False
1,17000,170636.000000,188899.000000,1.000000,4.000000,0.000000,67.408285,1.000000,13.000000,44.751572,False,False,True,False,False,False
0,10700,115118.000000,124198.000000,6.000000,1.000000,0.000000,174.341823,0.000000,19.000000,31.757991,False,False,False,False,False,True
0,9900,31244.000000,44138.000000,14.000000,0.000000,0.000000,60.634470,1.000000,9.000000,31.688134,True,False,False,False,False,False
0,11100,75392.000000,89976.000000,9.000000,0.000000,0.000000,163.703555,1.000000,12.000000,39.271885,False,False,False,True,False,False
1,8000,63152.000000,89235.500000,9.000000,1.000000,1.000000,132.900000,1.000000,26.000000,34.818262,False,False,True,False,False,False
1,16200,118585.000000,131940.000000,5.000000,0.000000,0.000000,202.385170,2.000000,40.000000,23.977112,False,False,False,False,True,False
0,26300,118304.000000,177819.000000,17.000000,0.000000,0.000000,299.217252,1.000000,30.000000,34.368269,False,False,False,False,True,False
0,36100,94801.000000,146627.000000,11.000000,0.000000,0.000000,64.378793,1.000000,36.000000,40.234871,False,False,True,False,False,False
0,11100,47689.000000,52910.000000,21.000000,1.000000,1.000000,224.480750,1.000000,18.000000,34.947077,True,False,False,False,False,False
0,20900,60553.000000,91364.000000,1.000000,0.000000,0.000000,75.563803,0.000000,22.000000,37.411201,False,True,False,False,False,False
0,79200,22940.000000,110114.000000,28.000000,0.000000,1.000000,144.616126,0.000000,13.000000,32.366512,True,False,True,False,False,False
0,26900,65019.000000,35397.000000,7.000000,0.000000,0.000000,85.250841,1.000000,13.000000,20.837255,False,False,True,False,False,False
1,18000,12900.000000,21500.000000,5.000000,3.000000,0.000000,109.566667,0.000000,33.000000,34.818262,True,True,False,False,False,False
0,17400,55575.000000,78661.000000,17.000000,1.000000,0.000000,198.989601,1.000000,20.000000,38.991431,False,False,True,False,False,False
0,22400,106561.000000,157214.000000,15.000000,0.000000,0.000000,186.628097,0.000000,25.000000,33.430638,False,False,False,False,False,False
0,16000,133193.000000,160919.000000,7.000000,0.000000,0.000000,223.338521,0.000000,18.000000,37.301518,False,False,False,False,False,False
0,20000,132436.000000,180000.000000,22.000000,0.000000,0.000000,221.166667,1.000000,24.000000,34.818262,False,False,False,True,False,False
0,22900,41279.000000,59993.000000,0.000000,0.000000,0.000000,111.237597,0.000000,17.000000,20.929729,False,False,True,False,False,False
0,14700,77565.000000,101320.000000,6.000000,0.000000,0.000000,120.827372,0.000000,26.000000,25.276205,True,False,False,True,False,False
0,18500,46555.000000,69186.000000,19.000000,0.000000,0.000000,187.230133,0.000000,22.000000,38.188144,False,False,False,True,False,False
0,15100,44700.000000,76456.000000,5.000000,0.000000,0.000000,134.504348,0.000000,9.000000,29.383997,False,False,False,False,False,False
0,16300,102826.000000,114692.000000,8.000000,0.000000,0.000000,317.507974,1.000000,18.000000,31.914238,False,False,True,False,False,False
0,26400,130672.000000,212536.000000,10.000000,0.000000,0.000000,221.506832,3.000000,26.000000,20.269919,False,False,False,True,False,False
0,21400,44573.000000,80915.000000,7.000000,0.000000,0.000000,173.466667,1.000000,20.000000,37.827219,False,False,True,False,False,False
1,4100,65019.000000,19132.000000,0.000000,0.000000,0.000000,100.774652,0.000000,19.000000,33.840920,True,False,True,False,False,False
0,12800,65019.000000,89235.500000,7.000000,0.000000,0.000000,173.466667,1.000000,20.000000,24.659670,False,False,True,False,False,False
0,18300,89455.000000,124840.000000,13.000000,0.000000,0.000000,148.764661,1.000000,24.000000,29.962402,False,False,False,True,False,False
1,9800,36500.000000,54000.000000,17.000000,0.000000,1.000000,105.666667,5.000000,19.000000,34.818262,True,False,True,False,False,False
1,4700,49100.000000,58238.000000,0.100000,0.000000,0.000000,61.800000,2.000000,17.000000,34.818262,True,False,False,True,False,False
0,10200,86400.000000,113698.000000,11.000000,0.000000,1.000000,181.542927,0.000000,27.000000,35.031651,True,False,False,True,False,False
0,16500,42317.000000,66966.000000,3.000000,0.000000,0.000000,206.238389,3.000000,17.000000,35.006379,True,False,False,True,False,False
0,32600,17918.000000,40000.000000,7.000000,0.000000,0.000000,45.666667,0.000000,7.000000,34.818262,False,False,False,False,False,False
0,5000,39000.000000,50340.000000,10.000000,0.000000,0.000000,179.833333,1.000000,19.000000,34.818262,True,True,False,False,False,False
0,9400,56508.000000,78358.000000,17.000000,0.000000,0.000000,141.931156,0.000000,11.000000,32.327495,False,False,True,False,False,False
0,13300,57878.000000,69907.000000,1.000000,0.000000,0.000000,154.484814,2.000000,35.000000,41.119153,False,False,False,True,False,False
0,25400,69035.000000,108365.000000,13.000000,0.000000,0.000000,281.221911,1.000000,33.000000,39.543341,False,False,False,True,False,False
1,26200,51599.000000,87148.000000,7.000000,0.000000,0.000000,129.933921,2.000000,19.000000,34.818262,False,False,True,False,False,False
0,27800,127770.000000,169440.000000,2.000000,0.000000,0.000000,235.728547,1.000000,24.000000,34.844155,False,False,False,False,False,False
0,17000,82662.000000,111357.000000,17.000000,0.000000,0.000000,252.305985,4.000000,30.000000,37.316120,False,False,False,False,False,False
0,43300,65019.000000,53434.000000,7.000000,5.000000,0.000000,113.737691,1.000000,20.000000,29.616533,False,False,True,False,False,False
1,26500,82859.000000,89235.500000,0.400000,2.000000,0.000000,177.500000,0.000000,22.000000,34.818262,True,True,False,False,False,False
0,17400,64163.000000,84948.000000,12.000000,0.000000,2.000000,172.711166,0.000000,13.000000,27.979694,True,False,False,True,False,False
0,16400,74904.000000,92308.000000,6.000000,0.000000,0.000000,202.490445,3.000000,19.000000,42.420345,False,False,True,False,False,False
0,11000,15129.000000,29375.000000,6.000000,0.000000,1.000000,102.433333,0.000000,17.000000,34.818262,False,True,False,False,False,False
1,6000,22859.000000,32200.000000,4.000000,0.000000,0.000000,83.333333,3.000000,20.000000,34.818262,False,False,True,False,False,False
0,11700,40266.000000,59097.000000,7.000000,0.000000,0.000000,74.998099,0.000000,15.000000,39.497029,False,False,True,False,False,False
0,8700,43759.000000,50070.000000,19.000000,1.000000,1.000000,218.906253,0.000000,17.000000,34.058147,True,False,False,False,False,False
1,8900,72581.000000,90585.000000,18.000000,1.000000,1.000000,207.966667,0.000000,30.000000,34.818262,False,True,False,False,False,False
1,9500,54612.000000,68759.000000,9.000000,0.000000,0.000000,89.102839,0.000000,19.000000,31.353907,True,False,True,False,False,False
0,11200,65508.000000,103523.000000,12.000000,0.000000,0.000000,154.427368,0.000000,12.000000,37.575436,False,True,False,False,False,False
0,19200,83591.000000,109772.000000,4.000000,0.000000,0.000000,101.498812,1.000000,25.000000,37.077042,True,False,False,True,False,False
0,27600,131887.000000,174323.000000,0.000000,0.000000,0.000000,243.053713,2.000000,24.000000,35.271867,False,False,False,False,False,False
0,25600,47936.000000,80600.000000,23.000000,0.000000,1.000000,290.478277,0.000000,30.000000,37.734941,False,False,True,False,False,False
0,16000,90900.000000,152300.000000,5.000000,0.000000,0.000000,102.500000,0.000000,17.000000,34.818262,True,False,False,True,False,False
1,7500,126000.000000,151380.000000,18.000000,0.000000,2.000000,75.666667,1.000000,13.000000,34.818262,True,False,False,True,False,False
1,18400,116228.000000,148722.000000,1.000000,0.000000,0.000000,159.169235,2.000000,25.000000,38.079762,False,False,True,False,False,False
1,7500,18400.000000,29375.000000,6.000000,1.000000,0.000000,147.100000,0.000000,9.000000,34.818262,False,False,True,False,False,False
0,32000,42478.000000,85942.000000,7.000000,0.000000,0.000000,278.363884,0.000000,16.000000,40.257222,False,False,True,False,False,False
1,10000,41741.000000,56000.000000,3.000000,0.000000,0.000000,20.233333,2.000000,6.000000,34.818262,False,True,False,False,False,False
0,10200,71111.000000,80385.000000,4.000000,1.000000,2.000000,170.281883,2.000000,29.000000,38.623372,False,True,False,False,False,False
0,3600,52337.000000,63989.000000,20.000000,0.000000,0.000000,204.272499,0.000000,20.000000,20.470916,True,True,False,False,False,False
0,12700,60122.000000,93741.000000,0.000000,0.000000,0.000000,38.334924,1.000000,3.000000,42.109348,False,False,True,False,False,False
0,21500,58646.000000,90807.000000,17.000000,0.000000,0.000000,196.808793,1.000000,22.000000,31.697960,False,False,True,False,False,False
0,25100,73398.000000,115065.000000,5.000000,0.000000,0.000000,88.606337,2.000000,31.000000,42.050244,False,False,True,False,False,False
0,6000,95232.000000,115977.000000,22.000000,0.000000,0.000000,149.022908,1.000000,12.000000,37.954337,True,True,False,False,False,False
0,19700,5700.000000,24457.000000,7.000000,0.000000,0.000000,60.156330,1.000000,19.000000,41.363878,False,False,True,False,False,False
0,25900,65019.000000,33888.000000,24.000000,0.000000,0.000000,73.858497,2.000000,14.000000,28.243063,True,False,True,False,False,False
1,6000,65019.000000,89235.500000,13.000000,0.000000,2.000000,122.766667,1.000000,23.000000,34.818262,True,True,False,False,False,False
0,7700,65019.000000,68131.000000,1.000000,0.000000,0.000000,56.609906,0.000000,3.000000,40.499820,True,True,False,False,False,False
0,27900,137006.000000,207997.000000,5.000000,0.000000,0.000000,194.093147,1.000000,28.000000,36.906075,True,False,False,True,False,False
0,10600,80397.000000,203341.000000,14.000000,0.000000,0.000000,11.963733,1.000000,7.000000,18.732090,True,False,False,False,False,True
0,23900,80406.000000,108122.000000,17.000000,0.000000,0.000000,211.923275,0.000000,13.000000,41.494840,False,False,True,False,False,False
0,20200,51449.000000,69060.000000,2.000000,0.000000,0.000000,216.218081,0.000000,12.000000,33.333582,False,True,False,False,False,False
0,23500,133197.000000,168990.000000,8.000000,1.000000,0.000000,214.284599,0.000000,19.000000,36.642629,False,False,True,False,False,False
0,26300,65019.000000,51055.000000,7.000000,0.000000,0.000000,70.253395,1.000000,14.000000,28.207436,False,False,True,False,False,False
1,25000,59000.000000,34000.000000,10.000000,4.000000,2.000000,125.833333,7.000000,23.000000,34.818262,False,False,False,False,True,False
0,25600,139746.000000,210298.000000,6.000000,0.000000,0.000000,185.112576,1.000000,28.000000,38.368890,True,False,False,True,False,False
0,22600,96485.000000,120470.000000,9.000000,0.000000,0.000000,112.840336,2.000000,24.000000,31.865917,True,False,False,False,False,False
0,12800,117391.000000,210072.000000,1.000000,0.000000,0.000000,136.620969,1.000000,14.000000,27.124889,True,False,False,True,False,False
0,21300,67282.000000,86861.000000,4.000000,0.000000,0.000000,173.792507,1.000000,15.000000,37.364529,False,True,False,False,False,False
1,25500,25828.000000,44166.000000,7.000000,0.000000,1.000000,187.862518,1.000000,17.000000,39.427890,False,False,True,False,False,False
0,16800,62557.000000,95747.000000,0.000000,0.000000,0.000000,188.189005,1.000000,31.000000,35.285845,False,False,True,False,False,False
0,14100,98856.000000,143292.000000,13.000000,0.000000,0.000000,105.771726,4.000000,21.000000,37.458280,True,False,False,True,False,False
0,34900,236340.000000,37598.000000,2.000000,0.000000,1.000000,220.602535,4.000000,50.000000,41.857416,False,False,False,False,False,False
0,19700,105135.000000,147353.000000,11.000000,0.000000,2.000000,225.696128,0.000000,24.000000,43.009651,False,True,False,False,False,False
0,19700,70709.000000,97394.000000,0.000000,0.000000,0.000000,94.860466,0.000000,17.000000,25.556708,False,False,False,False,False,False
0,33700,147522.000000,198737.000000,20.000000,0.000000,0.000000,188.149356,1.000000,21.000000,37.308536,False,False,False,True,False,False
0,13800,65019.000000,44092.000000,5.000000,0.000000,0.000000,173.875868,1.000000,10.000000,20.682377,True,False,False,False,False,False
0,17100,100082.000000,119585.000000,1.000000,0.000000,0.000000,147.915809,0.000000,29.000000,34.734277,False,False,False,True,False,False
0,12000,94000.000000,112125.000000,2.000000,0.000000,0.000000,143.033333,1.000000,22.000000,34.818262,True,True,False,False,False,False
0,23500,90129.000000,141785.000000,23.000000,1.000000,0.000000,158.996824,0.000000,25.000000,40.331950,False,False,False,True,False,False
1,13300,60014.000000,75695.000000,1.000000,0.000000,0.000000,182.064373,1.000000,20.000000,40.206671,False,False,False,False,True,False
1,15000,16400.000000,205950.000000,10.000000,8.000000,3.000000,135.933333,11.000000,42.000000,34.818262,False,False,False,False,False,False
1,25000,86000.000000,89235.500000,14.000000,1.000000,0.000000,144.033333,2.000000,40.000000,34.818262,False,False,True,False,False,False
0,17500,103562.000000,130613.000000,1.000000,0.000000,0.000000,288.008478,0.000000,47.000000,39.358358,False,False,True,False,False,False
0,22200,67626.000000,109042.000000,4.000000,0.000000,0.000000,203.964913,0.000000,12.000000,31.529029,True,False,True,False,False,False
0,11600,64143.000000,78851.000000,6.000000,0.000000,3.000000,201.369922,3.000000,29.000000,35.795805,False,True,False,False,False,False
0,18100,23928.000000,55734.000000,17.000000,0.000000,0.000000,175.895354,0.000000,19.000000,37.945522,False,False,False,True,False,False
0,16200,95465.000000,114758.000000,7.000000,0.000000,0.000000,298.464435,2.000000,19.000000,32.622560,False,False,True,False,False,False
0,17800,65019.000000,95639.000000,7.000000,0.000000,0.000000,179.849352,1.000000,9.000000,33.142257,False,False,True,False,False,False
1,23500,65019.000000,116983.000000,7.000000,0.000000,1.000000,143.414645,0.000000,10.000000,35.060320,True,False,True,False,False,False
0,17000,53058.000000,74000.000000,17.000000,1.000000,0.000000,204.933333,1.000000,21.000000,34.818262,False,False,True,False,False,False
0,14400,89605.000000,106290.000000,20.000000,0.000000,0.000000,121.747601,4.000000,24.000000,29.303549,True,False,True,False,False,False
0,8100,84822.000000,123854.000000,31.000000,0.000000,0.000000,340.744431,2.000000,38.000000,36.205115,True,True,False,False,False,False
1,15700,53478.000000,68885.000000,5.000000,0.000000,0.000000,83.695516,5.000000,17.000000,40.349930,False,False,True,False,False,False
0,15000,73335.000000,99400.000000,0.500000,0.000000,0.000000,273.933333,2.000000,21.000000,34.818262,False,False,False,True,False,False
0,38200,128081.000000,196037.000000,7.000000,0.000000,0.000000,197.865492,0.000000,24.000000,32.567857,False,False,False,False,False,False
1,23300,71734.000000,100072.000000,6.000000,0.000000,7.000000,122.799443,0.000000,21.000000,34.530439,False,False,False,True,False,False
1,15500,48100.000000,67000.000000,15.000000,0.000000,0.000000,173.466667,1.000000,20.000000,34.818262,False,False,True,False,False,False
0,21100,48624.000000,83448.000000,7.000000,0.000000,0.000000,173.466667,1.000000,20.000000,39.671408,False,False,True,False,False,False
1,25600,105480.000000,126389.000000,25.000000,0.000000,2.000000,307.402904,2.000000,35.000000,36.763824,False,False,False,False,False,False
0,40900,149281.000000,202877.000000,4.000000,0.000000,0.000000,156.783069,0.000000,30.000000,34.416520,True,False,False,True,False,False
0,9300,79724.000000,105493.000000,2.000000,0.000000,0.000000,63.430887,2.000000,23.000000,39.386118,False,False,False,False,False,False
1,7000,138841.000000,160000.000000,11.000000,8.000000,0.000000,86.200000,2.000000,36.000000,34.818262,False,False,False,False,False,False
0,10000,124000.000000,192000.000000,0.000000,0.000000,1.000000,346.966667,0.000000,16.000000,34.818262,True,True,False,False,False,False
1,16300,49868.000000,76131.000000,9.000000,0.000000,0.000000,81.274156,2.000000,9.000000,40.372557,False,False,True,False,False,False
1,16200,46115.000000,61917.000000,2.000000,0.000000,0.000000,259.360698,0.000000,47.000000,43.717499,True,False,True,False,False,False
1,8500,18240.000000,40200.000000,1.000000,0.000000,1.000000,306.400000,0.000000,12.000000,34.818262,True,False,True,False,False,False
0,14000,63451.000000,105702.000000,8.000000,0.000000,0.000000,257.226325,1.000000,12.000000,33.903064,True,False,False,True,False,False
0,24400,110177.000000,145000.000000,5.000000,0.000000,0.000000,293.236525,2.000000,36.000000,34.818262,False,True,False,False,False,False
0,13600,115816.000000,212995.000000,1.000000,0.000000,0.000000,114.843030,1.000000,14.000000,26.325111,True,False,False,True,False,False
0,20800,97360.000000,123854.000000,0.000000,0.000000,0.000000,310.231820,1.000000,20.000000,43.217417,True,False,False,False,False,False
0,15600,62622.000000,106824.000000,9.000000,0.000000,0.000000,261.021415,0.000000,11.000000,34.978880,True,False,False,True,False,False
0,6000,53227.000000,68700.000000,3.000000,0.000000,2.000000,122.733333,0.000000,23.000000,34.818262,True,False,False,False,False,False
1,16500,48833.000000,68872.000000,1.000000,0.000000,0.000000,60.390652,0.000000,12.000000,22.459624,False,False,True,False,False,False
0,24700,44306.000000,74197.000000,5.000000,0.000000,0.000000,73.715251,1.000000,18.000000,35.441570,False,False,True,False,False,False
1,38800,31976.000000,89235.500000,2.000000,0.000000,3.000000,134.543886,1.000000,24.000000,34.818262,False,True,False,False,False,False
0,14200,84718.000000,103804.000000,21.000000,0.000000,0.000000,123.663575,4.000000,23.000000,30.635348,True,False,True,False,False,False
0,6400,53476.000000,70157.000000,7.000000,0.000000,3.000000,164.315410,1.000000,30.000000,21.137982,False,False,False,True,False,False
0,12900,61031.000000,71550.000000,28.000000,0.000000,2.000000,178.087257,0.000000,23.000000,34.802429,True,False,True,False,False,False
0,19000,105729.000000,172555.000000,6.000000,0.000000,0.000000,216.439036,4.000000,23.000000,41.046748,False,True,False,False,False,False
0,14000,37019.000000,57125.000000,7.000000,0.000000,0.000000,69.823553,0.000000,15.000000,41.637059,False,False,True,False,False,False
0,20000,65019.000000,64928.840000,8.000000,0.000000,0.000000,122.666667,2.000000,5.000000,34.818262,True,True,False,False,False,False
1,16800,50445.000000,71711.000000,5.000000,0.000000,0.000000,71.230762,5.000000,18.000000,40.582913,False,False,True,False,False,False
0,40800,12064.000000,66193.000000,7.000000,0.000000,0.000000,305.786099,0.000000,18.000000,12.935688,True,True,False,False,False,False
0,8700,56904.000000,64122.000000,5.000000,0.000000,4.000000,119.555473,2.000000,11.000000,38.695615,False,False,False,False,False,False
0,10700,56197.000000,79272.000000,18.000000,0.000000,0.000000,218.981662,1.000000,16.000000,34.015360,True,False,True,False,False,False
0,13700,96597.000000,120380.000000,13.000000,0.000000,0.000000,181.404850,1.000000,17.000000,34.315437,False,False,False,True,False,False
0,20200,105278.000000,180304.000000,6.000000,0.000000,0.000000,218.657819,3.000000,24.000000,41.806763,False,True,False,False,False,False
0,13400,87175.000000,115530.000000,13.000000,0.000000,1.000000,180.945106,1.000000,27.000000,33.900056,True,False,False,True,False,False
0,9900,73804.000000,97413.000000,5.000000,0.000000,0.000000,107.333025,0.000000,25.000000,33.524880,False,False,False,True,False,False
0,22800,39166.000000,84407.000000,11.000000,0.000000,0.000000,276.121973,0.000000,19.000000,38.968367,False,False,False,True,False,False
0,7800,38506.000000,50309.000000,11.000000,0.000000,0.000000,231.001195,0.000000,32.000000,35.906116,False,False,True,False,False,False
0,7200,79946.000000,113807.000000,1.000000,0.000000,0.000000,238.458825,0.000000,37.000000,18.617289,False,True,False,False,False,False
0,41800,363737.000000,469748.000000,4.000000,0.000000,0.000000,327.743755,4.000000,14.000000,43.809292,True,False,False,True,False,False
0,26800,35485.000000,74949.000000,14.000000,0.000000,0.000000,84.766625,5.000000,15.000000,36.191459,False,False,False,False,False,False
0,31300,33658.000000,76624.000000,7.000000,0.000000,0.000000,286.696289,0.000000,15.000000,40.357374,False,False,True,False,False,False
0,8000,78720.000000,86800.000000,0.100000,4.000000,0.000000,173.466667,0.000000,4.000000,34.818262,False,False,True,False,False,False
0,3000,104570.000000,121729.000000,2.000000,0.000000,0.000000,85.884372,0.000000,14.000000,32.059783,True,True,False,False,False,False
0,14600,76194.000000,106461.000000,4.000000,0.000000,0.000000,80.706198,1.000000,13.000000,34.529550,False,False,True,False,False,False
0,31800,70680.000000,114720.000000,5.000000,0.000000,0.000000,115.850249,11.000000,20.000000,43.069424,True,False,True,False,False,False
0,8600,76703.000000,100862.000000,0.000000,0.000000,1.000000,174.557120,0.000000,31.000000,34.386231,True,False,True,False,False,False
0,14700,35164.000000,68061.000000,5.000000,0.000000,0.000000,245.670578,1.000000,16.000000,23.112290,False,False,False,True,False,False
0,12600,25000.000000,37882.000000,8.800000,0.000000,0.000000,87.200000,2.000000,12.000000,34.818262,True,False,True,False,False,False
1,16000,50000.000000,71130.000000,2.500000,0.000000,0.000000,189.700000,0.000000,22.000000,34.818262,False,False,False,True,False,False
0,11600,50433.000000,107092.000000,5.000000,0.000000,1.000000,225.181691,0.000000,9.000000,24.952595,False,False,False,True,False,False
0,14700,33150.000000,46053.000000,8.000000,0.000000,0.000000,76.914718,2.000000,11.000000,30.696435,True,False,True,False,False,False
0,12700,79898.000000,101989.000000,9.000000,2.000000,0.000000,214.996460,1.000000,29.000000,29.306071,False,False,False,True,False,False
1,15000,45000.000000,85000.000000,11.000000,0.000000,0.000000,110.000000,0.000000,31.000000,34.818262,True,False,False,False,False,False
0,17000,60483.000000,85015.000000,4.000000,0.000000,0.000000,116.525265,0.000000,12.000000,27.298743,True,False,False,True,False,False
0,25000,65700.000000,93400.000000,10.000000,0.000000,0.000000,149.166667,0.000000,21.000000,34.818262,False,True,False,False,False,False
1,16700,77083.000000,103540.000000,17.000000,0.000000,0.000000,170.812373,1.000000,10.000000,37.226431,False,False,True,False,False,False
0,11400,84278.000000,200480.000000,14.000000,0.000000,0.000000,4.412770,1.000000,8.000000,19.112485,True,False,False,False,False,True
0,5000,51209.000000,55320.000000,5.000000,0.000000,1.000000,69.107466,1.000000,15.000000,35.025073,False,False,True,False,False,False
1,41700,65019.000000,854114.000000,18.000000,0.000000,0.000000,189.099378,1.000000,23.000000,43.258779,True,False,True,False,False,False
0,18200,50250.000000,72000.000000,10.000000,2.000000,0.000000,75.066667,3.000000,28.000000,34.818262,False,False,False,False,False,False
0,4000,62000.000000,78000.000000,4.000000,0.000000,0.000000,109.566667,0.000000,15.000000,34.818262,True,False,True,False,False,False
0,15400,7839.000000,48276.000000,4.000000,0.000000,0.000000,315.178318,0.000000,16.000000,18.301959,False,False,False,True,False,False
1,5200,65019.000000,9500.000000,1.000000,0.000000,1.000000,81.100000,1.000000,2.000000,34.818262,False,False,True,False,False,False
0,12700,130867.000000,201245.000000,0.000000,0.000000,1.000000,340.795344,0.000000,15.000000,40.168827,True,True,False,False,False,False
0,31100,73386.000000,108864.000000,5.000000,0.000000,0.000000,119.539518,10.000000,21.000000,42.826601,True,False,True,False,False,False
1,4000,29562.000000,37200.000000,6.000000,0.000000,0.000000,92.133333,1.000000,26.000000,34.818262,False,False,True,False,False,False
0,50400,43635.000000,104114.000000,10.000000,0.000000,0.000000,224.482939,3.000000,35.000000,40.851444,True,False,False,False,False,True
0,8200,65019.000000,49362.000000,7.000000,0.000000,0.000000,173.466667,1.000000,20.000000,11.769692,False,False,True,False,False,False
0,23300,82472.000000,110321.000000,7.000000,0.000000,0.000000,174.239981,2.000000,25.000000,37.912872,False,False,True,False,False,False
0,26200,141109.000000,245422.000000,28.000000,0.000000,0.000000,343.787122,1.000000,18.000000,38.113556,True,False,False,True,False,False
0,17900,97335.000000,167384.000000,7.000000,0.000000,0.000000,250.487108,1.000000,24.000000,39.156323,False,False,True,False,False,False
1,22900,67312.000000,95000.000000,3.900000,0.000000,2.000000,122.766667,0.000000,32.000000,34.818262,True,False,False,False,False,False
1,25000,106282.000000,167500.000000,14.000000,2.000000,4.000000,198.866667,2.000000,28.000000,34.818262,True,False,False,True,False,False
0,10700,147477.000000,181050.000000,6.000000,0.000000,0.000000,190.021085,1.000000,55.000000,34.698162,True,True,False,False,False,False
0,32600,79874.000000,125000.000000,30.000000,0.000000,0.000000,340.900000,0.000000,20.000000,34.818262,False,False,False,False,False,False
0,15300,22057.000000,44461.000000,1.000000,0.000000,0.000000,210.275476,0.000000,16.000000,40.432252,False,True,False,False,False,False
1,30000,17696.000000,53100.000000,20.000000,4.000000,5.000000,147.866667,0.000000,28.000000,34.818262,False,False,False,False,False,False
0,10000,71000.000000,97875.000000,8.000000,0.000000,0.000000,165.714894,0.000000,34.000000,34.818262,True,False,False,True,False,False
0,7500,88056.000000,104794.000000,25.000000,0.000000,0.000000,56.750113,2.000000,14.000000,30.538907,False,False,False,True,False,False
0,19000,57429.000000,86250.000000,5.000000,0.000000,0.000000,175.500000,1.000000,16.000000,34.818262,False,True,False,False,False,False
0,17000,31772.000000,60289.000000,6.000000,0.000000,0.000000,189.236984,0.000000,13.000000,31.125747,True,False,False,True,False,False
0,33500,240157.000000,42013.000000,3.000000,0.000000,2.000000,201.612299,2.000000,50.000000,41.644794,False,False,False,False,False,False
0,50700,65019.000000,83365.000000,9.000000,0.000000,0.000000,190.229251,0.000000,21.000000,25.655977,True,False,False,False,False,True
0,18400,99902.000000,125249.000000,26.000000,0.000000,0.000000,294.424118,2.000000,16.000000,33.488547,False,True,False,False,False,False
1,30100,92249.000000,89235.500000,2.000000,1.000000,0.000000,180.680154,0.000000,21.000000,31.089120,True,True,False,False,False,False
0,15800,46716.000000,60231.000000,3.000000,0.000000,0.000000,191.323737,0.000000,13.000000,28.053604,False,False,True,False,False,False
0,38000,58200.000000,108000.000000,16.000000,0.000000,1.000000,195.833333,0.000000,22.000000,34.818262,False,False,False,False,False,False
0,4900,57461.000000,68494.000000,8.000000,0.000000,4.000000,183.635613,0.000000,30.000000,22.795424,False,False,False,True,False,False
0,27600,103898.000000,130784.000000,11.000000,0.000000,0.000000,147.128398,0.000000,29.000000,42.009814,False,True,False,False,False,False
0,16000,71670.000000,84124.000000,10.000000,0.000000,0.000000,81.596129,3.000000,12.000000,32.948899,False,False,True,False,False,False
0,9800,54861.000000,71138.000000,4.000000,0.000000,0.000000,258.334618,2.000000,16.000000,36.035713,True,False,True,False,False,False
0,22600,239115.000000,264462.000000,5.000000,0.000000,0.000000,244.179730,2.000000,50.000000,36.700871,True,False,False,False,False,True
0,13700,95065.000000,123858.000000,9.000000,0.000000,0.000000,176.952532,0.000000,27.000000,34.596838,False,False,True,False,False,False
0,8700,53504.000000,66888.000000,7.000000,0.000000,3.000000,112.175121,2.000000,10.000000,39.318772,False,False,False,False,False,False
0,59500,47485.000000,69981.000000,4.000000,0.000000,0.000000,100.139311,0.000000,20.000000,29.473673,False,False,True,False,False,False
0,5100,85583.000000,115341.000000,7.000000,0.000000,0.000000,177.958255,1.000000,28.000000,26.257970,True,False,False,True,False,False
1,22000,124000.000000,155000.000000,1.000000,0.000000,7.000000,130.300000,1.000000,55.000000,34.818262,False,False,False,False,True,False
0,28000,140770.000000,209726.000000,5.000000,0.000000,0.000000,190.329522,0.000000,27.000000,38.886606,True,False,False,True,False,False
0,28900,65019.000000,117991.000000,7.000000,0.000000,0.000000,159.550025,0.000000,27.000000,32.165003,False,False,False,False,False,False
0,8200,80989.000000,105080.000000,1.000000,0.000000,0.000000,81.354795,1.000000,24.000000,38.475771,False,False,False,False,False,False
1,16500,50000.000000,89235.500000,1.000000,0.000000,0.000000,120.733333,3.000000,11.000000,34.818262,False,False,False,False,False,False
0,8400,102894.000000,117799.000000,9.000000,0.000000,0.000000,420.098164,1.000000,49.000000,39.633190,True,False,True,False,False,False
0,23600,126254.000000,169638.000000,6.000000,0.000000,0.000000,176.749163,0.000000,38.000000,17.620920,False,False,False,True,False,False
0,15600,83758.000000,106992.000000,3.000000,0.000000,0.000000,127.665818,1.000000,24.000000,39.014519,True,False,False,True,False,False
1,10000,57238.000000,101500.000000,10.000000,0.000000,0.000000,106.833333,0.000000,36.000000,34.818262,False,False,False,True,False,False
0,29400,119256.000000,160683.000000,6.000000,0.000000,0.000000,109.121197,3.000000,27.000000,33.301763,False,False,False,True,False,False
0,9600,44553.000000,48626.000000,20.000000,0.000000,1.000000,226.452159,0.000000,18.000000,35.555923,True,False,False,False,False,False
0,30800,15428.000000,45495.000000,28.000000,0.000000,0.000000,200.509124,0.000000,15.000000,42.387986,False,False,True,False,False,False
0,9300,44026.000000,70535.000000,12.000000,3.000000,1.000000,245.900000,2.000000,29.000000,34.818262,True,True,False,False,False,False
0,19500,94543.000000,127718.000000,11.000000,0.000000,0.000000,132.407856,1.000000,24.000000,30.857067,False,False,False,True,False,False
0,6800,139578.000000,154602.000000,12.000000,0.000000,0.000000,201.960834,0.000000,18.000000,22.325829,True,False,False,True,False,False
1,3900,21200.000000,39000.000000,4.000000,0.000000,1.000000,86.566667,2.000000,14.000000,34.818262,False,False,False,False,False,False
0,23500,86144.000000,138953.000000,13.000000,0.000000,0.000000,110.054198,3.000000,15.000000,41.841691,False,False,True,False,False,False
1,28100,61000.000000,99000.000000,7.000000,0.000000,1.000000,129.166667,1.000000,31.000000,34.818262,False,False,False,False,False,False
1,25000,65019.000000,48700.000000,11.000000,0.000000,3.000000,41.566667,3.000000,6.000000,34.818262,False,False,False,True,False,False
0,14700,30306.000000,44195.000000,9.000000,0.000000,1.000000,87.431226,2.000000,12.000000,29.404935,True,False,True,False,False,False
1,4500,118000.000000,146870.000000,4.500000,2.000000,0.000000,203.866667,1.000000,20.000000,34.818262,True,False,False,True,False,False
0,15700,122646.000000,204282.000000,2.000000,0.000000,0.000000,201.923708,0.000000,17.000000,26.318314,False,False,True,False,False,False
0,15300,39065.000000,54970.000000,7.000000,0.000000,0.000000,73.756690,0.000000,15.000000,41.823085,False,False,True,False,False,False
0,13800,18714.000000,47905.000000,25.000000,0.000000,0.000000,259.103023,0.000000,19.000000,29.479662,True,True,False,False,False,False
0,23700,62949.000000,99295.000000,15.000000,0.000000,0.000000,145.355280,0.000000,14.000000,36.032760,True,True,False,False,False,False
1,12000,36000.000000,51900.000000,0.100000,0.000000,0.000000,247.500000,1.000000,10.000000,34.818262,False,False,True,False,False,False
0,8100,26886.000000,36527.000000,12.000000,0.000000,0.000000,188.419826,0.000000,13.000000,24.865567,True,False,False,True,False,False
0,17000,6778.000000,60065.000000,0.000000,0.000000,0.000000,326.518414,0.000000,5.000000,38.836602,False,False,False,False,True,False
0,13800,78645.000000,130104.000000,16.000000,0.000000,0.000000,295.721317,0.000000,19.000000,29.966602,False,False,False,True,False,False
0,11100,52029.000000,71376.000000,4.000000,0.000000,1.000000,250.252165,2.000000,16.000000,38.483648,True,False,True,False,False,False
0,19400,71515.000000,100771.000000,7.000000,1.000000,1.000000,223.171084,2.000000,13.000000,40.705044,False,False,True,False,False,False
1,14200,68750.000000,88627.000000,10.000000,0.000000,1.000000,219.672801,0.000000,32.000000,34.639961,False,False,True,False,False,False
0,6100,48500.000000,62500.000000,7.000000,0.000000,4.000000,111.300000,2.000000,11.000000,34.818262,False,False,False,False,False,False
0,9400,77715.000000,101258.000000,2.000000,0.000000,0.000000,65.876587,1.000000,23.000000,38.108001,False,False,False,False,False,False
0,21800,107271.000000,161219.000000,15.000000,0.000000,0.000000,187.297477,0.000000,26.000000,31.556949,False,False,False,False,False,False
0,11000,85149.000000,106820.000000,10.000000,0.000000,0.000000,240.433333,0.000000,25.000000,34.818262,True,False,False,False,False,False
0,9800,78022.000000,103466.000000,1.000000,0.000000,0.000000,83.835338,2.000000,24.000000,37.434615,False,False,False,False,False,False
0,39100,68135.000000,108723.000000,15.000000,0.000000,1.000000,193.686189,0.000000,22.000000,38.578993,False,False,False,False,False,False
1,50000,26976.000000,89235.500000,8.300000,1.000000,0.000000,111.600000,1.000000,6.000000,34.818262,False,False,False,False,False,False
0,32000,35219.000000,76888.000000,9.000000,0.000000,0.000000,110.452521,1.000000,23.000000,32.364213,False,False,True,False,False,False
0,5000,65019.000000,36375.000000,3.000000,0.000000,0.000000,266.800000,1.000000,26.000000,34.818262,True,False,True,False,False,False
0,10300,56127.000000,72294.000000,28.000000,1.000000,3.000000,184.345751,0.000000,24.000000,34.634236,True,False,True,False,False,False
1,18000,47000.000000,69000.000000,6.000000,3.000000,2.000000,110.633333,2.000000,24.000000,34.818262,False,False,True,False,False,False
0,15000,42657.000000,65000.000000,18.000000,0.000000,0.000000,181.600000,0.000000,23.000000,34.818262,False,False,False,True,False,False
0,5000,80153.000000,97275.000000,1.000000,0.000000,0.000000,120.675063,2.000000,10.000000,37.512708,False,False,True,False,False,False
0,15600,76724.000000,96942.000000,0.000000,1.000000,0.000000,157.410951,1.000000,18.000000,34.239895,False,False,True,False,False,False
0,23000,65019.000000,56390.000000,7.000000,0.000000,1.000000,314.273713,0.000000,19.000000,37.743725,False,False,True,False,False,False
0,19700,19349.000000,133226.000000,9.000000,0.000000,0.000000,342.316357,1.000000,9.000000,40.147908,False,False,True,False,False,False
0,15700,35873.000000,52800.000000,10.000000,0.000000,0.000000,128.235914,0.000000,10.000000,20.950252,True,False,True,False,False,False
0,17300,40280.000000,66319.000000,4.000000,0.000000,0.000000,101.325577,2.000000,9.000000,27.975935,False,False,True,False,False,False
1,12500,41000.000000,64680.000000,2.000000,0.000000,0.000000,70.900000,3.000000,30.000000,34.818262,False,False,True,False,False,False
0,17300,96138.000000,124066.000000,1.000000,0.000000,2.000000,271.782323,0.000000,30.000000,40.404506,False,True,False,False,False,False
0,11900,44142.000000,54299.000000,22.000000,0.000000,0.000000,123.471147,0.000000,22.000000,37.154902,True,False,True,False,False,False
0,12200,206613.000000,232176.000000,10.000000,0.000000,1.000000,237.315770,0.000000,22.000000,30.689439,True,False,False,True,False,False
1,11900,54867.000000,79000.000000,1.000000,0.000000,0.000000,182.600000,2.000000,23.000000,34.818262,True,False,False,False,False,False
0,24300,123686.000000,153184.000000,4.000000,0.000000,0.000000,298.282913,0.000000,25.000000,36.336564,False,False,False,False,False,False
0,8600,75464.000000,84263.000000,21.000000,0.000000,0.000000,352.658271,0.000000,47.000000,28.196715,True,False,True,False,False,False
0,17600,71366.000000,87862.000000,5.000000,0.000000,0.000000,116.796685,0.000000,20.000000,23.400137,False,True,False,False,False,False
0,26600,128238.000000,165316.000000,1.000000,0.000000,0.000000,236.065972,2.000000,23.000000,36.939319,False,False,False,False,False,False
0,4800,80482.000000,88342.000000,7.000000,0.000000,0.000000,275.032395,0.000000,11.000000,43.717635,True,False,False,True,False,False
0,36000,89270.000000,127834.000000,30.000000,0.000000,0.000000,350.619527,0.000000,20.000000,38.669073,False,False,False,False,False,False
0,14100,65994.000000,80037.000000,8.000000,0.000000,0.000000,173.466667,1.000000,20.000000,27.735204,False,False,True,False,False,False
1,22300,65019.000000,135000.000000,9.000000,0.000000,0.000000,173.466667,1.000000,20.000000,34.818262,False,True,False,False,False,False
0,5000,66435.000000,82819.000000,2.000000,0.000000,0.000000,125.130626,0.000000,14.000000,42.183539,True,False,True,False,False,False
0,9000,65019.000000,63684.000000,7.000000,0.000000,0.000000,358.066667,0.000000,7.000000,34.818262,True,False,True,False,False,False
0,16900,78455.000000,121450.000000,7.000000,0.000000,0.000000,173.466667,1.000000,20.000000,33.742375,False,False,True,False,False,False
0,17700,71399.000000,96588.000000,7.000000,0.000000,0.000000,83.598532,0.000000,16.000000,33.626586,True,False,False,True,False,False
0,58000,39436.000000,75446.000000,2.000000,0.000000,0.000000,102.209358,0.000000,20.000000,30.164554,False,False,True,False,False,False
1,16200,23466.000000,206368.000000,9.000000,7.000000,3.000000,141.027427,10.000000,41.000000,32.368498,False,False,False,False,False,False
0,28500,49461.000000,83352.000000,21.000000,0.000000,0.000000,210.025058,0.000000,26.000000,37.301764,False,False,True,False,False,False
0,5500,71644.000000,72696.000000,4.000000,2.000000,0.000000,150.865845,0.000000,22.000000,40.442568,True,False,False,False,True,False
0,35700,238104.000000,43026.000000,3.000000,0.000000,1.000000,206.647079,3.000000,49.000000,41.276637,False,False,False,False,False,False
0,18000,55169.000000,114786.000000,2.000000,0.000000,2.000000,120.154106,0.000000,24.000000,37.547733,True,True,False,False,False,False
0,23200,96043.000000,140090.000000,21.000000,0.000000,0.000000,162.640430,0.000000,24.000000,39.205100,False,False,False,True,False,False
0,12900,56798.000000,71364.000000,1.000000,0.000000,0.000000,225.585763,0.000000,9.000000,33.021284,False,False,True,False,False,False
0,50800,44992.000000,108486.000000,6.000000,0.000000,0.000000,204.962488,2.000000,36.000000,40.771305,True,False,False,False,False,True
0,13500,71698.000000,93536.000000,6.000000,0.000000,0.000000,202.465882,2.000000,19.000000,42.814735,False,False,True,False,False,False
0,15400,110900.000000,126400.000000,16.000000,0.000000,0.000000,179.566667,1.000000,18.000000,34.818262,False,False,True,False,False,False
0,21200,85092.000000,139345.000000,9.000000,0.000000,1.000000,87.645059,3.000000,14.000000,42.138848,False,False,True,False,False,False
1,4000,41700.000000,76725.000000,0.500000,0.000000,3.000000,136.133333,0.000000,15.000000,34.818262,True,False,True,False,False,False
0,8500,65019.000000,42980.000000,7.000000,0.000000,1.000000,76.010753,0.000000,9.000000,37.659668,True,False,True,False,False,False
0,31800,34302.000000,77481.000000,10.000000,0.000000,0.000000,123.468827,1.000000,24.000000,33.634689,False,False,True,False,False,False
0,25500,113204.000000,184561.000000,17.000000,1.000000,0.000000,308.958198,1.000000,31.000000,34.357866,False,False,False,False,True,False
0,9200,52531.000000,66491.000000,11.000000,0.000000,0.000000,122.228534,1.000000,19.000000,32.657629,False,False,False,False,False,False
0,16600,55912.000000,81552.000000,6.000000,0.000000,0.000000,106.512932,0.000000,7.000000,36.763753,False,False,True,False,False,False
0,18900,44605.000000,65489.000000,15.000000,0.000000,0.000000,189.008456,0.000000,23.000000,38.571083,False,False,False,True,False,False
0,12000,41182.000000,59947.000000,23.000000,0.000000,0.000000,118.179939,0.000000,22.000000,37.131064,True,False,True,False,False,False
0,15100,140193.000000,176342.000000,11.000000,0.000000,0.000000,248.188419,0.000000,20.000000,30.080158,False,False,False,False,False,False
0,15200,77636.000000,95682.000000,10.000000,1.000000,1.000000,335.841322,1.000000,41.000000,37.982544,False,False,False,True,False,False
0,6200,171582.000000,245730.000000,7.000000,0.000000,0.000000,135.108930,0.000000,22.000000,39.783818,False,False,False,False,True,False
0,23100,42862.000000,63916.000000,5.000000,0.000000,0.000000,182.932120,1.000000,26.000000,35.583789,False,True,False,False,False,False
0,17600,29201.000000,41396.000000,19.000000,0.000000,0.000000,89.202527,1.000000,16.000000,23.934946,False,False,False,False,False,False
1,47800,47354.000000,119244.000000,7.000000,0.000000,1.000000,128.051091,0.000000,21.000000,34.818262,False,False,True,False,False,False
0,22900,59702.000000,97591.000000,16.000000,0.000000,0.000000,627.662080,0.000000,24.000000,22.118852,True,False,False,True,False,False
0,26000,75034.000000,100852.000000,10.000000,0.000000,0.000000,152.353981,0.000000,20.000000,36.356309,False,True,False,False,False,False
0,20500,64123.000000,103728.000000,8.000000,0.000000,1.000000,112.582267,1.000000,17.000000,35.846273,False,True,False,False,False,False
0,20800,46434.000000,68490.000000,6.000000,0.000000,0.000000,171.283473,2.000000,26.000000,35.999296,False,True,False,False,False,False
1,12900,94000.000000,89235.500000,8.000000,0.000000,1.000000,205.933333,0.000000,19.000000,34.818262,False,True,False,False,False,False
0,17000,73644.000000,107086.000000,0.000000,0.000000,0.000000,280.453344,2.000000,20.000000,37.771958,False,False,False,True,False,False
0,17700,107395.000000,133433.000000,6.000000,0.000000,0.000000,96.157562,0.000000,13.000000,27.592277,False,False,False,True,False,False
0,27900,142346.000000,185057.000000,9.000000,0.000000,1.000000,155.548699,0.000000,36.000000,39.397043,False,False,False,True,False,False
0,15700,58410.000000,89082.000000,29.000000,0.000000,0.000000,211.805674,0.000000,21.000000,31.058373,False,True,False,False,False,False
0,13000,6793.000000,47700.000000,4.000000,0.000000,0.000000,304.366667,0.000000,16.000000,34.818262,False,False,False,True,False,False
0,23900,70694.000000,95718.000000,11.000000,0.000000,0.000000,138.167360,0.000000,13.000000,38.561206,True,True,False,False,False,False
0,33000,138000.000000,190000.000000,22.000000,0.000000,0.000000,188.166667,1.000000,22.000000,34.818262,False,False,False,True,False,False
0,22600,41920.000000,70383.000000,5.000000,0.000000,0.000000,178.786640,1.000000,26.000000,36.098694,False,True,False,False,False,False
0,31900,104092.000000,143832.000000,15.000000,0.000000,0.000000,235.201819,1.000000,40.000000,43.691524,False,False,True,False,False,False
1,19600,109500.000000,136000.000000,12.000000,2.000000,0.000000,183.966667,3.000000,32.000000,34.818262,False,False,False,True,False,False
0,22800,65019.000000,146840.000000,7.000000,0.000000,0.000000,173.466667,1.000000,20.000000,14.800087,False,False,True,False,False,False
0,12000,46000.000000,60200.000000,4.000000,0.000000,0.000000,176.500000,0.000000,14.000000,34.818262,False,False,True,False,False,False
0,26300,65019.000000,45913.000000,7.000000,0.000000,0.000000,92.577224,1.000000,13.000000,27.924001,False,False,True,False,False,False
0,10200,77571.000000,102732.000000,6.000000,0.000000,0.000000,100.629663,0.000000,34.000000,37.361514,True,False,False,True,False,False
0,9900,60488.000000,75507.000000,3.000000,0.000000,0.000000,239.433640,1.000000,17.000000,38.473075,True,False,True,False,False,False
0,7400,138033.000000,163162.000000,11.000000,0.000000,0.000000,224.847042,0.000000,19.000000,21.057574,True,False,False,True,False,False
0,14900,65303.000000,84590.000000,6.000000,0.000000,0.000000,121.064954,1.000000,19.000000,22.576824,False,True,False,False,False,False
1,8900,60782.000000,100000.000000,14.000000,0.000000,8.000000,129.866667,0.000000,36.000000,34.818262,True,False,False,True,False,False
0,21200,130373.000000,204384.000000,13.000000,0.000000,0.000000,197.044461,0.000000,21.000000,35.204435,True,False,False,True,False,False
1,29900,22000.000000,89235.500000,2.000000,2.000000,0.000000,81.133333,11.000000,10.000000,34.818262,False,False,True,False,False,False
0,23100,109498.000000,156191.000000,15.000000,0.000000,0.000000,186.201996,0.000000,25.000000,33.794212,False,False,False,False,False,False
0,20800,155315.000000,192038.000000,11.000000,0.000000,0.000000,114.482198,0.000000,23.000000,29.891572,False,False,False,True,False,False
0,16900,65019.000000,51549.000000,1.000000,0.000000,0.000000,75.413746,1.000000,8.000000,40.628199,False,True,False,False,False,False
0,20800,56597.000000,79582.000000,9.000000,1.000000,0.000000,67.691939,3.000000,27.000000,36.061234,False,False,False,False,False,False
0,21500,100727.000000,146904.000000,11.000000,0.000000,0.000000,153.223888,1.000000,23.000000,34.965963,True,False,False,True,False,False
0,11300,77846.000000,101984.000000,5.000000,0.000000,0.000000,112.384846,1.000000,27.000000,28.298734,True,False,False,True,False,False
0,20000,23140.000000,47548.000000,1.000000,0.000000,0.000000,322.004596,1.000000,24.000000,35.459510,False,False,True,False,False,False
0,26500,84769.000000,127773.000000,2.000000,0.000000,0.000000,190.860477,2.000000,25.000000,42.031639,False,False,True,False,False,False
0,13600,18232.000000,75898.000000,19.000000,0.000000,2.000000,399.355701,0.000000,12.000000,21.260895,False,False,False,True,False,False
0,16800,144756.000000,183810.000000,11.000000,0.000000,0.000000,243.542255,0.000000,20.000000,26.733983,False,False,False,False,False,False
1,12800,111000.000000,124500.000000,7.000000,1.000000,0.000000,203.900000,2.000000,40.000000,34.818262,False,False,False,False,True,False
0,28100,32470.000000,54522.000000,35.000000,0.000000,0.000000,295.496684,0.000000,23.000000,38.799483,False,False,True,False,False,False
0,14500,49348.000000,68000.000000,0.200000,0.000000,0.000000,178.600000,0.000000,25.000000,34.818262,False,True,False,False,False,False
1,18400,43188.000000,68876.000000,7.000000,0.000000,0.000000,199.000576,6.000000,25.000000,41.006103,False,False,True,False,False,False
0,12300,33061.000000,46277.000000,8.000000,0.000000,1.000000,154.899278,7.000000,28.000000,39.701783,False,False,True,False,False,False
0,29400,109457.000000,145453.000000,15.000000,0.000000,0.000000,222.858711,1.000000,40.000000,40.697418,False,False,True,False,False,False
0,3900,52825.000000,63000.000000,8.000000,0.000000,4.000000,171.666667,1.000000,31.000000,34.818262,False,False,False,True,False,False
0,22400,95539.000000,124566.000000,9.000000,0.000000,0.000000,140.695502,1.000000,24.000000,31.869810,True,False,False,False,False,False
0,15000,65019.000000,87360.000000,28.000000,0.000000,0.000000,323.633333,0.000000,16.000000,34.818262,False,True,False,False,False,False
0,19200,68902.000000,98737.000000,1.000000,0.000000,0.000000,166.816574,4.000000,19.000000,33.035076,False,True,False,False,False,False
0,14600,59658.000000,80384.000000,8.000000,0.000000,0.000000,173.466667,1.000000,20.000000,25.192869,False,False,True,False,False,False
1,6800,65019.000000,27410.000000,6.000000,1.000000,0.000000,2.033333,1.000000,5.000000,34.818262,True,False,False,False,False,False
0,9300,65019.000000,55350.000000,9.000000,0.000000,0.000000,308.340332,2.000000,13.000000,33.635525,True,False,True,False,False,False
0,36500,18101.000000,42320.000000,7.000000,0.000000,0.000000,49.746203,0.000000,7.000000,36.501009,False,False,False,False,False,False
1,11100,52028.000000,77316.000000,7.000000,0.000000,2.000000,194.484897,1.000000,12.000000,30.797674,True,False,True,False,False,False
0,25300,118744.000000,153552.000000,5.000000,0.000000,0.000000,307.876199,1.000000,35.000000,43.469263,False,True,False,False,False,False
0,17000,27088.000000,166437.000000,7.000000,0.000000,0.000000,306.674171,0.000000,27.000000,26.156718,True,False,False,False,False,True
0,13900,88746.000000,108160.000000,9.000000,0.000000,0.000000,234.948951,0.000000,25.000000,30.951437,True,False,False,False,False,False
1,27500,137900.000000,184000.000000,10.000000,0.000000,0.000000,173.466667,0.000000,0.000000,34.818262,False,True,False,False,False,False
0,24400,61260.000000,103842.000000,1.000000,0.000000,0.000000,179.540285,0.000000,26.000000,33.590455,False,False,False,True,False,False
0,24200,49798.000000,67458.000000,6.000000,0.000000,0.000000,68.931110,2.000000,18.000000,36.464366,False,False,True,False,False,False
0,50000,44000.000000,59000.000000,12.000000,0.000000,1.000000,102.500000,2.000000,26.000000,34.818262,False,True,False,False,False,False
0,32800,37231.000000,80347.000000,9.000000,0.000000,0.000000,113.936593,1.000000,24.000000,32.170020,False,False,True,False,False,False
1,8000,49685.000000,81020.000000,2.000000,0.000000,3.000000,129.362466,0.000000,15.000000,47.000975,True,False,True,False,False,False
0,25700,32039.000000,54499.000000,15.000000,0.000000,0.000000,114.807412,2.000000,24.000000,31.142957,False,False,True,False,False,False
0,13200,155478.000000,183646.000000,5.000000,0.000000,0.000000,196.241371,1.000000,55.000000,35.602875,True,True,False,False,False,False
0,45000,65019.000000,76673.000000,11.000000,0.000000,0.000000,297.300000,0.000000,13.000000,34.818262,True,True,False,False,False,False
0,17100,91502.000000,113251.000000,18.000000,0.000000,0.000000,289.954401,0.000000,16.000000,24.458321,False,False,True,False,False,False
0,24700,53925.000000,83056.000000,4.000000,0.000000,0.000000,251.188393,2.000000,25.000000,34.889242,False,False,False,False,False,False
0,12200,57112.000000,76050.000000,1.000000,0.000000,0.000000,235.229269,0.000000,9.000000,35.113185,False,False,True,False,False,False
0,14300,67018.000000,81805.000000,1.000000,0.000000,0.000000,253.592451,3.000000,25.000000,30.686219,False,False,True,False,False,False
0,21800,80092.000000,98561.000000,5.000000,0.000000,0.000000,73.317930,7.000000,24.000000,37.138284,False,False,False,False,False,False
1,9500,36114.000000,45654.000000,0.000000,0.000000,0.000000,83.333292,0.000000,9.000000,25.343478,False,True,False,False,False,False
1,11000,63975.000000,235000.000000,4.000000,5.000000,0.000000,123.766667,1.000000,17.000000,34.818262,True,False,False,True,False,False
0,10000,41949.000000,51684.000000,15.000000,0.000000,0.000000,84.123451,0.000000,12.000000,31.267319,False,False,True,False,False,False
0,17500,17889.000000,94453.000000,19.000000,0.000000,0.000000,244.356227,2.000000,41.000000,35.744771,False,False,True,False,False,False
0,13700,89345.000000,105590.000000,6.000000,0.000000,0.000000,201.042402,2.000000,37.000000,43.471677,False,False,False,True,False,False
0,20800,51562.000000,99997.000000,1.000000,0.000000,4.000000,168.314577,0.000000,47.000000,35.231393,False,True,False,False,False,False
0,12600,37699.000000,59874.000000,22.000000,0.000000,0.000000,114.235952,0.000000,23.000000,38.682676,True,False,True,False,False,False
0,25500,26603.000000,64347.000000,1.000000,0.000000,0.000000,117.432365,1.000000,6.000000,39.257912,False,True,False,False,False,False
0,27600,65019.000000,117581.000000,10.000000,0.000000,0.000000,165.005839,0.000000,27.000000,34.998728,False,False,False,False,False,False
1,11600,44623.000000,89235.500000,13.000000,6.000000,2.000000,178.093222,0.000000,29.000000,21.334652,True,False,False,True,False,False
1,39500,65019.000000,50000.000000,7.000000,0.000000,0.000000,51.766667,0.000000,14.000000,34.818262,False,False,True,False,False,False
0,18500,10934.000000,66367.000000,1.000000,0.000000,0.000000,326.567328,0.000000,5.000000,38.151671,False,False,False,False,True,False
0,43000,18388.000000,64896.000000,20.000000,0.000000,0.000000,207.066463,0.000000,31.000000,40.777877,False,False,True,False,False,False
1,15000,40772.000000,62025.000000,7.000000,0.000000,1.000000,120.600000,2.000000,19.000000,34.818262,True,False,True,False,False,False
1,5500,65019.000000,13770.000000,5.000000,0.000000,1.000000,167.366667,1.000000,8.000000,34.818262,True,False,False,False,False,False
0,17000,70039.000000,100993.000000,7.000000,0.000000,0.000000,261.911317,1.000000,11.000000,36.564330,True,False,False,True,False,False
1,11700,69100.000000,85000.000000,3.800000,3.000000,0.000000,80.100000,0.000000,22.000000,34.818262,False,False,False,False,False,False
1,5000,100882.000000,102700.000000,5.000000,0.000000,1.000000,58.866667,0.000000,16.000000,34.818262,True,False,False,False,False,False
1,13300,25698.000000,58760.000000,15.000000,0.000000,0.000000,147.910982,1.000000,10.000000,30.962077,True,False,False,False,False,True
0,10300,54925.000000,84078.000000,2.000000,0.000000,1.000000,189.695273,0.000000,13.000000,29.133697,True,False,True,False,False,False
0,17400,45861.000000,61256.000000,7.000000,0.000000,0.000000,132.019227,3.000000,48.000000,30.186567,False,False,True,False,False,False
1,50500,70318.000000,172288.000000,0.000000,0.000000,1.000000,106.201099,1.000000,13.000000,25.845264,True,False,True,False,False,False
0,9700,29094.000000,51990.000000,30.000000,0.000000,0.000000,246.195239,0.000000,19.000000,20.743365,False,False,True,False,False,False
1,25900,58000.000000,95000.000000,3.000000,0.000000,1.000000,34.666667,6.000000,28.000000,34.818262,False,False,False,False,False,True
0,17100,27842.000000,74459.000000,7.000000,0.000000,0.000000,248.718780,0.000000,49.000000,44.552154,True,False,True,False,False,False
0,11300,124205.000000,196124.000000,0.000000,0.000000,1.000000,332.723390,0.000000,15.000000,40.120168,True,True,False,False,False,False
0,15300,88251.000000,103063.000000,18.000000,0.000000,0.000000,127.566188,3.000000,23.000000,28.171777,True,False,True,False,False,False
0,7000,74795.000000,99149.000000,1.000000,0.000000,1.000000,175.571443,0.000000,32.000000,34.449665,True,False,True,False,False,False
0,13400,65662.000000,92050.000000,2.000000,0.000000,0.000000,20.759215,1.000000,3.000000,42.009390,False,False,True,False,False,False
0,18200,49653.000000,159076.000000,20.000000,0.000000,0.000000,231.549723,0.000000,27.000000,20.415932,False,False,False,True,False,False
0,20700,110307.000000,140902.000000,13.000000,0.000000,1.000000,243.323916,0.000000,24.000000,41.336740,False,True,False,False,False,False
0,9200,46707.000000,60000.000000,4.000000,0.000000,0.000000,192.800000,2.000000,17.000000,34.818262,False,False,False,False,False,False
0,14800,43983.000000,60826.000000,4.000000,1.000000,1.000000,113.897967,1.000000,9.000000,27.108082,False,False,True,False,False,False
1,3000,47000.000000,82700.000000,10.000000,0.000000,1.000000,262.166667,5.000000,26.000000,34.818262,True,False,False,True,False,False
0,14300,65019.000000,29115.000000,14.000000,0.000000,0.000000,82.066405,2.000000,7.000000,32.769786,False,False,True,False,False,False
0,24300,21660.000000,48475.000000,26.000000,0.000000,0.000000,102.782836,0.000000,10.000000,23.247958,False,False,True,False,False,False
0,12000,102109.000000,121229.000000,2.000000,0.000000,0.000000,104.482591,0.000000,25.000000,34.767289,False,False,True,False,False,False
0,15600,92789.000000,123455.000000,13.000000,0.000000,0.000000,176.734932,0.000000,26.000000,36.544273,False,False,True,False,False,False
0,15100,65019.000000,32289.000000,13.000000,0.000000,0.000000,81.954055,1.000000,9.000000,33.534708,False,False,True,False,False,False
1,16800,44983.000000,65000.000000,4.000000,2.000000,1.000000,77.033333,6.000000,43.000000,34.818262,False,False,False,False,True,False
0,24000,17575.000000,50375.000000,23.000000,0.000000,0.000000,135.764051,0.000000,11.000000,22.981005,False,False,True,False,False,False
0,25100,28244.000000,48375.000000,28.000000,0.000000,0.000000,303.095084,1.000000,13.000000,31.688818,False,False,True,False,False,False
0,24500,65019.000000,149489.000000,7.000000,0.000000,0.000000,173.466667,1.000000,20.000000,15.443486,False,False,True,False,False,False
0,11000,63314.000000,69285.000000,15.000000,0.000000,0.000000,244.017775,3.000000,32.000000,36.542570,False,False,False,True,False,False
1,19000,46300.000000,72000.000000,5.000000,1.000000,1.000000,215.033333,6.000000,24.000000,34.818262,False,False,False,True,False,False
0,23200,62811.000000,99320.000000,3.000000,0.000000,0.000000,166.861099,1.000000,21.000000,36.071272,False,True,False,False,False,False
0,32800,189564.000000,296728.000000,27.000000,0.000000,0.000000,155.536897,0.000000,23.000000,38.053317,False,False,True,False,False,False
0,19200,73339.000000,95426.000000,1.000000,0.000000,0.000000,169.979750,4.000000,19.000000,33.299296,False,True,False,False,False,False
1,21000,52411.000000,90031.000000,5.000000,2.000000,1.000000,90.425475,3.000000,24.000000,41.966249,False,False,False,True,False,False
0,22200,45148.000000,85341.000000,24.000000,0.000000,0.000000,275.601041,1.000000,7.000000,23.461609,True,False,True,False,False,False
0,26300,25530.000000,79885.000000,7.000000,1.000000,1.000000,105.638789,2.000000,26.000000,29.928637,False,False,True,False,False,False
0,27000,50375.000000,70656.000000,8.000000,0.000000,0.000000,125.716041,1.000000,20.000000,43.133845,False,False,True,False,False,False
0,6700,66587.000000,70710.000000,9.000000,1.000000,0.000000,43.923383,1.000000,24.000000,39.738576,False,False,False,True,False,False
0,10100,55738.000000,73266.000000,5.000000,0.000000,0.000000,85.635235,1.000000,14.000000,24.534325,False,True,False,False,False,False
0,32500,193409.000000,297294.000000,30.000000,0.000000,0.000000,150.799854,0.000000,22.000000,40.592780,False,False,True,False,False,False
1,15000,18500.000000,19000.000000,2.000000,0.000000,1.000000,20.166667,0.000000,2.000000,34.818262,False,False,True,False,False,False
1,2400,18000.000000,89235.500000,22.000000,0.000000,2.000000,121.733333,0.000000,10.000000,34.818262,True,False,False,False,False,False
0,9800,81199.000000,206201.000000,12.000000,0.000000,0.000000,2.820786,1.000000,7.000000,21.283868,True,False,False,False,False,True
0,16100,51041.000000,72749.000000,8.000000,0.000000,0.000000,90.325951,2.000000,15.000000,43.897730,False,False,True,False,False,False
0,20800,29503.000000,54923.000000,7.000000,0.000000,0.000000,215.480714,0.000000,12.000000,38.732132,False,False,True,False,False,False
1,5000,63125.000000,126500.000000,3.000000,0.000000,0.000000,100.300000,0.000000,14.000000,34.818262,True,True,False,False,False,False
0,8200,66254.000000,74994.000000,7.000000,0.000000,0.000000,60.384863,1.000000,24.000000,39.726105,False,False,False,True,False,False
0,26900,57414.000000,92916.000000,0.000000,0.000000,0.000000,70.281906,0.000000,22.000000,34.396302,False,True,False,False,False,False
0,9300,65019.000000,45906.000000,7.000000,0.000000,0.000000,92.821714,1.000000,9.000000,36.141276,True,False,True,False,False,False
0,15900,94108.000000,113888.000000,2.000000,0.000000,0.000000,140.510054,0.000000,21.000000,36.318788,True,True,False,False,False,False
0,14000,46541.000000,64338.000000,0.000000,0.000000,0.000000,204.409443,1.000000,12.000000,28.364799,False,False,True,False,False,False
0,20200,88020.000000,139200.000000,10.000000,0.000000,0.000000,99.046402,3.000000,15.000000,39.916957,False,False,True,False,False,False
0,10900,57494.000000,66704.000000,6.000000,0.000000,0.000000,115.312749,1.000000,24.000000,39.510986,False,False,False,False,False,False
1,30900,106717.000000,89235.500000,4.000000,2.000000,4.000000,172.432355,0.000000,13.000000,47.795906,False,False,False,False,False,False
0,26900,69446.000000,104590.000000,11.000000,0.000000,0.000000,287.275992,1.000000,32.000000,41.499060,False,False,False,True,False,False
0,25900,56784.000000,91401.000000,2.000000,0.000000,1.000000,90.163697,0.000000,23.000000,34.098932,False,True,False,False,False,False
0,16900,66812.000000,90973.000000,9.000000,0.000000,0.000000,108.005526,0.000000,10.000000,37.469018,True,True,False,False,False,False
1,25000,132000.000000,165000.000000,10.000000,0.000000,0.000000,196.833333,1.000000,29.000000,34.818262,False,False,False,True,False,False
0,15300,65019.000000,92320.000000,28.000000,0.000000,0.000000,325.998449,0.000000,15.000000,15.335560,False,True,False,False,False,False
1,18200,67809.000000,89339.000000,0.000000,3.000000,0.000000,102.460986,2.000000,19.000000,38.345341,False,False,False,False,True,False
0,8700,77930.000000,80164.000000,20.000000,0.000000,0.000000,350.528410,1.000000,47.000000,29.662360,True,False,True,False,False,False
0,19400,39334.000000,103578.000000,6.000000,0.000000,0.000000,127.530516,0.000000,15.000000,31.367627,True,False,True,False,False,False
0,12000,30777.000000,43157.000000,8.000000,0.000000,0.000000,151.699431,7.000000,28.000000,38.177743,False,False,True,False,False,False
0,8000,82547.000000,105361.000000,24.000000,0.000000,0.000000,52.593264,2.000000,13.000000,32.160923,False,False,False,True,False,False
1,23000,32000.000000,55000.000000,0.400000,0.000000,0.000000,211.033333,0.000000,23.000000,34.818262,False,False,True,False,False,False
0,25600,241570.000000,264772.000000,4.000000,1.000000,0.000000,260.741989,2.000000,50.000000,37.379975,True,False,False,False,False,True
0,23800,45279.000000,68939.000000,6.000000,0.000000,0.000000,77.228822,1.000000,19.000000,35.521487,False,False,True,False,False,False
0,13000,44875.000000,57713.000000,0.000000,1.000000,0.000000,184.990324,1.000000,12.000000,28.602076,False,False,True,False,False,False
0,7100,65019.000000,74753.000000,2.000000,0.000000,0.000000,48.854645,0.000000,4.000000,41.302547,True,True,False,False,False,False
0,10700,55341.000000,78062.000000,3.000000,0.000000,1.000000,192.596855,0.000000,12.000000,28.828649,True,False,True,False,False,False
0,10300,82889.000000,97189.000000,2.000000,0.000000,0.000000,82.507446,2.000000,24.000000,39.536987,False,False,False,False,False,False
1,15000,63000.000000,100050.000000,7.000000,1.000000,0.000000,135.300000,1.000000,20.000000,34.818262,False,False,True,False,False,False
0,18900,154563.000000,198790.000000,7.000000,0.000000,0.000000,173.466667,1.000000,15.000000,29.472614,False,False,True,False,False,False
0,5800,65019.000000,41119.000000,2.000000,0.000000,0.000000,261.405219,0.000000,26.000000,42.191942,True,False,True,False,False,False
0,10500,64295.000000,73594.000000,19.000000,0.000000,0.000000,157.246550,0.000000,11.000000,33.556312,False,False,True,False,False,False
1,2000,45000.000000,55000.000000,3.000000,0.000000,0.000000,86.066667,2.000000,25.000000,34.818262,True,False,True,False,False,False
1,15000,106239.000000,135942.000000,19.500000,0.000000,1.000000,9.100000,2.000000,24.000000,34.818262,False,False,False,True,False,False
0,31300,188655.000000,298090.000000,28.000000,0.000000,0.000000,153.086855,0.000000,22.000000,40.296771,False,False,True,False,False,False
0,15000,27954.000000,79333.000000,7.000000,0.000000,0.000000,256.003805,1.000000,49.000000,42.581949,True,False,True,False,False,False
0,42100,21137.000000,65676.000000,21.000000,0.000000,0.000000,194.346324,1.000000,31.000000,43.205911,False,False,True,False,False,False
0,24700,23231.000000,54024.000000,24.000000,0.000000,0.000000,118.154092,0.000000,11.000000,23.265225,False,False,True,False,False,False
0,15200,40341.000000,58834.000000,7.000000,0.000000,0.000000,100.014455,0.000000,15.000000,41.102677,False,False,True,False,False,False
0,16500,126872.000000,167611.000000,5.000000,0.000000,0.000000,136.122435,1.000000,21.000000,26.404528,False,True,False,False,False,False
0,8400,62583.000000,77481.000000,6.000000,0.000000,0.000000,98.672705,2.000000,15.000000,26.308380,False,True,False,False,False,False
0,16900,30856.000000,56961.000000,11.000000,0.000000,0.000000,116.817707,1.000000,10.000000,20.344582,True,False,True,False,False,False
1,36500,84978.000000,125000.000000,10.000000,0.000000,1.000000,213.066667,0.000000,64.000000,34.818262,False,False,False,False,False,True
1,50100,256431.000000,89235.500000,0.000000,0.000000,4.000000,142.343205,2.000000,25.000000,3.342570,False,False,True,False,False,False
0,30100,138322.000000,186139.000000,2.000000,0.000000,0.000000,215.750868,2.000000,19.000000,39.189142,False,False,False,True,False,False
0,47500,95847.000000,152789.000000,16.000000,0.000000,0.000000,230.067277,8.000000,18.000000,38.959253,False,False,True,False,False,False
0,23000,65019.000000,49906.000000,7.000000,0.000000,0.000000,96.756969,1.000000,13.000000,27.441242,False,False,True,False,False,False
0,9400,61185.000000,65302.000000,1.000000,0.000000,2.000000,117.171004,2.000000,18.000000,35.611944,False,False,True,False,False,False
0,38200,92227.000000,143087.000000,13.000000,0.000000,0.000000,61.178335,1.000000,36.000000,40.329542,False,False,True,False,False,False
0,16600,77380.000000,123638.000000,7.000000,0.000000,0.000000,173.466667,1.000000,20.000000,34.118615,False,False,True,False,False,False
0,15700,46423.000000,72198.000000,0.000000,0.000000,2.000000,267.438855,1.000000,10.000000,36.529320,False,False,True,False,False,False
0,14800,65019.000000,43475.000000,7.000000,0.000000,0.000000,339.700000,1.000000,17.000000,34.818262,False,False,True,False,False,False
0,30500,10952.000000,65166.000000,0.000000,0.000000,0.000000,91.951604,1.000000,6.000000,37.692624,False,False,True,False,False,False
0,20200,41479.000000,70102.000000,5.000000,0.000000,0.000000,172.911715,2.000000,26.000000,33.834671,False,True,False,False,False,False
0,27300,65019.000000,37531.000000,22.000000,0.000000,0.000000,82.660269,2.000000,14.000000,29.609848,True,False,True,False,False,False
0,16100,68905.000000,91572.000000,3.000000,0.000000,0.000000,165.457125,0.000000,25.000000,24.920120,False,True,False,False,False,False
0,25900,108319.000000,135884.000000,8.000000,1.000000,0.000000,188.375802,5.000000,18.000000,40.504855,False,False,False,False,False,False
0,16400,47428.000000,76483.000000,4.000000,0.000000,0.000000,232.315545,3.000000,31.000000,33.106836,False,False,False,True,False,False
0,27900,55859.000000,92179.000000,0.000000,0.000000,1.000000,94.932544,0.000000,23.000000,33.097899,False,True,False,False,False,False
0,15300,65298.000000,94301.000000,1.000000,0.000000,0.000000,150.499868,4.000000,19.000000,31.357642,False,True,False,False,False,False
1,15000,71269.000000,97500.000000,9.000000,0.000000,0.000000,118.166667,1.000000,19.000000,34.818262,False,False,True,False,False,False
0,15700,80200.000000,88545.000000,21.000000,0.000000,0.000000,242.600388,10.000000,24.000000,36.297033,False,False,False,False,False,False
1,18000,114000.000000,147140.000000,5.000000,0.000000,0.000000,122.733333,2.000000,13.000000,34.818262,False,False,True,False,False,False
0,10900,56793.000000,68825.000000,3.000000,0.000000,0.000000,225.889041,0.000000,9.000000,34.727875,False,False,True,False,False,False
0,12800,100241.000000,113073.000000,17.000000,0.000000,1.000000,197.273679,1.000000,15.000000,39.467588,False,False,True,False,False,False
0,5100,65019.000000,28291.000000,2.000000,0.000000,0.000000,277.944561,1.000000,14.000000,23.644691,False,False,True,False,False,False
0,20100,78915.000000,119400.000000,18.000000,0.000000,0.000000,232.826706,4.000000,30.000000,36.648680,False,False,False,False,False,False
1,10000,16288.000000,48600.000000,24.000000,0.000000,0.000000,268.833333,1.000000,16.000000,34.818262,False,False,True,False,False,False
0,15300,101311.000000,113253.000000,0.000000,0.000000,0.000000,140.075771,1.000000,21.000000,40.667462,False,False,True,False,False,False
0,43700,5137.000000,67256.000000,7.000000,0.000000,0.000000,306.995371,0.000000,18.000000,16.678676,True,True,False,False,False,False
1,16500,92900.000000,116000.000000,10.000000,1.000000,0.000000,83.166667,1.000000,27.000000,34.818262,False,False,False,False,False,False
1,41600,65019.000000,44157.000000,7.000000,0.000000,2.000000,202.151546,0.000000,15.000000,34.908632,False,False,True,False,False,False
0,10800,49953.000000,75322.000000,0.000000,0.000000,0.000000,58.892731,8.000000,21.000000,23.875946,False,False,True,False,False,False
0,59700,39253.000000,69299.000000,2.000000,0.000000,0.000000,110.876229,0.000000,21.000000,29.319501,False,False,True,False,False,False
0,27900,69589.000000,115061.000000,5.000000,0.000000,0.000000,97.863845,1.000000,32.000000,41.473972,False,False,True,False,False,False
0,13900,65019.000000,27779.000000,12.000000,0.000000,0.000000,95.948665,1.000000,9.000000,34.166345,False,False,True,False,False,False
0,23500,65019.000000,59600.000000,26.000000,0.000000,0.000000,127.800000,0.000000,9.000000,34.818262,False,False,True,False,False,False
0,9000,82700.000000,121000.000000,9.000000,0.000000,0.000000,131.900000,1.000000,22.000000,34.818262,False,True,False,False,False,False
0,10500,41467.000000,58329.000000,2.000000,0.000000,0.000000,187.713486,0.000000,22.000000,27.861124,False,False,False,False,False,False
0,18300,55584.000000,95236.000000,10.000000,0.000000,0.000000,173.466667,1.000000,15.000000,24.590633,False,False,False,True,False,False
0,53200,182033.000000,258678.000000,5.000000,0.000000,0.000000,227.717729,2.000000,32.000000,39.931353,False,False,False,True,False,False
0,26900,54071.000000,85557.000000,0.000000,0.000000,2.000000,91.209976,0.000000,22.000000,34.597192,False,True,False,False,False,False
1,11100,65019.000000,26400.000000,8.000000,0.000000,0.000000,173.466667,2.000000,0.000000,34.818262,True,False,True,False,False,False
0,9400,76989.000000,88788.000000,24.000000,0.000000,0.000000,350.639006,0.000000,46.000000,30.061371,True,False,True,False,False,False
0,13700,88654.000000,114011.000000,10.000000,0.000000,0.000000,250.329584,0.000000,25.000000,30.971730,True,False,False,False,False,False
0,9000,75453.000000,100646.000000,3.000000,0.000000,0.000000,126.309835,0.000000,26.000000,33.758466,False,False,False,True,False,False
1,18200,95091.000000,113294.000000,15.000000,0.000000,3.000000,188.504617,0.000000,36.000000,78.654386,False,False,False,True,False,False
1,30500,18375.000000,61738.000000,20.000000,3.000000,5.000000,141.703133,0.000000,28.000000,45.354789,False,False,False,False,False,False
0,10100,154005.000000,175684.000000,4.000000,0.000000,0.000000,189.366307,0.000000,56.000000,33.971222,True,True,False,False,False,False
0,27600,112753.000000,155166.000000,6.000000,0.000000,0.000000,124.990955,3.000000,26.000000,32.088681,False,False,False,True,False,False
0,10500,57372.000000,67960.000000,1.500000,0.000000,0.000000,158.266667,2.000000,35.000000,34.818262,False,False,False,True,False,False
0,26100,50605.000000,77841.000000,21.000000,0.000000,0.000000,286.448204,1.000000,31.000000,41.173805,False,False,True,False,False,False
1,2400,65019.000000,17180.000000,7.000000,0.000000,0.000000,14.566667,3.000000,4.000000,34.818262,True,False,True,False,False,False
0,13400,66737.000000,71117.000000,0.000000,0.000000,0.000000,163.131859,2.000000,34.000000,40.943866,False,False,False,True,False,False
0,18400,94280.000000,122172.000000,23.000000,0.000000,0.000000,280.048834,2.000000,16.000000,33.363529,False,True,False,False,False,False
0,36500,87683.000000,131532.000000,32.000000,0.000000,0.000000,351.025752,0.000000,20.000000,40.178651,False,False,False,False,False,False
0,17500,23288.000000,94904.000000,8.000000,0.000000,0.000000,145.120737,0.000000,20.000000,29.675382,False,False,False,True,False,False
0,18000,97523.000000,130166.000000,5.000000,0.000000,0.000000,247.972824,3.000000,42.000000,40.591687,False,False,False,False,False,False
0,29800,225481.000000,290762.000000,13.000000,0.000000,1.000000,239.321631,1.000000,26.000000,24.777985,False,False,False,True,False,False
0,12500,65019.000000,89235.500000,7.000000,0.000000,0.000000,173.466667,1.000000,20.000000,27.352644,False,False,True,False,False,False
1,41200,48400.000000,99500.000000,3.000000,1.000000,1.000000,203.800000,2.000000,38.000000,34.818262,False,False,True,False,False,False
0,13400,69612.000000,87728.000000,3.000000,0.000000,0.000000,165.030267,1.000000,35.000000,30.444839,False,False,True,False,False,False
0,9000,29000.000000,51740.000000,31.000000,0.000000,0.000000,243.200000,0.000000,19.000000,34.818262,False,False,True,False,False,False
1,15000,5500.000000,29025.000000,25.000000,0.000000,5.000000,275.500000,1.000000,19.000000,34.818262,False,False,True,False,False,False
0,42600,13284.000000,64273.000000,7.000000,0.000000,0.000000,310.398322,0.000000,19.000000,15.249613,True,True,False,False,False,False
0,32000,232000.000000,36300.000000,3.000000,0.000000,2.000000,206.033333,3.000000,50.000000,34.818262,False,False,False,False,False,False
0,24500,80072.000000,107559.000000,18.000000,0.000000,0.000000,194.877460,0.000000,12.000000,39.210170,False,False,True,False,False,False
1,7900,55383.000000,70020.000000,12.000000,2.000000,0.000000,80.778942,10.000000,8.000000,44.858977,False,False,True,False,False,False
1,14000,65000.000000,89235.500000,23.000000,0.000000,3.000000,109.566667,1.000000,15.000000,34.818262,False,False,True,False,False,False
1,9600,42357.000000,99756.000000,4.000000,1.000000,4.000000,354.650225,0.000000,30.000000,36.525173,True,True,False,False,False,False
0,68000,191000.000000,288000.000000,11.000000,0.000000,0.000000,218.100000,3.000000,25.000000,34.818262,False,False,False,False,False,True
0,23500,65019.000000,66217.000000,24.000000,0.000000,1.000000,122.147551,1.000000,8.000000,20.172021,False,False,True,False,False,False
1,25000,82000.000000,128325.000000,7.000000,0.000000,1.000000,10.133333,1.000000,41.000000,34.818262,False,False,False,False,False,False
0,22300,34326.000000,103199.000000,6.000000,0.000000,0.000000,141.677030,0.000000,14.000000,30.471799,True,False,True,False,False,False
0,13100,69259.000000,75149.000000,11.000000,0.000000,0.000000,240.410292,3.000000,37.000000,40.735604,False,True,False,False,False,False
0,14900,65019.000000,44066.000000,0.000000,0.000000,0.000000,313.779731,1.000000,8.000000,27.751943,True,False,True,False,False,False
0,9300,54088.000000,66961.000000,22.000000,0.000000,0.000000,278.160473,3.000000,28.000000,40.823542,False,False,True,False,False,False
0,18000,107546.000000,176314.000000,6.000000,0.000000,0.000000,218.019386,3.000000,23.000000,40.152144,False,True,False,False,False,False
0,7000,46225.000000,59000.000000,16.000000,0.000000,4.000000,219.133333,0.000000,37.000000,34.818262,False,False,True,False,False,False
0,50600,178073.000000,255435.000000,5.000000,0.000000,0.000000,238.177055,1.000000,33.000000,37.501489,False,False,False,True,False,False
0,18100,22203.000000,138057.000000,8.000000,0.000000,0.000000,356.909067,1.000000,10.000000,40.874382,False,False,True,False,False,False
0,10000,65019.000000,69502.000000,7.000000,0.000000,0.000000,173.466667,1.000000,20.000000,25.772783,False,False,True,False,False,False
0,9000,12340.000000,36133.000000,7.000000,0.000000,0.000000,173.466667,1.000000,20.000000,31.703815,False,False,True,False,False,False
1,12000,87917.000000,89235.500000,12.900000,0.000000,1.000000,71.000000,0.000000,12.000000,34.818262,False,False,True,False,False,False
0,4000,67625.000000,80698.000000,11.000000,0.000000,1.000000,212.349304,0.000000,25.000000,39.128718,True,False,False,False,False,False
0,6600,74376.000000,84855.000000,3.000000,0.000000,0.000000,173.466667,1.000000,20.000000,20.028354,False,False,True,False,False,False
1,8400,44800.000000,56000.000000,0.000000,1.000000,5.000000,314.500000,4.000000,42.000000,34.818262,False,False,True,False,False,False
0,17200,90567.000000,118761.000000,14.000000,0.000000,0.000000,139.340170,2.000000,9.000000,34.784870,False,False,True,False,False,False
0,12800,99160.000000,114619.000000,2.000000,0.000000,0.000000,142.212562,0.000000,22.000000,35.949877,True,True,False,False,False,False
0,8100,43553.000000,88242.000000,2.000000,0.000000,0.000000,207.940469,4.000000,30.000000,31.329652,False,False,True,False,False,False
0,21500,10193.000000,75649.000000,7.000000,0.000000,0.000000,247.813971,0.000000,22.000000,39.148512,False,True,False,False,False,False
0,22400,103000.000000,132500.000000,10.000000,2.000000,0.000000,187.733333,5.000000,18.000000,34.818262,False,False,False,False,False,False
0,9800,56188.000000,90143.000000,17.000000,0.000000,0.000000,171.413658,0.000000,29.000000,25.621650,True,False,True,False,False,False
0,22400,38669.000000,105881.000000,6.000000,0.000000,0.000000,125.242842,0.000000,14.000000,32.778271,True,False,True,False,False,False
1,7000,25000.000000,49840.000000,0.600000,0.000000,0.000000,139.000000,0.000000,13.000000,34.818262,False,True,False,False,False,False
0,11500,70409.000000,89099.000000,9.000000,0.000000,0.000000,169.401652,0.000000,11.000000,40.174430,False,False,False,True,False,False
0,13200,22270.000000,38437.000000,5.000000,0.000000,1.000000,107.773387,0.000000,17.000000,20.643200,False,True,False,False,False,False
0,43500,65019.000000,51496.000000,7.000000,6.000000,0.000000,109.270560,1.000000,20.000000,26.625879,False,False,True,False,False,False
0,19200,101641.000000,160839.000000,7.000000,1.000000,0.000000,260.834993,1.000000,23.000000,37.123604,False,False,True,False,False,False
0,21600,30022.000000,51337.000000,0.000000,0.000000,0.000000,312.199784,1.000000,25.000000,35.379681,False,False,True,False,False,False
0,7900,42400.000000,53000.000000,2.000000,0.000000,1.000000,95.366667,0.000000,20.000000,34.818262,False,False,True,False,False,False
0,34100,138523.000000,196555.000000,21.000000,0.000000,0.000000,185.005435,1.000000,22.000000,38.896040,False,False,False,True,False,False
1,15000,74000.000000,90000.000000,9.000000,1.000000,3.000000,136.966667,0.000000,27.000000,34.818262,False,False,False,True,False,False
0,30200,124000.000000,171366.000000,13.000000,0.000000,0.000000,176.500000,2.000000,28.000000,34.818262,False,False,False,False,False,False
0,31300,119911.000000,171916.000000,16.000000,0.000000,0.000000,140.449471,0.000000,16.000000,27.689911,False,False,False,True,False,False
0,20800,56364.000000,115760.000000,16.000000,0.000000,0.000000,261.814056,0.000000,19.000000,24.797958,False,False,False,True,False,False
0,22400,18371.000000,38311.000000,1.000000,0.000000,0.000000,37.235000,2.000000,3.000000,29.476003,False,False,True,False,False,False
0,13300,44952.000000,56394.000000,7.000000,0.000000,0.000000,74.435993,0.000000,14.000000,41.060321,False,False,True,False,False,False
0,15600,65019.000000,66837.000000,9.000000,0.000000,0.000000,94.690685,0.000000,15.000000,26.322570,False,False,True,False,False,False
0,64200,64888.000000,145725.000000,10.000000,0.000000,1.000000,136.947811,0.000000,11.000000,40.531823,True,True,False,False,False,False
0,26600,122501.000000,153280.000000,2.000000,0.000000,0.000000,289.581723,0.000000,25.000000,38.129712,False,False,False,False,False,False
0,9300,39307.000000,51680.000000,8.000000,0.000000,0.000000,196.014635,0.000000,23.000000,30.731572,False,True,False,False,False,False
0,54000,176922.000000,256977.000000,6.000000,0.000000,0.000000,225.565700,2.000000,33.000000,37.989689,False,False,False,True,False,False
0,22800,74979.000000,109716.000000,9.000000,0.000000,1.000000,289.822370,1.000000,28.000000,31.479907,False,False,False,False,False,False
0,6100,77265.000000,97944.000000,0.000000,0.000000,0.000000,173.466667,1.000000,20.000000,28.876463,False,False,False,True,False,False
0,69600,198702.000000,293252.000000,10.000000,0.000000,0.000000,208.299007,2.000000,24.000000,27.761644,False,False,False,False,False,True
0,11700,15163.000000,74500.000000,19.000000,0.000000,2.000000,378.825819,1.000000,11.000000,20.090783,False,False,False,True,False,False
0,7900,41935.000000,53543.000000,8.000000,0.000000,0.000000,203.544610,1.000000,22.000000,31.491687,False,True,False,False,False,False
0,17200,103519.000000,118074.000000,0.000000,0.000000,0.000000,102.678612,1.000000,21.000000,41.418353,False,False,True,False,False,False
1,21400,166244.000000,212505.000000,4.000000,2.000000,7.000000,183.548040,4.000000,24.000000,38.149059,False,False,False,True,False,False
0,15500,56206.000000,137388.000000,2.000000,0.000000,0.000000,275.523546,4.000000,42.000000,39.744299,False,False,True,False,False,False
1,8300,10000.000000,63775.000000,0.000000,0.000000,0.000000,200.866667,0.000000,14.000000,34.818262,True,False,True,False,False,False
1,12000,42000.000000,58000.000000,5.000000,0.000000,1.000000,113.633333,1.000000,18.000000,34.818262,False,False,True,False,False,False
0,19900,25589.000000,90051.000000,8.000000,0.000000,0.000000,138.990514,0.000000,20.000000,30.271092,False,False,False,True,False,False
0,12700,9038.000000,65969.000000,7.000000,1.000000,1.000000,346.580103,0.000000,22.000000,13.347213,True,False,True,False,False,False
0,5600,15275.000000,47954.000000,7.000000,0.000000,0.000000,204.335245,0.000000,12.000000,42.397770,True,False,False,False,False,True
0,14900,66329.000000,100824.000000,9.000000,0.000000,0.000000,279.240751,0.000000,11.000000,36.198375,True,False,False,True,False,False
0,11700,37093.000000,62116.000000,7.000000,0.000000,0.000000,173.466667,1.000000,20.000000,37.010949,False,False,False,False,False,False
0,29200,139299.000000,180818.000000,1.000000,0.000000,0.000000,226.861145,1.000000,19.000000,40.817309,False,False,False,True,False,False
0,52200,65019.000000,90240.000000,7.000000,0.000000,0.000000,341.828812,0.000000,7.000000,24.016671,True,False,True,False,False,False
0,8000,65019.000000,34226.000000,7.000000,0.000000,1.000000,75.366667,1.000000,10.000000,34.818262,True,False,True,False,False,False
0,17200,53849.000000,102326.000000,1.000000,0.000000,3.000000,57.166745,1.000000,9.000000,39.991154,True,False,True,False,False,False
1,39600,65019.000000,44000.000000,7.000000,0.000000,3.000000,214.033333,1.000000,16.000000,34.818262,False,False,True,False,False,False
1,20200,33000.000000,62400.000000,1.000000,0.000000,0.000000,123.800000,2.000000,2.000000,34.818262,True,False,True,False,False,False
0,11700,65019.000000,69125.000000,7.000000,0.000000,0.000000,173.466667,1.000000,20.000000,23.766832,False,False,True,False,False,False
0,20600,65019.000000,28635.000000,5.000000,0.000000,0.000000,102.986863,0.000000,18.000000,19.447185,False,False,False,True,False,False
0,6300,69357.000000,73726.000000,3.000000,2.000000,0.000000,163.283933,1.000000,22.000000,42.407814,True,False,False,False,True,False
1,27400,23939.000000,56874.000000,3.000000,0.000000,1.000000,197.800000,0.000000,11.000000,34.818262,False,True,False,False,False,False
1,23900,65019.000000,105700.000000,0.800000,0.000000,0.000000,173.466667,1.000000,20.000000,34.818262,False,False,True,False,False,False
0,15700,74587.000000,93180.000000,19.000000,0.000000,0.000000,263.159163,10.000000,24.000000,35.404415,False,False,False,False,False,False
0,39600,134552.000000,193455.000000,7.000000,0.000000,0.000000,185.193837,0.000000,25.000000,33.217962,False,False,False,False,False,False
1,10000,28000.000000,73250.000000,2.000000,0.000000,0.000000,28.966667,4.000000,12.000000,34.818262,True,False,True,False,False,False
1,10000,34900.000000,48000.000000,3.000000,0.000000,0.000000,288.166667,1.000000,3.000000,34.818262,True,False,True,False,False,False
0,5800,46595.000000,58191.000000,5.000000,0.000000,0.000000,80.131746,0.000000,17.000000,24.140154,True,False,True,False,False,False
0,14900,60667.000000,81293.000000,6.000000,0.000000,0.000000,173.466667,1.000000,20.000000,27.573737,False,False,True,False,False,False
0,10200,16322.000000,86505.000000,8.000000,0.000000,0.000000,259.163820,0.000000,14.000000,21.253498,False,False,True,False,False,False
0,14300,85631.000000,100000.000000,20.000000,0.000000,0.000000,144.999297,3.000000,23.000000,30.130636,True,False,True,False,False,False
0,46200,117227.000000,174882.000000,12.000000,0.000000,0.000000,195.641187,0.000000,5.000000,40.621619,False,False,False,False,False,True
1,20500,106839.000000,144460.000000,13.000000,1.000000,1.000000,107.671382,4.000000,49.000000,39.687089,False,False,True,False,False,False
1,8300,82000.000000,111000.000000,6.000000,2.000000,2.000000,214.100000,2.000000,12.000000,34.818262,False,False,True,False,False,False
0,18700,11886.000000,63762.000000,0.000000,0.000000,0.000000,315.260500,0.000000,5.000000,39.675834,False,False,False,False,True,False
1,13500,65000.000000,89235.500000,14.000000,0.000000,2.000000,105.500000,4.000000,34.000000,34.818262,False,False,False,True,False,False
0,5400,86922.000000,119846.000000,5.000000,0.000000,0.000000,185.076347,1.000000,28.000000,26.354889,True,False,False,True,False,False
0,26400,220432.000000,283978.000000,6.000000,0.000000,5.000000,480.356014,1.000000,56.000000,33.714239,True,False,False,True,False,False
0,12000,98000.000000,123385.000000,10.000000,0.000000,0.000000,170.433333,3.000000,32.000000,34.818262,True,False,False,True,False,False
0,24600,71862.000000,94704.000000,1.000000,0.000000,0.000000,93.261713,2.000000,29.000000,35.290583,False,False,True,False,False,False
0,8000,47154.000000,65458.000000,2.000000,0.000000,0.000000,99.993790,3.000000,12.000000,38.873711,False,True,False,False,False,False
0,22000,71858.000000,99000.000000,18.000000,0.000000,0.000000,201.866667,1.000000,13.000000,34.818262,False,False,True,False,False,False
0,17700,82302.000000,111228.000000,4.000000,0.000000,0.000000,118.455904,0.000000,25.000000,37.160561,True,False,False,True,False,False
0,14200,73533.000000,88924.000000,21.000000,0.000000,0.000000,232.353323,10.000000,23.000000,36.470707,False,False,False,False,False,False
0,24400,112178.000000,159638.000000,17.000000,0.000000,0.000000,197.969559,0.000000,26.000000,33.130176,False,False,False,False,False,False
1,21800,76324.000000,102287.000000,6.000000,0.000000,1.000000,61.641325,4.000000,29.000000,41.032386,False,True,False,False,False,False
0,32500,232057.000000,286938.000000,15.000000,0.000000,1.000000,249.954933,2.000000,26.000000,25.254772,False,False,False,True,False,False
1,15000,47000.000000,73900.000000,2.000000,1.000000,5.000000,73.100000,1.000000,16.000000,34.818262,False,True,False,False,False,False
0,17200,48999.000000,76544.000000,5.000000,0.000000,0.000000,240.522747,3.000000,31.000000,32.841754,False,False,False,True,False,False
0,20100,65019.000000,22971.000000,5.000000,0.000000,0.000000,102.726654,1.000000,18.000000,18.507803,False,False,False,True,False,False
0,24000,111488.000000,163796.000000,15.000000,0.000000,0.000000,185.802050,0.000000,25.000000,32.229674,False,False,False,False,False,False
0,10500,63130.000000,71387.000000,3.000000,0.000000,2.000000,305.556928,0.000000,10.000000,32.177917,False,False,True,False,False,False
1,13900,56710.000000,59348.000000,14.000000,2.000000,1.000000,176.530327,0.000000,39.000000,24.393715,True,False,True,False,False,False
0,67400,66095.000000,147203.000000,10.000000,0.000000,0.000000,118.764761,0.000000,11.000000,42.045672,True,True,False,False,False,False
0,17800,13660.000000,173360.000000,23.000000,0.000000,0.000000,78.838899,2.000000,21.000000,30.062792,True,False,False,False,False,False
0,21500,107799.000000,160526.000000,16.000000,0.000000,0.000000,195.485680,0.000000,25.000000,32.378768,False,False,False,False,False,False
0,24200,22763.000000,47622.000000,23.000000,0.000000,0.000000,126.922691,1.000000,10.000000,23.040945,False,False,True,False,False,False
0,8000,76600.000000,96000.000000,2.000000,0.000000,0.000000,73.033333,2.000000,24.000000,34.818262,False,False,False,False,False,False
0,20200,25956.000000,92553.000000,7.000000,0.000000,0.000000,156.269320,0.000000,21.000000,28.290440,False,False,False,True,False,False
0,7000,58114.000000,93391.000000,6.000000,0.000000,0.000000,200.077755,1.000000,24.000000,31.736512,True,False,False,True,False,False
1,13900,65019.000000,80868.000000,18.000000,0.000000,0.000000,278.301424,1.000000,7.000000,43.313200,False,False,False,True,False,False
0,26800,133594.000000,173255.000000,8.000000,0.000000,0.000000,215.968328,1.000000,19.000000,36.946997,False,False,True,False,False,False
0,7200,57912.000000,84806.000000,15.000000,0.000000,0.000000,241.514250,0.000000,35.000000,35.062676,True,False,True,False,False,False
1,20000,161000.000000,204000.000000,5.000000,3.000000,7.000000,205.933333,5.000000,25.000000,34.818262,False,False,False,True,False,False
0,11000,116361.000000,143318.000000,15.000000,0.000000,1.000000,181.070793,1.000000,32.000000,30.032845,False,False,False,True,False,False
1,8600,36933.000000,42289.000000,4.000000,0.000000,0.000000,100.616421,2.000000,26.000000,38.436490,False,False,False,False,False,False
0,20000,129682.000000,180746.000000,24.000000,0.000000,4.000000,322.200259,0.000000,27.000000,30.891171,False,False,False,False,False,False
0,23500,65019.000000,90205.000000,9.000000,0.000000,0.000000,169.014974,0.000000,16.000000,38.698736,True,False,True,False,False,False
1,7500,50000.000000,80000.000000,9.000000,0.000000,5.000000,299.566667,2.000000,18.000000,34.818262,True,False,True,False,False,False
0,14800,53738.000000,66258.000000,7.000000,0.000000,0.000000,240.863441,0.000000,17.000000,34.532496,False,False,True,False,False,False
1,27000,124000.000000,162000.000000,0.800000,0.000000,2.000000,166.366667,1.000000,34.000000,34.818262,False,False,True,False,False,False
1,22400,15765.000000,40456.000000,0.000000,1.000000,3.000000,117.666667,0.000000,12.000000,34.818262,True,False,True,False,False,False
1,15000,42000.000000,111351.000000,6.000000,0.000000,6.000000,225.633333,0.000000,17.000000,34.818262,False,False,True,False,False,False
0,22000,15774.000000,60115.000000,27.000000,0.000000,1.000000,213.414238,0.000000,24.000000,25.576810,False,False,True,False,False,False
0,25100,143881.000000,243809.000000,27.000000,0.000000,0.000000,353.990836,1.000000,18.000000,39.876707,True,False,False,True,False,False
1,9000,84532.000000,104000.000000,3.000000,0.000000,0.000000,50.666667,1.000000,3.000000,34.818262,False,False,False,True,False,False
0,12600,49986.000000,67896.000000,3.000000,0.000000,0.000000,190.159907,1.000000,17.000000,29.266317,False,False,False,False,False,False
0,23000,108464.000000,155821.000000,16.000000,0.000000,0.000000,170.223157,0.000000,26.000000,35.059327,False,False,False,False,False,False
1,14000,46400.000000,89235.500000,18.000000,0.000000,1.000000,145.066667,1.000000,14.000000,34.818262,False,False,True,False,False,False
0,8000,65019.000000,68572.000000,1.000000,0.000000,0.000000,53.935138,0.000000,4.000000,37.703911,True,True,False,False,False,False
1,20000,145500.000000,194000.000000,4.500000,0.000000,0.000000,67.900000,5.000000,5.000000,34.818262,True,False,False,False,False,True
0,17000,51682.000000,67688.000000,2.000000,0.000000,0.000000,135.191907,0.000000,18.000000,33.050636,True,True,False,False,False,False
0,10300,45275.000000,62724.000000,11.000000,0.000000,1.000000,109.324639,3.000000,34.000000,37.291825,True,False,True,False,False,False
0,13300,66174.000000,79957.000000,2.000000,0.000000,0.000000,175.962695,1.000000,34.000000,31.563441,False,False,True,False,False,False
0,9000,41153.000000,51841.000000,10.000000,0.000000,0.000000,210.282690,0.000000,23.000000,32.424293,False,True,False,False,False,False
0,18200,93702.000000,158647.000000,4.000000,0.000000,1.000000,96.177793,0.000000,16.000000,34.709936,True,False,False,True,False,False
1,12300,77000.000000,94000.000000,41.000000,0.000000,4.000000,212.866667,4.000000,17.000000,34.818262,False,False,False,False,False,False
0,17600,67285.000000,90816.000000,1.000000,1.000000,2.000000,104.592867,2.000000,25.000000,35.592254,False,False,True,False,False,False
0,11000,60123.000000,74887.000000,3.000000,0.000000,1.000000,242.249761,2.000000,16.000000,37.680170,True,False,True,False,False,False
0,4500,66127.000000,79087.000000,4.000000,1.000000,0.000000,81.349065,0.000000,15.000000,40.705309,True,False,True,False,False,False
0,27100,118200.000000,159739.000000,6.000000,0.000000,1.000000,117.152161,3.000000,27.000000,34.206008,False,False,False,True,False,False
0,21500,110712.000000,178045.000000,6.000000,0.000000,0.000000,212.604080,4.000000,24.000000,43.310856,False,True,False,False,False,False
0,44000,65019.000000,50760.000000,7.000000,5.000000,0.000000,116.437035,1.000000,19.000000,26.070435,False,False,True,False,False,False
0,8500,41210.000000,45175.000000,9.000000,0.000000,0.000000,209.494095,1.000000,22.000000,29.964082,False,True,False,False,False,False
0,17600,39063.000000,54561.000000,17.000000,0.000000,0.000000,107.943818,1.000000,17.000000,38.919210,False,False,True,False,False,False
0,24400,50317.000000,71327.000000,6.000000,0.000000,0.000000,45.485802,1.000000,18.000000,37.014141,False,False,True,False,False,False
0,15100,60264.000000,87110.000000,5.000000,0.000000,0.000000,111.399385,0.000000,13.000000,26.062043,True,False,False,True,False,False
0,21300,28463.000000,47537.000000,1.000000,0.000000,0.000000,317.300625,1.000000,24.000000,37.171639,False,False,True,False,False,False
0,21200,70400.000000,96999.000000,14.000000,0.000000,0.000000,135.264537,0.000000,13.000000,38.823170,True,True,False,False,False,False
0,8400,57103.000000,78079.000000,0.000000,0.000000,0.000000,56.309765,8.000000,21.000000,23.521188,False,False,True,False,False,False
0,19000,104176.000000,165086.000000,7.000000,0.000000,0.000000,254.742480,1.000000,24.000000,39.613206,False,False,True,False,False,False
0,10200,73157.000000,83858.000000,3.000000,0.000000,0.000000,193.508963,0.000000,16.000000,29.087995,False,False,True,False,False,False
0,5800,65019.000000,73804.000000,1.000000,0.000000,0.000000,71.766557,0.000000,4.000000,41.287423,True,True,False,False,False,False
1,15800,58100.000000,83000.000000,2.000000,1.000000,1.000000,284.066667,4.000000,27.000000,34.818262,False,False,False,True,False,False
1,9700,32660.000000,54536.000000,0.000000,0.000000,0.000000,156.482106,0.000000,13.000000,67.324904,False,True,False,False,False,False
0,19400,109812.000000,172705.000000,5.000000,0.000000,0.000000,204.105415,3.000000,23.000000,43.338407,False,True,False,False,False,False
0,65800,71611.000000,146689.000000,8.000000,0.000000,1.000000,132.846623,0.000000,11.000000,41.780706,True,True,False,False,False,False
1,8200,47700.000000,60000.000000,0.100000,0.000000,0.000000,173.466667,0.000000,0.000000,34.818262,False,False,True,False,False,False
0,24500,65019.000000,35543.000000,21.000000,0.000000,0.000000,83.111988,1.000000,15.000000,29.855634,True,False,True,False,False,False
0,17200,62840.000000,92946.000000,5.000000,0.000000,0.000000,133.159481,0.000000,11.000000,27.503540,True,False,False,True,False,False
0,12100,74594.000000,90555.000000,4.000000,0.000000,0.000000,123.776625,2.000000,27.000000,41.634847,False,False,False,False,False,False
0,15600,58728.000000,92443.000000,6.000000,0.000000,0.000000,128.029599,0.000000,13.000000,28.484859,True,False,False,True,False,False
0,10200,61179.000000,69591.000000,18.000000,0.000000,0.000000,148.704478,1.000000,11.000000,34.472205,False,False,True,False,False,False
0,21400,88147.000000,115000.000000,3.000000,0.000000,0.000000,213.233333,2.000000,27.000000,34.818262,False,False,False,False,False,True
0,34800,115191.000000,165667.000000,7.000000,0.000000,0.000000,244.097670,4.000000,14.000000,36.131176,False,False,True,False,False,False
0,26300,94337.000000,123054.000000,0.000000,1.000000,0.000000,204.917339,2.000000,38.000000,35.725852,False,False,False,True,False,False
1,7500,60000.000000,87830.000000,5.000000,0.000000,0.000000,153.266667,2.000000,16.000000,34.818262,True,False,True,False,False,False
0,10100,54873.000000,73085.000000,5.000000,0.000000,1.000000,252.252893,1.000000,16.000000,38.727417,True,False,True,False,False,False
0,12300,152274.000000,177940.000000,4.000000,0.000000,0.000000,196.876758,0.000000,56.000000,33.722769,True,True,False,False,False,False
0,5700,65019.000000,68591.000000,0.000000,0.000000,0.000000,69.645660,0.000000,4.000000,41.185040,True,True,False,False,False,False
0,18300,35975.000000,60500.000000,13.000000,0.000000,2.000000,118.666667,1.000000,22.000000,34.818262,False,True,False,False,False,False
0,24000,137000.000000,204963.000000,5.000000,0.000000,0.000000,189.700000,1.000000,28.000000,34.818262,True,False,False,True,False,False
1,15000,83000.000000,114000.000000,18.000000,0.000000,0.000000,207.233333,0.000000,27.000000,34.818262,False,False,False,True,False,False
1,13200,65997.000000,88000.000000,2.000000,0.000000,0.000000,113.233333,2.000000,25.000000,34.818262,False,False,True,False,False,False
0,23300,89847.000000,136259.000000,7.000000,0.000000,0.000000,210.016120,0.000000,21.000000,29.779942,False,False,False,True,False,False
0,27600,54584.000000,86568.000000,22.000000,0.000000,0.000000,214.815737,1.000000,27.000000,35.223971,False,False,True,False,False,False
0,15600,75701.000000,106389.000000,0.000000,0.000000,0.000000,278.680394,2.000000,21.000000,40.108259,False,False,False,True,False,False
1,11000,66400.000000,81500.000000,9.500000,0.000000,0.000000,215.066667,0.000000,65.000000,34.818262,False,False,True,False,False,False
1,10700,55043.000000,68609.000000,2.000000,0.000000,0.000000,46.272176,1.000000,17.000000,25.448845,False,False,True,False,False,False
0,12000,96000.000000,135000.000000,14.000000,0.000000,0.000000,126.800000,5.000000,22.000000,34.818262,True,False,False,True,False,False
0,15900,58518.000000,82095.000000,10.000000,0.000000,2.000000,177.247780,0.000000,14.000000,28.818793,True,False,False,True,False,False
0,26000,238005.000000,260479.000000,5.000000,1.000000,0.000000,242.290159,2.000000,51.000000,35.457659,True,False,False,False,False,True
0,6100,78753.000000,95433.000000,0.000000,0.000000,0.000000,173.466667,1.000000,20.000000,28.925117,False,False,False,True,False,False
0,15100,26196.000000,45657.000000,9.000000,0.000000,0.000000,86.716593,1.000000,12.000000,29.321754,True,False,True,False,False,False
0,13000,81972.000000,102295.000000,5.000000,0.000000,0.000000,107.420609,0.000000,26.000000,24.720831,True,False,False,True,False,False
0,15000,95300.000000,135700.000000,3.000000,0.000000,0.000000,115.666667,3.000000,16.000000,34.818262,False,True,False,False,False,False
1,13000,47000.000000,60000.000000,1.000000,0.000000,0.000000,173.466667,3.000000,12.000000,34.818262,True,False,False,False,False,True
0,40000,5118.000000,62000.000000,7.000000,0.000000,0.000000,311.433333,0.000000,19.000000,34.818262,True,True,False,False,False,False
0,24400,95843.000000,123377.000000,2.000000,0.000000,0.000000,201.976756,1.000000,26.000000,32.903468,False,False,False,False,False,True
0,18600,23792.000000,79716.000000,7.000000,0.000000,0.000000,238.789837,0.000000,50.000000,42.127124,True,False,True,False,False,False
0,7100,120176.000000,180104.000000,8.000000,0.000000,0.000000,221.607324,0.000000,18.000000,32.674359,False,False,True,False,False,False
0,7700,70451.000000,81862.000000,3.000000,0.000000,0.000000,141.268671,0.000000,31.000000,31.681943,False,False,False,False,True,False
1,9700,53000.000000,56000.000000,2.000000,0.000000,0.000000,75.033333,5.000000,18.000000,34.818262,False,True,False,False,False,False
0,17000,134689.000000,158661.000000,7.000000,0.000000,0.000000,227.395465,0.000000,19.000000,36.425572,False,False,False,False,False,False
0,13100,74832.000000,98616.000000,6.000000,0.000000,0.000000,101.362290,1.000000,26.000000,27.021481,True,False,False,True,False,False
0,26500,65019.000000,61089.000000,27.000000,0.000000,0.000000,144.192034,0.000000,9.000000,22.813868,False,False,True,False,False,False
0,22900,65017.000000,88066.000000,3.000000,0.000000,0.000000,93.552928,1.000000,29.000000,32.011079,False,False,True,False,False,False
0,21500,90321.000000,103778.000000,2.000000,0.000000,0.000000,128.642786,0.000000,20.000000,34.282676,False,False,False,True,False,False
0,26900,98324.000000,129210.000000,0.000000,1.000000,0.000000,185.205811,3.000000,38.000000,34.650649,False,False,False,True,False,False
0,32900,49709.000000,101222.000000,2.000000,0.000000,0.000000,181.909825,2.000000,24.000000,35.045596,False,True,False,False,False,False
1,10200,69116.000000,105228.000000,12.000000,0.000000,8.000000,122.843951,0.000000,36.000000,36.122886,True,False,False,True,False,False
0,27500,54511.000000,84470.000000,9.000000,0.000000,1.000000,140.247796,3.000000,29.000000,40.278298,False,False,True,False,False,False
0,17000,97438.000000,158780.000000,0.000000,0.000000,0.000000,210.912603,1.000000,18.000000,38.796750,False,False,False,False,False,False
0,12200,61929.000000,83102.000000,14.000000,0.000000,0.000000,238.524927,1.000000,32.000000,44.449671,True,True,False,False,False,False
0,23800,188250.000000,233800.000000,2.000000,0.000000,0.000000,307.572753,1.000000,27.000000,36.690724,False,False,False,True,False,False
0,7000,78284.000000,98214.000000,0.000000,0.000000,1.000000,171.838386,0.000000,31.000000,36.247963,True,False,True,False,False,False
0,12700,58293.000000,82594.000000,13.000000,0.000000,0.000000,105.050415,0.000000,23.000000,36.700446,False,True,False,False,False,False
0,11600,89205.000000,128462.000000,10.000000,0.000000,0.000000,128.123598,0.000000,21.000000,37.523325,False,True,False,False,False,False
0,8300,54039.000000,89301.000000,18.000000,0.000000,0.000000,173.191322,0.000000,28.000000,26.266816,True,False,True,False,False,False
0,6900,53776.000000,51952.000000,5.000000,0.000000,0.000000,87.900118,0.000000,17.000000,22.286997,True,False,True,False,False,False
0,43900,5149.000000,67021.000000,7.000000,0.000000,0.000000,317.409305,0.000000,18.000000,16.145689,True,True,False,False,False,False
0,27700,35132.000000,71456.000000,13.000000,0.000000,0.000000,84.874967,5.000000,16.000000,35.650730,False,False,False,False,False,False
0,15300,84989.000000,98781.000000,7.000000,0.000000,0.000000,184.545746,0.000000,25.000000,43.016978,True,True,False,False,False,False
0,21200,103264.000000,148968.000000,8.000000,0.000000,0.000000,161.859119,1.000000,22.000000,34.548541,True,False,False,True,False,False
0,13400,30507.000000,47990.000000,7.000000,0.000000,0.000000,149.935294,6.000000,29.000000,38.929266,False,False,True,False,False,False
0,15000,122486.000000,159000.000000,5.000000,0.000000,0.000000,137.000000,1.000000,21.000000,34.818262,False,True,False,False,False,False
0,18900,83474.000000,104133.000000,4.000000,0.000000,0.000000,109.988785,1.000000,24.000000,38.864020,True,False,False,True,False,False
0,14300,89984.000000,121189.000000,4.000000,0.000000,2.000000,137.597823,0.000000,25.000000,41.613325,True,False,False,False,False,False
0,19000,75673.000000,100335.000000,8.000000,0.000000,0.000000,93.159545,0.000000,16.000000,33.518481,True,False,False,True,False,False
0,16100,76644.000000,103192.000000,5.000000,2.000000,0.000000,76.077935,0.000000,20.000000,24.187934,False,False,True,False,False,False
1,18000,39005.000000,60000.000000,10.000000,2.000000,0.000000,112.633333,5.000000,5.000000,34.818262,False,False,True,False,False,False
0,39700,146341.000000,208296.000000,5.000000,0.000000,0.000000,139.436734,0.000000,31.000000,35.459161,True,False,False,True,False,False
0,11100,35782.000000,45550.000000,8.000000,0.000000,0.000000,109.284346,0.000000,3.000000,36.159806,True,False,True,False,False,False
0,25600,58606.000000,89508.000000,8.000000,1.000000,0.000000,140.712758,2.000000,30.000000,41.669964,False,False,True,False,False,False
0,19900,128219.000000,162012.000000,1.000000,0.000000,0.000000,374.023767,1.000000,52.000000,37.888167,False,True,False,False,False,False
1,19300,96454.000000,157809.000000,3.000000,0.000000,0.000000,1168.233561,0.000000,0.000000,40.206138,False,False,True,False,False,False
0,21500,67377.000000,86502.000000,5.000000,0.000000,0.000000,158.640707,1.000000,15.000000,37.754843,False,True,False,False,False,False
1,16400,54818.000000,74447.000000,3.000000,2.000000,3.000000,208.088864,1.000000,50.000000,41.956430,False,True,False,False,False,False
0,18700,93210.000000,109980.000000,7.000000,0.000000,0.000000,145.485927,2.000000,20.000000,22.496236,False,False,False,True,False,False
0,22600,109808.000000,139133.000000,9.000000,1.000000,0.000000,195.458826,4.000000,18.000000,40.206106,False,False,False,False,False,False
0,10200,8907.000000,59814.000000,7.000000,2.000000,0.000000,364.430947,1.000000,22.000000,16.064245,True,False,True,False,False,False
0,9800,55539.000000,73560.000000,4.000000,0.000000,0.000000,85.900936,1.000000,14.000000,26.331619,False,True,False,False,False,False
0,15700,85384.000000,101302.000000,1.000000,0.000000,0.000000,128.286247,0.000000,22.000000,41.569984,False,False,True,False,False,False
0,30600,54372.000000,78653.000000,0.000000,0.000000,0.000000,156.413570,3.000000,19.000000,40.611094,False,True,False,False,False,False
0,14800,50570.000000,69422.000000,3.000000,0.000000,0.000000,191.177941,0.000000,13.000000,36.647081,False,False,True,False,False,False
0,16000,52546.000000,63837.000000,7.000000,0.000000,1.000000,122.196325,2.000000,49.000000,30.143261,False,False,True,False,False,False
0,40900,14719.000000,69488.000000,7.000000,0.000000,0.000000,318.055459,0.000000,18.000000,15.078011,True,True,False,False,False,False
0,28400,197852.000000,243593.000000,10.000000,0.000000,0.000000,111.108680,2.000000,26.000000,41.214965,False,False,True,False,False,False
0,9800,136154.000000,203815.000000,1.000000,0.000000,0.000000,70.853328,2.000000,23.000000,35.878988,False,False,False,True,False,False
0,3200,74864.000000,87266.000000,7.000000,0.000000,0.000000,250.631269,0.000000,12.000000,42.909997,True,False,False,True,False,False
0,32300,195243.000000,294372.000000,27.000000,0.000000,0.000000,150.209381,0.000000,22.000000,39.072776,False,False,True,False,False,False
0,32300,23448.000000,45557.000000,0.000000,0.000000,0.000000,69.199731,0.000000,7.000000,15.778197,False,False,True,False,False,False
0,22800,127010.000000,171758.000000,25.000000,0.000000,5.000000,335.615651,0.000000,27.000000,32.365042,False,False,False,False,False,False
0,6800,178559.000000,247611.000000,7.000000,0.000000,0.000000,127.234141,0.000000,22.000000,42.083902,False,False,False,False,True,False
0,10600,61513.000000,73143.000000,2.000000,0.000000,0.000000,164.567655,2.000000,34.000000,43.204953,False,False,False,True,False,False
0,8000,70917.000000,83500.000000,8.000000,0.000000,0.000000,107.500000,0.000000,23.000000,34.818262,False,False,False,False,False,False
1,13400,111000.000000,131000.000000,14.000000,0.000000,0.000000,165.333333,2.000000,26.000000,34.818262,False,False,False,True,False,False
0,20100,54257.000000,68830.000000,10.000000,0.000000,0.000000,201.056420,0.000000,41.000000,37.180181,False,False,False,True,False,False
0,13200,70069.000000,88303.000000,3.000000,0.000000,0.000000,240.856016,2.000000,25.000000,29.064128,False,False,True,False,False,False
0,20100,137009.000000,286955.000000,3.000000,0.000000,0.000000,196.984116,0.000000,14.000000,30.085350,True,False,False,False,False,False
0,43900,120527.000000,174003.000000,13.000000,0.000000,0.000000,167.208366,0.000000,4.000000,39.289349,False,False,False,False,False,True
0,33200,57419.000000,103648.000000,4.000000,0.000000,0.000000,175.386723,1.000000,25.000000,34.286251,False,True,False,False,False,False
0,14300,43826.000000,70517.000000,0.000000,0.000000,0.000000,260.084945,0.000000,20.000000,28.839933,False,False,True,False,False,False
0,25600,76383.000000,103544.000000,0.000000,0.000000,0.000000,222.242198,5.000000,24.000000,42.939969,False,False,False,False,False,False
0,27100,33649.000000,63214.000000,2.000000,0.000000,0.000000,113.036737,2.000000,6.000000,37.837864,False,True,False,False,False,False
0,13700,81378.000000,108628.000000,12.000000,0.000000,2.000000,181.722534,0.000000,27.000000,32.652023,True,False,False,True,False,False
0,9100,50606.000000,58822.000000,11.000000,0.000000,0.000000,89.644833,0.000000,22.000000,36.302409,False,False,True,False,False,False
0,20700,69810.000000,100756.000000,3.000000,0.000000,0.000000,213.728292,1.000000,13.000000,32.871909,True,False,True,False,False,False
1,5000,22700.000000,34225.000000,4.000000,0.000000,0.000000,74.633333,3.000000,9.000000,34.818262,True,False,True,False,False,False
0,13800,57481.000000,89421.000000,9.000000,0.000000,0.000000,183.109361,0.000000,19.000000,22.643396,False,False,False,True,False,False
0,28500,29338.000000,62220.000000,2.000000,0.000000,0.000000,113.205924,1.000000,6.000000,36.877099,False,True,False,False,False,False
0,4500,71082.000000,79247.000000,4.000000,0.000000,0.000000,118.760410,0.000000,14.000000,41.421111,True,False,True,False,False,False
0,30500,138082.000000,181157.000000,2.000000,1.000000,0.000000,219.247307,1.000000,19.000000,40.874699,False,False,False,True,False,False
1,33500,54079.000000,66261.000000,15.000000,4.000000,0.000000,142.000000,0.000000,14.000000,34.818262,True,False,False,False,False,False
0,24500,65019.000000,51623.000000,7.000000,0.000000,0.000000,91.862388,1.000000,12.000000,28.879571,False,False,True,False,False,False
0,16700,54079.000000,112463.000000,1.000000,0.000000,3.000000,134.925714,1.000000,23.000000,37.033954,True,True,False,False,False,False
0,13900,80836.000000,93912.000000,5.000000,2.000000,0.000000,69.268409,0.000000,20.000000,23.916347,False,False,True,False,False,False
0,7900,65019.000000,75462.000000,7.000000,0.000000,0.000000,173.466667,1.000000,20.000000,23.345022,False,False,True,False,False,False
0,16700,11059.000000,92706.000000,13.000000,0.000000,1.000000,262.610340,0.000000,23.000000,29.884758,True,False,True,False,False,False
0,12100,68941.000000,75029.000000,14.000000,0.000000,0.000000,254.189655,0.000000,31.000000,43.897850,True,True,False,False,False,False
0,14700,76931.000000,94245.000000,5.000000,3.000000,0.000000,78.687520,0.000000,21.000000,25.430315,False,False,True,False,False,False
0,12000,88000.000000,118750.000000,3.000000,0.000000,3.000000,153.500000,0.000000,26.000000,34.818262,True,False,False,False,False,False
0,14800,88898.000000,107208.000000,30.000000,0.000000,0.000000,329.760215,1.000000,50.000000,36.745013,False,True,False,False,False,False
0,28200,100353.000000,131386.000000,9.000000,0.000000,0.000000,146.065483,0.000000,28.000000,38.679208,False,True,False,False,False,False
1,5700,77213.000000,92661.000000,0.000000,0.000000,0.000000,97.133171,1.000000,16.000000,41.777889,False,False,False,False,True,False
1,10000,62000.000000,80000.000000,5.000000,0.000000,1.000000,97.400000,4.000000,30.000000,34.818262,False,False,True,False,False,False
0,33000,104422.000000,152298.000000,15.000000,0.000000,0.000000,227.677766,0.000000,40.000000,42.281702,False,False,True,False,False,False
0,12600,76002.000000,94236.000000,11.000000,0.000000,0.000000,164.762304,5.000000,21.000000,39.525705,False,False,True,False,False,False
0,5000,72517.000000,86250.000000,19.000000,0.000000,1.000000,300.366667,1.000000,24.000000,34.818262,False,False,False,False,False,False
0,15200,64028.000000,95482.000000,2.000000,0.000000,0.000000,174.164396,0.000000,24.000000,24.861604,False,True,False,False,False,False
1,10900,49352.000000,56529.000000,7.000000,0.000000,1.000000,78.833618,2.000000,23.000000,36.174955,False,False,True,False,False,False
0,15100,81298.000000,108947.000000,9.000000,0.000000,0.000000,194.443466,1.000000,35.000000,42.245941,False,False,False,True,False,False
0,14000,73062.000000,88783.000000,6.000000,0.000000,0.000000,211.102552,2.000000,18.000000,42.254580,False,False,True,False,False,False
0,12300,92573.000000,119325.000000,2.000000,1.000000,2.000000,157.620643,0.000000,33.000000,34.775103,False,False,False,True,False,False
0,13600,101377.000000,131079.000000,10.000000,0.000000,0.000000,174.347788,2.000000,32.000000,27.969138,True,False,False,True,False,False
0,13700,46611.000000,65031.000000,2.000000,0.000000,0.000000,179.443332,0.000000,13.000000,37.705159,False,False,True,False,False,False
0,13300,55505.000000,76841.000000,0.000000,0.000000,0.000000,222.913072,0.000000,10.000000,32.968633,False,False,True,False,False,False
0,22500,65019.000000,24811.000000,7.000000,0.000000,0.000000,97.536620,1.000000,19.000000,19.472272,False,False,False,True,False,False
0,14800,64365.000000,85272.000000,0.000000,1.000000,0.000000,242.552368,2.000000,26.000000,29.819634,False,False,True,False,False,False
0,13500,63572.000000,102739.000000,7.000000,0.000000,0.000000,250.561357,0.000000,12.000000,34.913793,True,False,False,True,False,False
0,26400,128413.000000,207302.000000,9.000000,0.000000,0.000000,228.015132,3.000000,26.000000,17.872195,False,False,False,True,False,False
1,7400,71576.000000,89068.000000,0.000000,0.000000,0.000000,94.782231,0.000000,17.000000,42.803422,False,False,False,False,True,False
0,20100,59726.000000,79982.000000,8.000000,1.000000,0.000000,74.210759,2.000000,28.000000,36.846922,False,False,False,False,False,False
0,23700,58068.000000,97948.000000,1.000000,0.000000,0.000000,160.058236,1.000000,21.000000,34.355461,False,True,False,False,False,False
0,33700,83471.000000,133221.000000,29.000000,0.000000,0.000000,334.581207,0.000000,19.000000,39.095566,False,False,False,False,False,False
1,16500,65900.000000,87000.000000,26.000000,0.000000,3.000000,109.566667,5.000000,35.000000,34.818262,False,False,True,False,False,False
0,13300,85532.000000,115800.000000,11.000000,0.000000,1.000000,175.191489,0.000000,27.000000,34.231394,True,False,False,True,False,False
0,7400,65032.000000,83184.000000,15.000000,0.000000,0.000000,230.420256,1.000000,35.000000,35.415113,True,False,True,False,False,False
1,10000,186000.000000,225750.000000,2.000000,0.000000,0.000000,75.866667,1.000000,5.000000,34.818262,True,False,False,True,False,False
0,21000,63405.000000,86804.000000,5.000000,0.000000,0.000000,156.872751,1.000000,15.000000,37.433785,False,True,False,False,False,False
1,13000,36223.000000,89235.500000,9.000000,1.000000,0.000000,132.866667,0.000000,14.000000,34.818262,False,False,True,False,False,False
0,81400,21041.000000,111304.000000,26.000000,0.000000,0.000000,146.322783,0.000000,14.000000,32.131373,True,False,True,False,False,False
0,14300,65019.000000,63319.000000,0.000000,0.000000,0.000000,173.466667,0.000000,0.000000,3.960859,False,False,True,False,False,False
0,9800,54564.000000,62109.000000,10.000000,0.000000,0.000000,124.021625,0.000000,19.000000,32.565686,False,False,False,False,False,False
0,10000,64375.000000,72418.000000,14.000000,0.000000,0.000000,207.617306,3.000000,31.000000,38.867949,False,False,False,True,False,False
0,22100,86148.000000,141472.000000,11.000000,0.000000,0.000000,89.161466,2.000000,14.000000,40.677298,False,False,True,False,False,False
0,5100,65019.000000,26715.000000,1.000000,0.000000,0.000000,258.789298,0.000000,14.000000,26.722343,False,False,True,False,False,False
0,50200,65019.000000,85567.000000,7.000000,0.000000,0.000000,351.185652,0.000000,6.000000,24.084566,True,False,True,False,False,False
0,22800,65019.000000,97634.000000,8.000000,0.000000,0.000000,177.569740,1.000000,16.000000,40.772248,True,False,True,False,False,False
0,11500,44097.000000,58336.000000,0.000000,0.000000,0.000000,173.318321,0.000000,20.000000,38.191626,False,True,False,False,False,False
0,20900,69233.000000,105434.000000,7.000000,2.000000,0.000000,242.164257,1.000000,13.000000,40.163651,False,False,True,False,False,False
0,12400,65019.000000,69350.000000,0.000000,0.000000,0.000000,173.466667,0.000000,0.000000,2.365195,False,False,True,False,False,False
1,9400,52024.000000,89107.000000,0.000000,1.000000,0.000000,148.844738,3.000000,26.000000,36.080032,True,True,False,False,False,False
0,19300,53710.000000,78082.000000,5.000000,0.000000,0.000000,114.142696,0.000000,7.000000,36.991343,False,False,True,False,False,False
0,12300,89333.000000,106107.000000,19.000000,0.000000,0.000000,120.257886,3.000000,24.000000,28.774702,True,False,True,False,False,False
0,13300,61414.000000,72101.000000,12.000000,0.000000,0.000000,260.071650,0.000000,27.000000,27.286882,False,False,True,False,False,False
0,23500,132737.000000,285749.000000,4.000000,0.000000,0.000000,213.392995,0.000000,14.000000,31.236114,True,False,False,False,False,False
1,20400,19265.000000,43962.000000,5.000000,2.000000,0.000000,177.904707,1.000000,15.000000,35.404639,False,True,False,False,False,False
1,11700,63914.000000,93707.000000,7.000000,3.000000,0.000000,162.579837,2.000000,51.000000,69.480650,False,False,True,False,False,False
0,18300,67550.000000,95440.000000,3.000000,0.000000,0.000000,154.150114,0.000000,25.000000,22.854999,False,True,False,False,False,False
0,25600,111000.000000,153000.000000,7.000000,0.000000,0.000000,112.633333,3.000000,27.000000,34.818262,False,False,False,True,False,False
1,12600,41169.820000,57000.000000,5.500000,1.000000,0.000000,98.433333,10.000000,18.000000,34.818262,False,False,True,False,False,False
0,16400,57651.000000,76854.000000,1.000000,0.000000,0.000000,172.200092,0.000000,25.000000,31.819622,False,True,False,False,False,False
0,79200,21694.000000,103143.000000,26.000000,0.000000,1.000000,139.938999,0.000000,14.000000,31.333685,True,False,True,False,False,False
0,33700,132617.000000,172152.000000,15.000000,0.000000,0.000000,178.411183,1.000000,28.000000,42.457645,False,False,False,False,False,False
0,21700,128841.000000,172954.000000,4.000000,0.000000,0.000000,165.310282,0.000000,37.000000,20.342811,False,False,False,True,False,False
0,26100,20566.000000,50534.000000,24.000000,0.000000,0.000000,140.553210,1.000000,10.000000,24.098267,False,False,True,False,False,False
0,5300,50934.000000,62957.000000,21.000000,0.000000,0.000000,197.241957,0.000000,20.000000,19.350506,True,True,False,False,False,False
0,32800,35458.000000,78116.000000,9.000000,0.000000,0.000000,126.517705,1.000000,23.000000,33.688057,False,False,True,False,False,False
0,9100,53764.000000,56429.000000,9.000000,0.000000,0.000000,92.078979,3.000000,33.000000,40.582084,True,False,True,False,False,False
0,9000,81248.000000,92503.000000,0.000000,0.000000,0.000000,121.199650,2.000000,10.000000,37.390240,False,False,True,False,False,False
0,21700,29258.000000,53807.000000,0.000000,0.000000,0.000000,300.679292,1.000000,24.000000,35.698017,False,False,True,False,False,False
0,22100,60396.000000,101741.000000,8.000000,0.000000,0.000000,97.023226,1.000000,17.000000,35.681521,False,True,False,False,False,False
0,13000,72931.000000,96803.000000,6.000000,0.000000,0.000000,208.672892,2.000000,18.000000,41.052235,False,False,True,False,False,False
0,12300,27859.000000,48393.000000,10.000000,0.000000,0.000000,82.760160,0.000000,3.000000,34.385367,True,False,True,False,False,False
1,53800,82324.000000,154409.000000,10.000000,0.000000,1.000000,157.484011,0.000000,34.000000,41.659044,False,False,True,False,False,False
0,27500,145774.000000,206788.000000,4.000000,0.000000,0.000000,191.941019,0.000000,27.000000,38.001192,True,False,False,True,False,False
0,10200,9078.000000,35261.000000,7.000000,0.000000,0.000000,173.466667,1.000000,20.000000,33.666455,False,False,True,False,False,False
0,18900,123206.000000,205608.000000,4.000000,0.000000,0.000000,201.302372,0.000000,17.000000,27.527502,False,False,True,False,False,False
0,27300,65019.000000,116708.000000,11.000000,0.000000,0.000000,175.200960,0.000000,26.000000,33.747826,False,False,False,False,False,False
0,25000,95651.000000,148280.000000,21.000000,1.000000,0.000000,154.565433,0.000000,24.000000,42.695331,False,False,False,True,False,False
0,5200,43039.000000,53521.000000,11.000000,0.000000,0.000000,184.296687,1.000000,19.000000,24.414763,True,True,False,False,False,False
1,50000,30338.000000,89235.500000,8.000000,0.000000,0.000000,91.431005,0.000000,5.000000,35.084001,False,False,False,False,False,False
0,24500,216787.000000,281351.000000,5.000000,0.000000,4.000000,473.813986,1.000000,55.000000,31.201175,True,False,False,True,False,False
0,11600,96882.000000,118914.000000,13.000000,0.000000,0.000000,176.221911,2.000000,17.000000,34.757740,False,False,False,True,False,False
0,40000,134029.000000,191990.000000,7.000000,1.000000,0.000000,178.780960,0.000000,24.000000,34.521450,False,False,False,False,False,False
0,10600,63245.000000,82041.000000,3.000000,1.000000,3.000000,184.572578,3.000000,29.000000,38.219034,False,True,False,False,False,False
0,8200,101230.000000,120087.000000,9.000000,0.000000,0.000000,419.272965,1.000000,49.000000,40.558271,True,False,True,False,False,False
0,22900,90702.000000,115355.000000,24.000000,0.000000,0.000000,308.850540,1.000000,42.000000,38.793334,False,False,False,False,False,False
0,42200,65019.000000,55578.000000,7.000000,6.000000,0.000000,115.878189,1.000000,20.000000,28.238412,False,False,True,False,False,False
1,10000,5200.000000,53095.000000,5.000000,3.000000,3.000000,234.333333,3.000000,17.000000,34.818262,True,False,True,False,False,False
0,15600,104458.000000,137583.000000,1.000000,0.000000,0.000000,280.789801,0.000000,46.000000,41.235236,False,False,True,False,False,False
0,6500,58689.000000,72557.000000,0.000000,0.000000,1.000000,94.008053,2.000000,18.000000,34.898413,False,False,True,False,False,False
1,11100,68784.000000,85464.000000,2.000000,0.000000,0.000000,117.998304,0.000000,14.000000,36.044252,False,False,False,True,False,False
0,6800,65019.000000,72310.000000,1.000000,0.000000,0.000000,48.818836,0.000000,3.000000,40.787393,True,True,False,False,False,False
0,40300,369874.000000,467112.000000,2.000000,0.000000,0.000000,328.198894,4.000000,15.000000,40.799921,True,False,False,True,False,False
0,18800,98582.000000,122597.000000,1.000000,0.000000,0.000000,307.524790,1.000000,20.000000,39.394169,True,False,False,False,False,False
0,19100,46406.000000,64413.000000,16.000000,0.000000,0.000000,285.725258,0.000000,22.000000,30.774536,False,False,True,False,False,False
0,21900,105787.000000,142466.000000,8.000000,0.000000,0.000000,145.377177,0.000000,22.000000,32.333899,True,False,False,True,False,False
1,45100,67552.000000,128659.000000,10.000000,0.000000,0.000000,83.323113,0.000000,13.000000,43.874079,True,False,True,False,False,False
0,25100,23269.000000,75668.000000,7.000000,2.000000,1.000000,73.317885,2.000000,25.000000,28.165930,False,False,True,False,False,False
0,12600,45633.000000,77578.000000,19.000000,0.000000,0.000000,209.725520,0.000000,15.000000,23.915615,False,False,False,True,False,False
0,28000,68000.000000,106000.000000,6.000000,0.000000,0.000000,114.700000,11.000000,21.000000,34.818262,True,False,True,False,False,False
0,11000,57554.000000,68222.000000,14.000000,0.000000,0.000000,215.431794,3.000000,32.000000,36.569348,False,False,False,True,False,False
1,15000,18900.000000,80400.000000,7.000000,0.000000,1.000000,142.000000,0.000000,12.000000,34.818262,False,False,False,True,False,False
0,12000,69796.000000,93757.000000,16.000000,0.000000,1.000000,91.432676,0.000000,8.000000,24.459384,False,True,False,False,False,False
1,5500,65019.000000,12972.000000,1.000000,0.000000,1.000000,82.294266,0.000000,2.000000,36.986744,True,False,True,False,False,False
1,77200,83962.000000,215000.000000,8.000000,1.000000,2.000000,71.533132,3.000000,14.000000,34.818262,True,False,False,False,False,True
0,50200,46670.000000,102264.000000,9.000000,0.000000,0.000000,211.235860,3.000000,35.000000,38.680520,True,False,False,False,False,True
0,13900,95351.000000,117381.000000,12.000000,0.000000,0.000000,210.202130,0.000000,11.000000,41.011001,False,True,False,False,False,False
0,3800,11543.000000,46045.000000,7.000000,0.000000,0.000000,204.647992,0.000000,11.000000,42.173166,True,False,False,False,False,True
0,8000,61565.000000,87624.000000,14.000000,0.000000,0.000000,203.997136,0.000000,17.000000,23.562565,False,False,False,True,False,False
0,18100,112832.000000,182418.000000,8.000000,0.000000,0.000000,230.072131,3.000000,23.000000,40.298699,False,True,False,False,False,False
1,18200,139000.000000,171350.000000,0.100000,0.000000,1.000000,102.500000,7.000000,18.000000,34.818262,False,False,True,False,False,False
0,13600,55864.000000,87500.000000,9.000000,0.000000,0.000000,193.766667,0.000000,20.000000,34.818262,False,False,False,True,False,False
0,14900,85486.000000,97795.000000,7.000000,0.000000,0.000000,173.010785,1.000000,26.000000,41.583529,True,True,False,False,False,False
0,12400,36034.000000,62953.000000,9.000000,0.000000,0.000000,262.079345,0.000000,16.000000,21.345227,False,False,False,True,False,False
0,53700,49669.000000,63995.000000,12.000000,0.000000,1.000000,92.966313,2.000000,26.000000,40.101623,False,True,False,False,False,False
0,31400,16209.000000,62450.000000,1.000000,0.000000,0.000000,108.387658,1.000000,6.000000,38.121275,False,False,True,False,False,False
0,27700,67446.000000,99206.000000,11.000000,0.000000,0.000000,286.965971,0.000000,32.000000,38.995164,False,False,False,True,False,False
0,8300,178745.000000,251935.000000,7.000000,0.000000,0.000000,130.730911,0.000000,22.000000,42.358060,False,False,False,False,True,False
0,25000,42632.000000,71000.000000,24.000000,0.000000,1.000000,284.933333,1.000000,30.000000,34.818262,False,False,True,False,False,False
0,21400,113053.000000,147467.000000,11.000000,0.000000,2.000000,219.153880,0.000000,24.000000,41.824914,False,True,False,False,False,False
0,19000,47400.000000,80000.000000,12.000000,0.000000,0.000000,95.366667,1.000000,10.000000,34.818262,False,False,True,False,False,False
0,16700,67238.000000,96535.000000,7.000000,0.000000,0.000000,103.472608,0.000000,10.000000,39.349651,True,True,False,False,False,False
1,10500,55267.000000,65160.000000,1.000000,0.000000,0.000000,108.275423,8.000000,22.000000,47.079285,False,False,True,False,False,False
1,24000,35000.000000,89235.500000,3.000000,1.000000,0.000000,177.500000,0.000000,16.000000,34.818262,False,False,False,False,False,True
1,5900,25972.000000,41856.000000,2.000000,0.000000,2.000000,157.960011,3.000000,27.000000,40.628278,False,False,True,False,False,False
1,12000,42000.000000,60000.000000,4.000000,1.000000,2.000000,145.533333,0.000000,23.000000,34.818262,False,False,True,False,False,False
0,24900,92168.000000,143484.000000,6.000000,0.000000,0.000000,159.583442,0.000000,31.000000,34.145871,True,False,False,True,False,False
0,11200,44966.000000,55114.000000,1.000000,0.000000,0.000000,173.961897,1.000000,21.000000,37.456622,False,True,False,False,False,False
1,24400,69873.000000,101484.000000,15.000000,0.000000,6.000000,225.752554,0.000000,29.000000,34.818262,False,False,True,False,False,False
1,22800,129697.000000,167475.000000,5.000000,0.000000,1.000000,202.603803,1.000000,18.000000,22.043934,False,False,False,True,False,False
0,36200,38010.000000,59111.000000,7.000000,0.000000,0.000000,173.466667,6.000000,0.000000,31.332141,False,False,True,False,False,False
0,5000,74225.000000,89640.000000,0.300000,0.000000,0.000000,173.466667,1.000000,20.000000,34.818262,False,False,False,True,False,False
0,16200,76211.000000,104348.000000,0.000000,0.000000,0.000000,141.046824,1.000000,18.000000,33.334412,False,False,True,False,False,False
1,53600,235895.000000,299772.000000,5.000000,0.000000,0.000000,112.748282,7.000000,22.000000,44.945929,True,False,False,False,False,False
0,20900,127077.000000,204192.000000,13.000000,0.000000,0.000000,181.650880,0.000000,22.000000,34.589581,True,False,False,True,False,False
0,16400,81700.000000,109025.000000,10.000000,0.000000,0.000000,155.266667,3.000000,19.000000,34.818262,False,False,False,True,False,False
0,23600,69846.000000,189234.000000,11.000000,0.000000,0.000000,357.805062,0.000000,17.000000,30.564280,False,False,True,False,False,False
0,6900,65019.000000,36191.000000,7.000000,0.000000,0.000000,311.869899,1.000000,12.000000,30.790621,True,False,True,False,False,False
0,24700,111107.000000,163926.000000,15.000000,0.000000,1.000000,170.629431,1.000000,26.000000,32.934292,False,False,False,False,False,False
0,22300,65019.000000,136587.000000,1.000000,0.000000,0.000000,311.659081,3.000000,20.000000,29.910708,True,False,True,False,False,False
1,18900,51075.000000,78045.000000,2.000000,1.000000,5.000000,74.091196,1.000000,15.000000,42.198282,False,True,False,False,False,False
1,10000,34350.000000,54146.000000,3.000000,0.000000,0.000000,144.422889,0.000000,18.000000,31.539013,False,False,True,False,False,False
0,17400,61035.000000,90434.000000,4.000000,0.000000,0.000000,113.635996,0.000000,12.000000,25.357195,True,False,False,True,False,False
0,11000,89275.000000,108653.000000,15.000000,0.000000,0.000000,206.903481,2.000000,15.000000,37.743047,False,False,True,False,False,False
0,34000,121625.000000,169369.000000,15.000000,0.000000,0.000000,112.314997,0.000000,17.000000,28.994312,False,False,False,True,False,False
0,9300,53772.000000,71497.000000,2.000000,0.000000,2.000000,136.080030,0.000000,23.000000,29.686671,True,False,False,False,False,False
0,9900,55231.000000,78708.000000,4.000000,0.000000,0.000000,85.801476,2.000000,15.000000,24.594993,False,True,False,False,False,False
0,17300,51185.000000,65537.000000,6.000000,0.000000,1.000000,129.837941,3.000000,49.000000,29.311594,False,False,True,False,False,False
0,25500,235839.000000,267506.000000,5.000000,0.000000,0.000000,240.217014,3.000000,51.000000,39.048428,True,False,False,False,False,True
0,38400,31458.000000,71821.000000,4.000000,0.000000,0.000000,191.975558,2.000000,17.000000,24.985362,False,False,False,True,False,False
0,27700,54617.000000,87722.000000,9.000000,0.000000,1.000000,132.411382,3.000000,29.000000,39.631103,False,False,True,False,False,False
0,16900,31143.000000,75125.000000,7.000000,1.000000,0.000000,237.179045,0.000000,49.000000,42.132281,True,False,True,False,False,False
1,2400,34863.000000,47471.000000,12.000000,0.000000,0.000000,70.491080,1.000000,21.000000,38.263601,True,False,False,False,False,False
0,22600,65019.000000,144841.000000,7.000000,0.000000,0.000000,173.466667,1.000000,20.000000,16.382391,False,False,True,False,False,False
1,15400,63456.000000,96794.000000,3.000000,0.000000,0.000000,85.529362,0.000000,28.000000,37.362645,False,False,False,True,False,False
0,30300,137927.000000,182588.000000,1.000000,1.000000,0.000000,248.980672,1.000000,18.000000,40.361852,False,False,False,True,False,False
1,23800,9124.000000,41900.000000,28.000000,0.000000,2.000000,120.733333,1.000000,16.000000,34.818262,False,False,True,False,False,False
1,14000,67881.000000,93390.000000,7.000000,0.000000,0.000000,173.466667,1.000000,20.000000,34.818262,False,False,True,False,False,False
0,16500,8795.000000,164000.000000,23.000000,0.000000,0.000000,76.066667,2.000000,21.000000,34.818262,True,False,False,False,False,False
0,20800,65019.000000,130472.000000,1.000000,0.000000,0.000000,308.410354,3.000000,21.000000,29.665452,True,False,True,False,False,False
0,10000,87579.000000,105000.000000,13.000000,0.000000,0.000000,209.966667,3.000000,16.000000,34.818262,False,False,True,False,False,False
0,13600,159591.000000,182585.000000,7.000000,0.000000,1.000000,199.698617,3.000000,25.000000,42.319518,False,False,False,True,False,False
0,13600,41000.000000,73440.000000,4.000000,0.000000,0.000000,125.766667,1.000000,9.000000,34.818262,False,False,False,False,False,False
1,30200,80951.000000,116160.000000,19.000000,4.000000,0.000000,130.360362,0.000000,58.000000,50.352999,False,False,False,True,False,False
1,20000,16000.000000,87300.000000,28.000000,1.000000,6.000000,232.333333,1.000000,21.000000,34.818262,False,False,True,False,False,False
0,13000,49268.000000,72430.000000,19.000000,0.000000,0.000000,192.364475,0.000000,15.000000,23.617105,False,False,False,True,False,False
1,17000,89600.000000,115000.000000,20.000000,0.000000,3.000000,99.266667,0.000000,23.000000,34.818262,False,False,False,False,False,True
0,82200,23197.000000,110481.000000,26.000000,0.000000,1.000000,127.767588,0.000000,14.000000,30.942695,True,False,True,False,False,False
0,17300,90768.000000,116052.000000,13.000000,0.000000,0.000000,120.241426,2.000000,9.000000,35.810878,False,False,True,False,False,False
0,12700,149272.000000,176467.000000,7.000000,0.000000,0.000000,191.904464,1.000000,55.000000,33.902320,True,True,False,False,False,False
0,24600,221331.000000,289991.000000,5.000000,0.000000,4.000000,474.027074,1.000000,55.000000,31.463385,True,False,False,True,False,False
1,7900,67222.000000,75189.000000,4.000000,0.000000,0.000000,95.676873,0.000000,23.000000,36.979712,True,False,True,False,False,False
0,13600,87294.000000,115183.000000,11.000000,0.000000,2.000000,185.338506,0.000000,28.000000,35.549809,True,False,False,True,False,False
0,25300,122933.000000,157009.000000,3.000000,0.000000,0.000000,280.573845,0.000000,24.000000,38.740801,False,False,False,False,False,False
1,45000,47321.000000,115000.000000,7.000000,0.000000,1.000000,130.300000,0.000000,22.000000,34.818262,False,False,True,False,False,False
0,18600,47199.000000,70134.000000,8.000000,0.000000,0.000000,86.558860,3.000000,15.000000,43.507939,False,False,True,False,False,False
0,11000,50716.000000,61492.000000,3.000000,0.000000,1.000000,90.230330,0.000000,20.000000,38.255862,False,False,True,False,False,False
0,9100,65019.000000,50391.000000,7.000000,0.000000,0.000000,173.466667,1.000000,20.000000,15.024706,False,False,True,False,False,False
0,24800,109084.000000,140355.000000,11.000000,2.000000,0.000000,183.795258,5.000000,18.000000,40.604796,False,False,False,False,False,False
0,15000,54261.000000,88000.000000,10.000000,0.000000,0.000000,173.466667,1.000000,16.000000,34.818262,False,False,False,True,False,False
1,1500,65019.000000,89235.500000,7.000000,0.000000,0.000000,173.466667,1.000000,20.000000,34.818262,False,False,True,False,False,False
0,12700,105293.000000,121416.000000,14.000000,0.000000,0.000000,250.018881,0.000000,16.000000,35.287166,False,True,False,False,False,False
0,14200,71979.000000,86443.000000,2.000000,0.000000,0.000000,238.264346,3.000000,25.000000,32.136766,False,False,True,False,False,False
0,27500,97679.000000,149877.000000,23.000000,0.000000,0.000000,193.005633,0.000000,12.000000,39.415167,False,False,False,False,False,False
1,9700,73085.000000,92000.000000,8.000000,0.000000,3.000000,173.500000,0.000000,34.000000,34.818262,False,False,True,False,False,False
1,21000,69231.000000,95000.000000,8.000000,0.000000,7.000000,116.700000,1.000000,22.000000,34.818262,False,False,False,True,False,False
0,6700,69773.000000,83014.000000,0.000000,1.000000,0.000000,263.173434,0.000000,5.000000,37.706996,True,False,True,False,False,False
0,20000,65019.000000,26507.000000,7.000000,0.000000,0.000000,92.426674,1.000000,19.000000,20.683740,False,False,False,True,False,False
0,24400,147073.000000,182069.000000,2.000000,0.000000,0.000000,173.714947,0.000000,35.000000,37.812368,False,False,True,False,False,False
0,6700,65019.000000,30544.000000,2.000000,0.000000,0.000000,283.897231,0.000000,14.000000,24.120452,False,False,True,False,False,False
0,16500,97010.000000,128101.000000,9.000000,0.000000,0.000000,250.681862,2.000000,41.000000,36.933331,False,False,False,False,False,False
0,25100,24205.000000,54464.000000,25.000000,0.000000,0.000000,116.440770,0.000000,11.000000,22.459369,False,False,True,False,False,False
0,10700,126751.000000,184554.000000,8.000000,0.000000,0.000000,225.870352,0.000000,19.000000,34.137055,False,False,True,False,False,False
0,40400,145423.000000,203712.000000,5.000000,0.000000,0.000000,150.804397,0.000000,31.000000,37.308013,True,False,False,True,False,False
0,8200,10909.000000,37286.000000,3.000000,0.000000,0.000000,268.254602,0.000000,12.000000,22.232953,False,False,True,False,False,False
1,6400,25144.000000,45200.000000,25.000000,0.000000,2.000000,128.000000,4.000000,17.000000,34.818262,True,False,True,False,False,False
0,5100,93000.000000,116875.000000,10.000000,0.000000,0.000000,417.633333,2.000000,50.000000,34.818262,True,False,True,False,False,False
1,12800,51800.000000,68000.000000,6.000000,0.000000,0.000000,173.466667,1.000000,20.000000,34.818262,True,False,False,True,False,False
0,12300,90006.000000,121122.000000,9.000000,0.000000,0.000000,133.497541,1.000000,21.000000,36.910482,False,True,False,False,False,False
1,3000,65019.000000,14100.000000,1.000000,0.000000,0.000000,104.200000,0.000000,19.000000,34.818262,True,False,True,False,False,False
1,10000,27000.000000,54300.000000,0.300000,0.000000,1.000000,91.133333,0.000000,6.000000,34.818262,True,False,True,False,False,False
0,5500,87438.000000,116679.000000,6.000000,0.000000,0.000000,186.424416,1.000000,27.000000,28.417531,True,False,False,True,False,False
0,9300,21138.000000,30700.000000,3.000000,0.000000,0.000000,173.466667,1.000000,20.000000,34.818262,False,False,True,False,False,False
0,9300,65019.000000,44108.000000,7.000000,0.000000,0.000000,290.818074,1.000000,12.000000,29.743600,True,False,True,False,False,False
0,13300,81574.000000,103760.000000,6.000000,0.000000,0.000000,118.918494,0.000000,27.000000,24.769622,True,False,False,True,False,False
0,18600,100144.000000,153751.000000,4.000000,0.000000,0.000000,93.662170,0.000000,16.000000,34.892734,True,False,False,True,False,False
0,7700,35100.000000,45000.000000,10.000000,0.000000,0.000000,206.966667,1.000000,23.000000,34.818262,False,True,False,False,False,False
0,15900,69548.000000,89775.000000,1.000000,0.000000,0.000000,230.673080,2.000000,25.000000,30.108317,False,False,True,False,False,False
0,11300,65019.000000,73121.000000,7.000000,0.000000,0.000000,173.466667,1.000000,20.000000,22.577246,False,False,True,False,False,False
1,5500,85845.000000,122205.000000,5.000000,0.000000,0.000000,172.213277,1.000000,26.000000,32.676641,False,False,False,True,False,False
0,7500,45864.000000,57799.000000,7.000000,0.000000,0.000000,65.571198,1.000000,16.000000,33.865745,False,False,True,False,False,False
0,27600,153063.000000,202542.000000,10.000000,0.000000,0.000000,266.938956,2.000000,33.000000,42.829146,True,False,True,False,False,False
1,14000,65019.000000,42500.000000,7.000000,0.000000,0.000000,173.466667,1.000000,20.000000,34.818262,False,False,True,False,False,False
0,10300,57676.000000,71027.000000,19.000000,0.000000,0.000000,157.519637,1.000000,11.000000,33.992366,False,False,True,False,False,False
0,28600,39009.000000,75893.000000,12.000000,1.000000,0.000000,85.625520,6.000000,15.000000,33.975814,False,False,False,False,False,False
1,8800,32169.000000,37533.000000,3.000000,0.000000,0.000000,74.449295,3.000000,19.000000,25.341741,False,False,True,False,False,False
1,4000,45000.000000,58350.000000,3.500000,0.000000,0.000000,162.000000,3.000000,16.000000,34.818262,True,False,False,False,False,False
0,15000,44623.000000,72225.000000,1.000000,0.000000,0.000000,268.420358,0.000000,21.000000,28.131580,False,False,True,False,False,False
0,12700,59440.000000,88690.000000,0.000000,0.000000,0.000000,129.152615,3.000000,11.000000,37.838274,False,False,True,False,False,False
0,13900,77007.000000,96718.000000,8.000000,2.000000,0.000000,183.608667,0.000000,30.000000,26.431315,False,False,False,True,False,False
0,53800,65019.000000,81322.000000,9.000000,0.000000,0.000000,171.447555,0.000000,22.000000,24.709060,True,False,False,False,False,True
0,8800,78953.000000,93018.000000,7.000000,0.000000,0.000000,110.723130,0.000000,22.000000,28.289429,False,False,False,False,False,False
0,18100,57864.000000,164069.000000,19.000000,0.000000,0.000000,247.545271,0.000000,27.000000,21.469272,False,False,False,True,False,False
0,26200,77952.000000,113285.000000,5.000000,0.000000,0.000000,90.016092,1.000000,31.000000,39.390660,False,False,True,False,False,False
0,32500,124548.000000,169881.000000,16.000000,0.000000,0.000000,129.524283,1.000000,17.000000,28.850814,False,False,False,True,False,False
0,22200,102345.000000,148299.000000,11.000000,0.000000,0.000000,169.088974,0.000000,22.000000,34.472880,True,False,False,True,False,False
0,27300,44026.000000,71597.000000,22.000000,0.000000,1.000000,287.226796,0.000000,30.000000,38.486949,False,False,True,False,False,False
1,40900,217000.000000,290000.000000,30.000000,1.000000,0.000000,230.266667,2.000000,25.000000,34.818262,False,False,False,True,False,False
0,33400,20921.000000,37363.000000,28.000000,0.000000,0.000000,198.897047,0.000000,14.000000,42.556363,False,False,True,False,False,False
0,11800,65019.000000,51246.000000,11.000000,0.000000,0.000000,305.566716,2.000000,13.000000,32.500059,True,False,True,False,False,False
0,21100,65019.000000,26450.000000,6.000000,1.000000,0.000000,112.578243,0.000000,19.000000,19.842902,False,False,False,True,False,False
0,6400,76577.000000,83200.000000,5.000000,0.000000,0.000000,173.466667,1.000000,20.000000,22.055034,False,False,True,False,False,False
0,17100,49951.000000,111291.000000,1.000000,0.000000,2.000000,151.104592,1.000000,23.000000,39.487198,True,True,False,False,False,False
1,16500,52028.000000,63745.000000,7.000000,0.000000,0.000000,105.530376,4.000000,18.000000,41.344846,False,False,True,False,False,False
0,11300,114392.000000,214523.000000,2.000000,0.000000,0.000000,132.097660,1.000000,15.000000,26.251830,True,False,False,True,False,False
0,17500,61524.000000,87188.000000,3.000000,0.000000,0.000000,115.808661,1.000000,13.000000,25.401570,True,False,False,True,False,False
0,6000,65019.000000,53190.000000,0.000000,0.000000,0.000000,173.466667,0.000000,0.000000,15.174415,True,False,True,False,False,False
0,22000,76367.000000,103928.000000,20.000000,0.000000,0.000000,202.578152,1.000000,13.000000,38.717195,False,False,True,False,False,False
1,13100,65019.000000,89235.500000,0.750000,0.000000,0.000000,173.466667,1.000000,20.000000,34.818262,True,False,False,True,False,False
0,23500,90246.000000,119320.000000,22.000000,0.000000,0.000000,239.259645,1.000000,26.000000,41.336696,False,False,True,False,False,False
0,23400,125750.000000,165732.000000,6.000000,0.000000,0.000000,195.084539,0.000000,38.000000,20.733032,False,False,False,True,False,False
1,4000,5700.000000,18000.000000,7.000000,0.000000,0.000000,12.200000,0.000000,17.000000,34.818262,False,False,True,False,False,False
0,16800,102838.000000,111319.000000,1.000000,0.000000,0.000000,257.328597,0.000000,34.000000,27.576597,False,True,False,False,False,False
0,9000,76964.000000,90500.000000,3.000000,0.000000,0.000000,101.400000,2.000000,32.000000,34.818262,False,False,True,False,False,False
0,18300,121001.000000,210685.000000,2.000000,0.000000,0.000000,192.977285,0.000000,16.000000,26.860500,False,False,True,False,False,False
0,15000,89126.000000,118300.000000,0.400000,0.000000,3.000000,263.166667,1.000000,30.000000,34.818262,False,True,False,False,False,False
0,17400,77350.000000,101271.000000,0.000000,0.000000,0.000000,148.916227,1.000000,18.000000,34.387028,False,False,True,False,False,False
0,20300,13838.000000,30813.000000,0.000000,0.000000,0.000000,39.645887,1.000000,3.000000,29.985183,False,False,True,False,False,False
0,6800,45150.000000,57150.000000,4.000000,0.000000,1.000000,94.333333,3.000000,12.000000,34.818262,False,True,False,False,False,False
1,21400,95147.000000,132304.000000,7.000000,1.000000,5.000000,206.127665,1.000000,18.000000,36.235665,False,True,False,False,False,False
0,6700,54161.000000,59714.000000,20.000000,0.000000,0.000000,209.206300,0.000000,20.000000,20.203518,True,True,False,False,False,False
0,18600,60709.000000,89683.000000,1.000000,0.000000,0.000000,316.313858,2.000000,16.000000,43.756566,False,False,True,False,False,False
0,18000,65836.000000,100292.000000,22.000000,0.000000,0.000000,237.101632,0.000000,24.000000,36.338197,True,False,False,True,False,False
1,16100,49371.000000,77400.000000,3.000000,2.000000,2.000000,214.060376,1.000000,51.000000,44.216764,False,True,False,False,False,False
0,15200,44414.000000,60098.000000,4.000000,1.000000,0.000000,105.749642,2.000000,9.000000,27.375269,False,False,True,False,False,False
0,15100,44959.000000,68483.000000,27.000000,1.000000,0.000000,279.947989,1.000000,17.000000,37.180948,False,False,False,False,False,False
0,51100,28312.000000,82300.000000,3.000000,2.000000,0.000000,269.335976,6.000000,14.000000,41.087535,True,False,True,False,False,False
0,8200,171456.000000,246758.000000,7.000000,0.000000,0.000000,138.154818,0.000000,21.000000,40.337861,False,False,False,False,True,False
0,21900,70152.000000,188365.000000,9.000000,0.000000,0.000000,367.541490,0.000000,17.000000,32.692515,False,False,True,False,False,False
0,16900,53252.000000,89720.000000,29.000000,0.000000,0.000000,204.587934,0.000000,22.000000,33.016153,False,True,False,False,False,False
0,17400,65019.000000,48971.000000,7.000000,0.000000,0.000000,345.009919,1.000000,17.000000,32.474319,False,False,True,False,False,False
0,13800,67762.000000,80748.000000,8.000000,0.000000,0.000000,135.948622,0.000000,35.000000,27.194107,False,False,False,False,True,False
0,50000,43689.000000,104139.000000,9.000000,0.000000,0.000000,219.417239,2.000000,35.000000,38.559389,True,False,False,False,False,True
0,12700,72760.000000,83604.000000,6.000000,2.000000,3.000000,189.919425,3.000000,29.000000,37.368560,False,True,False,False,False,False
0,18500,67686.000000,95949.000000,9.000000,0.000000,0.000000,78.949071,0.000000,16.000000,31.808243,True,False,False,True,False,False
0,6000,79046.000000,103048.000000,0.000000,0.000000,0.000000,181.696538,0.000000,32.000000,37.289990,True,False,True,False,False,False
0,23400,91165.000000,99564.000000,8.000000,0.000000,0.000000,173.466667,1.000000,20.000000,28.978621,True,False,True,False,False,False
0,13000,61509.000000,77065.000000,6.000000,0.000000,0.000000,172.854490,2.000000,17.000000,35.390861,False,False,True,False,False,False
0,17800,69306.000000,94504.000000,7.000000,0.000000,0.000000,85.850830,0.000000,15.000000,32.294217,True,False,False,True,False,False
0,14000,92583.000000,114379.000000,10.000000,0.000000,0.000000,169.448342,0.000000,27.000000,34.130769,False,False,True,False,False,False
0,13800,85969.000000,101664.000000,0.000000,0.000000,0.000000,68.583690,0.000000,19.000000,36.839423,True,False,False,True,False,False
0,16100,54715.000000,71673.000000,1.000000,0.000000,0.000000,186.215829,0.000000,25.000000,29.670506,False,True,False,False,False,False
0,17600,59347.000000,68667.000000,0.000000,0.000000,0.000000,185.274961,0.000000,25.000000,30.052324,False,True,False,False,False,False
0,26200,49323.000000,77160.000000,23.000000,0.000000,1.000000,286.181655,0.000000,29.000000,39.676305,False,False,True,False,False,False
0,9900,54961.000000,70609.000000,6.000000,0.000000,4.000000,105.934692,2.000000,11.000000,40.702548,False,False,False,False,False,False
0,6300,55000.000000,69000.000000,13.000000,0.000000,0.000000,130.066667,0.000000,20.000000,34.818262,False,False,False,True,False,False
0,17100,65019.000000,60781.000000,8.000000,0.000000,0.000000,101.014061,0.000000,14.000000,27.719938,False,False,True,False,False,False
0,16300,71510.000000,89756.000000,2.000000,0.000000,0.000000,193.135890,0.000000,30.000000,31.413586,False,False,True,False,False,False
0,16600,65019.000000,50732.000000,0.000000,0.000000,0.000000,96.362895,2.000000,9.000000,42.399139,False,True,False,False,False,False
1,15000,40000.000000,58000.000000,4.000000,7.000000,0.000000,268.833333,3.000000,26.000000,34.818262,False,False,False,True,False,False
1,15300,49421.000000,67343.000000,4.000000,0.000000,0.000000,57.929415,6.000000,22.000000,42.929614,False,False,True,False,False,False
0,24300,142000.000000,175000.000000,6.000000,0.000000,0.000000,323.666667,0.000000,35.000000,34.818262,False,False,False,True,False,False
0,24000,96072.000000,122441.000000,10.000000,0.000000,0.000000,127.741782,1.000000,24.000000,33.608037,True,False,False,False,False,False
0,25500,65019.000000,43031.000000,7.000000,0.000000,0.000000,89.169267,1.000000,13.000000,28.865282,False,False,True,False,False,False
0,43500,65019.000000,46571.000000,7.000000,5.000000,0.000000,108.586633,1.000000,19.000000,29.371300,False,False,True,False,False,False
0,33200,195971.000000,298682.000000,29.000000,0.000000,0.000000,138.566648,0.000000,22.000000,39.887562,False,False,True,False,False,False
1,10700,122000.000000,148000.000000,0.700000,0.000000,0.000000,165.333333,7.000000,29.000000,34.818262,False,False,False,True,False,False
0,28000,62376.000000,104073.000000,16.000000,1.000000,0.000000,146.141930,0.000000,30.000000,39.759850,False,False,True,False,False,False
0,9400,57000.000000,70000.000000,4.000000,0.000000,0.000000,179.566667,2.000000,17.000000,34.818262,False,False,True,False,False,False
0,23000,65019.000000,46846.000000,7.000000,0.000000,0.000000,77.553203,1.000000,13.000000,25.614295,False,False,True,False,False,False
0,13200,65019.000000,69139.000000,0.000000,1.000000,0.000000,173.466667,0.000000,1.000000,1.565931,False,False,True,False,False,False
0,9900,84920.000000,201713.000000,13.000000,0.000000,0.000000,3.044384,1.000000,8.000000,21.057641,True,False,False,False,False,True
0,22900,41174.000000,86851.000000,25.000000,0.000000,0.000000,267.132609,0.000000,7.000000,24.380390,True,False,True,False,False,False
0,16500,77049.000000,98658.000000,5.000000,3.000000,0.000000,77.992816,0.000000,21.000000,23.120074,False,False,True,False,False,False
1,43200,217036.000000,291222.000000,30.000000,0.000000,0.000000,228.146458,1.000000,25.000000,43.789499,False,False,False,True,False,False
0,19500,105000.000000,138375.000000,12.000000,0.000000,2.000000,219.133333,0.000000,25.000000,34.818262,False,True,False,False,False,False
0,24200,92572.000000,121310.000000,9.000000,0.000000,0.000000,117.045501,1.000000,24.000000,30.482780,True,False,False,False,False,False
0,7700,76056.000000,83643.000000,22.000000,0.000000,0.000000,353.195629,0.000000,47.000000,28.544529,True,False,True,False,False,False
0,51800,174945.000000,251643.000000,5.000000,0.000000,0.000000,257.807929,1.000000,33.000000,40.174065,False,False,False,True,False,False
0,19800,13830.000000,85587.000000,20.000000,0.000000,0.000000,229.518295,3.000000,40.000000,35.311066,False,False,True,False,False,False
0,21200,48273.000000,71102.000000,7.000000,0.000000,0.000000,73.303097,2.000000,19.000000,34.659260,False,False,True,False,False,False
0,7800,55000.000000,62800.000000,6.000000,0.000000,0.000000,123.033333,0.000000,34.000000,34.818262,True,False,True,False,False,False
0,19300,31950.000000,53814.000000,17.000000,0.000000,0.000000,178.459637,1.000000,20.000000,37.134712,False,False,False,True,False,False
0,8800,65019.000000,32221.000000,0.000000,0.000000,0.000000,276.841935,0.000000,14.000000,24.198678,False,False,True,False,False,False
0,17000,97517.000000,141718.000000,2.000000,0.000000,0.000000,128.417598,3.000000,15.000000,31.166029,False,True,False,False,False,False
0,16200,96049.000000,129091.000000,5.000000,0.000000,0.000000,251.160894,3.000000,42.000000,36.692168,False,False,False,False,False,False
1,18300,60100.000000,82506.000000,10.000000,3.000000,1.000000,171.466667,2.000000,64.000000,34.818262,False,False,False,True,False,False
0,9500,21900.000000,35250.000000,16.000000,0.000000,0.000000,59.866667,1.000000,10.000000,34.818262,True,False,False,False,False,False
0,60000,122729.000000,207797.000000,9.000000,0.000000,0.000000,313.334397,2.000000,27.000000,35.028578,False,False,False,True,False,False
0,14200,94696.000000,121528.000000,10.000000,0.000000,0.000000,209.051805,0.000000,12.000000,39.648824,False,True,False,False,False,False
1,40000,159000.000000,225000.000000,5.000000,0.000000,0.000000,6.133333,8.000000,3.000000,34.818262,True,False,False,False,False,True
1,19000,93050.000000,118000.000000,1.000000,0.000000,0.000000,40.566667,0.000000,10.000000,34.818262,False,True,False,False,False,False
0,8000,177683.000000,251771.000000,7.000000,0.000000,0.000000,138.511601,0.000000,22.000000,39.735449,False,False,False,False,True,False
0,50100,65019.000000,85756.000000,7.000000,0.000000,0.000000,348.786010,0.000000,6.000000,23.219806,True,False,True,False,False,False
1,20600,52946.000000,83558.000000,0.000000,0.000000,0.000000,65.882879,0.000000,10.000000,65.143593,False,False,True,False,False,False
1,4500,66517.000000,87000.000000,10.000000,0.000000,4.000000,125.800000,0.000000,34.000000,34.818262,False,False,False,True,False,False
1,12500,41301.000000,60000.000000,2.000000,0.000000,0.000000,77.233333,0.000000,12.000000,34.818262,False,False,True,False,False,False
0,23900,21549.000000,49842.000000,25.000000,0.000000,0.000000,300.296313,1.000000,12.000000,30.203989,False,False,True,False,False,False
1,3500,19400.000000,20494.000000,5.000000,0.000000,0.000000,95.933333,0.000000,9.000000,34.818262,True,False,True,False,False,False
0,22100,33435.000000,52340.000000,4.000000,1.000000,0.000000,134.000074,1.000000,10.000000,24.023931,True,False,False,False,False,True
0,16700,86076.000000,130341.000000,12.000000,0.000000,0.000000,295.954340,0.000000,18.000000,28.447992,False,False,False,True,False,False
0,26200,100931.000000,132627.000000,11.000000,0.000000,1.000000,169.032094,0.000000,28.000000,41.089569,False,True,False,False,False,False
1,13000,60000.000000,86400.000000,12.000000,0.000000,2.000000,149.166667,0.000000,28.000000,34.818262,False,False,True,False,False,False
0,53700,24158.000000,82627.000000,2.000000,2.000000,0.000000,250.666543,6.000000,14.000000,43.268375,True,False,True,False,False,False
0,15700,75764.000000,97122.000000,5.000000,2.000000,0.000000,70.725197,0.000000,21.000000,24.431790,False,False,True,False,False,False
0,30900,189798.000000,301984.000000,28.000000,0.000000,0.000000,150.917363,0.000000,22.000000,37.236508,False,False,True,False,False,False
0,10800,13365.000000,66979.000000,9.000000,2.000000,1.000000,346.979651,1.000000,22.000000,16.481630,True,False,True,False,False,False
0,13300,79512.000000,92224.000000,9.000000,0.000000,0.000000,159.207088,4.000000,22.000000,38.948605,False,False,True,False,False,False
1,15000,55300.000000,81000.000000,5.300000,8.000000,0.000000,259.733333,4.000000,30.000000,34.818262,False,False,True,False,False,False
1,3200,23159.000000,89235.500000,20.000000,0.000000,2.000000,117.805748,0.000000,9.000000,0.524499,True,False,False,False,False,False
0,9800,69919.000000,100267.000000,16.000000,0.000000,0.000000,130.886007,3.000000,15.000000,26.835043,False,False,True,False,False,False
0,14000,62000.000000,88500.000000,9.000000,0.000000,0.000000,107.366667,0.000000,11.000000,34.818262,True,True,False,False,False,False
0,10300,50714.000000,56088.000000,1.000000,0.000000,0.000000,163.089148,1.000000,21.000000,37.973055,False,True,False,False,False,False
0,13600,94727.000000,112683.000000,11.000000,0.000000,0.000000,209.129946,3.000000,15.000000,37.714107,False,False,True,False,False,False
0,27800,64804.000000,97553.000000,15.000000,1.000000,0.000000,105.098664,1.000000,17.000000,32.177861,False,False,True,False,False,False
0,10500,53537.000000,66674.000000,4.000000,0.000000,0.000000,83.503095,2.000000,11.000000,37.098413,False,True,False,False,False,False
1,27700,65019.000000,65635.000000,18.000000,0.000000,3.000000,221.100000,1.000000,28.000000,34.818262,True,False,True,False,False,False
0,25000,65019.000000,113000.000000,9.000000,1.000000,0.000000,168.400000,0.000000,27.000000,34.818262,False,False,False,False,False,False
1,13800,65178.000000,79000.000000,11.000000,0.000000,3.000000,111.600000,1.000000,23.000000,34.818262,False,True,False,False,False,False
0,8600,58846.000000,72733.000000,14.000000,0.000000,0.000000,233.171600,3.000000,32.000000,39.775088,False,False,False,True,False,False
0,23900,27800.000000,43403.000000,27.000000,0.000000,0.000000,307.624239,1.000000,12.000000,31.913705,False,False,True,False,False,False
0,8800,135899.000000,202788.000000,1.000000,0.000000,0.000000,53.767622,1.000000,23.000000,35.932025,False,False,False,True,False,False
0,16900,71672.000000,96677.000000,1.000000,0.000000,0.000000,153.791695,0.000000,30.000000,35.327836,False,False,True,False,False,False
1,20200,82181.000000,119535.000000,41.000000,0.000000,0.000000,105.219297,3.000000,28.000000,52.734861,False,True,False,False,False,False
0,16800,39352.000000,60943.000000,25.000000,0.000000,0.000000,237.763623,0.000000,13.000000,25.439888,True,False,True,False,False,False
1,10000,19225.530000,35500.000000,5.000000,0.000000,2.000000,186.000000,1.000000,10.000000,34.818262,True,True,False,False,False,False
0,19600,128876.000000,162994.000000,2.000000,0.000000,1.000000,382.312217,1.000000,52.000000,36.067963,False,True,False,False,False,False
0,12900,18106.000000,37881.000000,8.000000,0.000000,0.000000,134.384109,0.000000,10.000000,20.515962,False,False,False,False,False,False
0,15900,38514.000000,50309.000000,6.000000,1.000000,0.000000,101.826142,1.000000,16.000000,38.877808,False,False,True,False,False,False
0,4100,57992.000000,63797.000000,7.000000,0.000000,4.000000,165.505037,1.000000,31.000000,22.278174,False,False,False,True,False,False
1,12300,50230.000000,70000.000000,1.000000,0.000000,0.000000,184.366667,2.000000,20.000000,34.818262,False,False,False,False,True,False
0,9200,71994.000000,95525.000000,16.000000,0.000000,0.000000,126.816439,3.000000,16.000000,25.621930,False,False,True,False,False,False
1,12500,55000.000000,75393.000000,0.750000,0.000000,1.000000,113.033333,1.000000,16.000000,34.818262,False,False,True,False,False,False
0,26900,115638.000000,145440.000000,4.000000,0.000000,0.000000,294.700192,2.000000,36.000000,43.908645,False,True,False,False,False,False
0,16300,32188.000000,78914.000000,7.000000,0.000000,0.000000,250.725546,0.000000,49.000000,40.722196,True,False,True,False,False,False
0,19400,51360.000000,76100.000000,1.000000,0.000000,0.000000,222.832118,0.000000,11.000000,36.263336,False,True,False,False,False,False
0,6900,75880.000000,113612.000000,1.000000,0.000000,0.000000,230.805588,1.000000,38.000000,17.965883,False,True,False,False,False,False
0,12000,38130.000000,68707.000000,23.000000,0.000000,0.000000,234.887980,1.000000,29.000000,26.301237,False,True,False,False,False,False
0,50900,53334.000000,63298.000000,12.000000,0.000000,0.000000,106.688289,1.000000,25.000000,37.312097,False,True,False,False,False,False
0,8600,21000.000000,79000.000000,21.000000,0.000000,0.000000,239.433333,0.000000,11.000000,34.818262,True,False,False,True,False,False
0,9900,35448.000000,58056.000000,11.000000,0.000000,0.000000,229.522844,1.000000,31.000000,37.297432,False,False,True,False,False,False
0,13500,91734.000000,114906.000000,12.000000,0.000000,0.000000,211.876945,3.000000,15.000000,38.104208,False,False,True,False,False,False
0,20600,32439.000000,55024.000000,0.000000,0.000000,0.000000,302.783949,1.000000,24.000000,35.388380,False,False,True,False,False,False
0,28200,109184.000000,207035.000000,23.000000,0.000000,0.000000,179.937751,0.000000,18.000000,23.662457,False,False,True,False,False,False
1,7700,14589.000000,33100.000000,3.000000,0.000000,7.000000,122.066667,0.000000,22.000000,34.818262,False,False,True,False,False,False
0,15100,65019.000000,57940.000000,0.000000,0.000000,0.000000,86.894930,1.000000,8.000000,38.850349,False,True,False,False,False,False
0,47500,65019.000000,76836.000000,11.000000,0.000000,0.000000,290.649323,0.000000,13.000000,34.146893,True,True,False,False,False,False
1,18400,72718.000000,98065.000000,8.000000,0.000000,0.000000,119.057817,0.000000,19.000000,35.364128,False,False,True,False,False,False
1,15000,62100.000000,40000.000000,1.000000,0.000000,0.000000,111.600000,2.000000,13.000000,34.818262,False,False,False,True,False,False
0,5900,70973.000000,77989.000000,7.000000,0.000000,0.000000,120.379414,0.000000,24.000000,41.442500,True,False,True,False,False,False
0,20500,64113.000000,98322.000000,16.000000,0.000000,0.000000,634.461893,1.000000,23.000000,19.574316,True,False,False,True,False,False
1,4500,90000.000000,105800.000000,6.000000,2.000000,3.000000,80.100000,3.000000,10.000000,34.818262,True,False,True,False,False,False
0,13000,61865.000000,72045.000000,0.000000,0.000000,0.000000,172.696685,2.000000,34.000000,42.565582,False,False,False,True,False,False
0,21700,8606.000000,75530.000000,7.000000,0.000000,0.000000,257.120722,0.000000,21.000000,38.739219,False,True,False,False,False,False
0,9100,59430.000000,76897.000000,5.000000,0.000000,1.000000,246.095109,1.000000,16.000000,37.470923,True,False,True,False,False,False
0,11900,34222.000000,59948.000000,24.000000,0.000000,0.000000,228.075351,1.000000,29.000000,25.728837,False,True,False,False,False,False
0,26300,87291.000000,122531.000000,10.000000,0.000000,1.000000,128.483258,0.000000,18.000000,27.837510,False,False,False,True,False,False
0,16000,63005.000000,90908.000000,7.000000,0.000000,0.000000,295.115250,0.000000,20.000000,29.014877,True,False,True,False,False,False
0,28800,132019.000000,168828.000000,0.000000,0.000000,0.000000,231.286134,1.000000,24.000000,35.490306,False,False,False,False,False,False
1,12000,118000.000000,139350.000000,2.000000,0.000000,0.000000,153.166667,2.000000,17.000000,34.818262,True,False,False,True,False,False
0,25000,19600.000000,71000.000000,7.000000,2.000000,2.000000,93.333333,2.000000,26.000000,34.818262,False,False,True,False,False,False
0,21200,109747.000000,174666.000000,7.000000,0.000000,0.000000,211.807227,3.000000,24.000000,40.394840,False,True,False,False,False,False
0,25000,149000.000000,202500.000000,11.000000,0.000000,0.000000,256.666667,2.000000,34.000000,34.818262,True,False,True,False,False,False
0,24900,134427.000000,169444.000000,7.000000,1.000000,0.000000,202.447326,0.000000,19.000000,35.349212,False,False,True,False,False,False
0,5800,75000.000000,90543.000000,18.000000,0.000000,0.000000,300.487206,1.000000,23.000000,38.940575,False,False,False,False,False,False
0,6200,73881.000000,98550.000000,0.000000,0.000000,1.000000,182.878780,0.000000,31.000000,37.199446,True,False,True,False,False,False
0,15300,83039.000000,99630.000000,8.000000,1.000000,2.000000,354.460299,1.000000,42.000000,38.265951,False,False,False,True,False,False
0,21500,125451.000000,200594.000000,13.000000,0.000000,0.000000,205.278365,0.000000,22.000000,36.893394,True,False,False,True,False,False
0,25500,32458.000000,52329.000000,15.000000,0.000000,0.000000,105.783681,2.000000,24.000000,29.866278,False,False,True,False,False,False
0,8500,20959.000000,62956.000000,20.000000,0.000000,0.000000,315.707391,1.000000,13.000000,41.077591,True,True,False,False,False,False
0,11500,77143.000000,86862.000000,8.000000,0.000000,1.000000,164.596403,1.000000,12.000000,39.449693,False,False,False,True,False,False
0,25200,26255.000000,50963.000000,24.000000,0.000000,0.000000,302.431224,1.000000,12.000000,31.258329,False,False,True,False,False,False
0,37700,37200.000000,51389.000000,7.000000,0.000000,0.000000,173.466667,6.000000,0.000000,32.774331,False,False,True,False,False,False
0,10600,58701.000000,67967.000000,10.000000,0.000000,0.000000,116.532289,1.000000,19.000000,31.540218,False,False,False,False,False,False
0,13700,70018.000000,89803.000000,24.000000,0.000000,0.000000,154.752121,1.000000,13.000000,39.389909,True,True,False,False,False,False
0,40700,150283.000000,208676.000000,5.000000,0.000000,0.000000,152.102271,0.000000,31.000000,36.909994,True,False,False,True,False,False
0,18000,90000.000000,120600.000000,25.000000,0.000000,0.000000,272.933333,3.000000,17.000000,34.818262,False,True,False,False,False,False
0,17200,55254.000000,118718.000000,15.000000,0.000000,0.000000,276.911083,0.000000,20.000000,26.696159,False,False,False,True,False,False
1,9500,50400.000000,63000.000000,1.000000,0.000000,0.000000,91.266667,8.000000,22.000000,34.818262,False,False,True,False,False,False
0,48400,33300.000000,60000.000000,5.000000,1.000000,0.000000,193.366667,1.000000,16.000000,34.818262,False,True,False,False,False,False
0,7600,133475.000000,203936.000000,1.000000,0.000000,0.000000,87.452870,2.000000,23.000000,37.005968,False,False,False,True,False,False
0,17800,60611.000000,89943.000000,29.000000,0.000000,0.000000,208.466537,0.000000,21.000000,30.813241,False,True,False,False,False,False
0,25600,196689.000000,247025.000000,8.000000,0.000000,0.000000,105.425354,1.000000,25.000000,42.670275,False,False,True,False,False,False
0,8700,54768.000000,87268.000000,18.000000,0.000000,0.000000,187.580570,0.000000,28.000000,26.367134,True,False,True,False,False,False
0,23100,72712.000000,185787.000000,10.000000,0.000000,0.000000,362.181704,1.000000,16.000000,31.867155,False,False,True,False,False,False
0,16200,105502.000000,117705.000000,0.000000,0.000000,0.000000,125.242589,2.000000,21.000000,38.810662,False,False,True,False,False,False
0,18100,46145.000000,72200.000000,11.000000,0.000000,0.000000,178.192078,0.000000,42.000000,40.574022,False,False,False,True,False,False
0,14800,73887.000000,109451.000000,6.000000,0.000000,0.000000,81.314819,2.000000,13.000000,33.981408,False,False,True,False,False,False
0,10900,65019.000000,76207.000000,7.000000,0.000000,0.000000,173.466667,1.000000,20.000000,22.392612,False,False,True,False,False,False
0,12100,83557.000000,98881.000000,6.000000,0.000000,0.000000,102.225704,1.000000,26.000000,25.782787,True,False,False,True,False,False
0,20000,69742.610000,180000.000000,11.000000,0.000000,0.000000,366.300000,1.000000,17.000000,34.818262,False,False,True,False,False,False
0,13300,153411.000000,182014.000000,7.000000,0.000000,0.000000,198.391620,3.000000,25.000000,41.987116,False,False,False,True,False,False
0,17200,7044.000000,57831.000000,0.000000,0.000000,0.000000,330.970904,0.000000,6.000000,37.943315,False,False,False,False,True,False
1,17000,74910.000000,112375.000000,41.000000,0.000000,0.000000,95.200000,3.000000,28.000000,34.818262,False,True,False,False,False,False
0,14500,41911.000000,54985.000000,4.000000,0.000000,0.000000,254.664526,0.000000,35.000000,38.724680,False,False,False,True,False,False
0,10800,65019.000000,89235.500000,7.000000,0.000000,0.000000,173.466667,1.000000,20.000000,34.818262,False,False,True,False,False,False
0,6000,65019.000000,69492.000000,7.000000,0.000000,0.000000,173.466667,1.000000,20.000000,32.977197,False,False,True,False,False,False
0,17600,73354.000000,96526.000000,0.000000,0.000000,0.000000,147.134526,1.000000,18.000000,33.052493,False,False,True,False,False,False
0,14500,65019.000000,35183.000000,12.000000,0.000000,0.000000,94.363247,1.000000,8.000000,32.605001,False,False,True,False,False,False
1,11000,122751.000000,140000.000000,5.000000,0.000000,0.000000,116.700000,2.000000,30.000000,34.818262,False,False,True,False,False,False
0,21700,20627.000000,52040.000000,26.000000,0.000000,2.000000,199.985432,0.000000,25.000000,27.117690,False,False,True,False,False,False
0,16000,85228.000000,91519.000000,7.000000,0.000000,0.000000,162.771201,0.000000,26.000000,43.583883,True,True,False,False,False,False
1,14800,63800.000000,96500.000000,9.000000,0.000000,4.000000,185.433333,2.000000,14.000000,34.818262,True,False,False,False,False,False
0,14800,63508.000000,87310.000000,2.000000,0.000000,0.000000,127.165230,3.000000,10.000000,38.953723,False,False,True,False,False,False
0,16400,58664.000000,89589.000000,27.000000,0.000000,0.000000,211.441102,0.000000,21.000000,34.256365,False,True,False,False,False,False
0,19600,53662.000000,80055.000000,6.000000,0.000000,0.000000,99.085542,0.000000,8.000000,37.518298,False,False,True,False,False,False
0,13800,77130.000000,127000.000000,15.000000,0.000000,0.000000,296.333333,0.000000,19.000000,34.818262,False,False,False,True,False,False
1,15000,20000.000000,47394.000000,13.000000,0.000000,0.000000,66.133333,0.000000,11.000000,34.818262,True,False,True,False,False,False
1,9200,64900.000000,78000.000000,10.000000,0.000000,0.000000,122.766667,2.000000,24.000000,34.818262,False,False,False,False,False,False
0,9000,96884.000000,110108.000000,18.000000,0.000000,2.000000,194.800000,2.000000,16.000000,34.818262,False,False,True,False,False,False
1,10000,65019.000000,89235.500000,7.000000,0.000000,0.000000,173.466667,1.000000,20.000000,34.818262,True,False,True,False,False,False
1,13500,83673.000000,109000.000000,2.300000,0.000000,1.000000,238.400000,3.000000,57.000000,34.818262,True,False,False,False,False,False
0,14300,33261.000000,41835.000000,9.000000,0.000000,0.000000,155.143161,6.000000,28.000000,40.502960,False,False,True,False,False,False
0,87500,55938.000000,86794.000000,15.000000,0.000000,0.000000,223.881040,0.000000,16.000000,36.753653,False,False,True,False,False,False
0,15000,93226.000000,108149.000000,11.000000,0.000000,1.000000,152.797691,1.000000,17.000000,34.250266,False,False,False,False,True,False
0,16500,163000.000000,193000.000000,10.000000,0.000000,0.000000,262.733333,1.000000,38.000000,34.818262,False,False,False,True,False,False
0,24100,61811.000000,97086.000000,6.000000,0.000000,0.000000,222.626591,1.000000,19.000000,34.682537,False,False,True,False,False,False
0,6800,56155.000000,57912.000000,21.000000,0.000000,0.000000,206.306321,0.000000,20.000000,21.798513,True,True,False,False,False,False
0,15600,102881.000000,117868.000000,11.000000,0.000000,0.000000,287.441131,2.000000,19.000000,31.759877,False,False,True,False,False,False
1,24100,30951.000000,58000.000000,11.000000,0.000000,4.000000,36.500000,0.000000,12.000000,34.818262,False,False,False,False,False,False
1,2200,90957.000000,102600.000000,7.000000,2.000000,6.000000,122.900000,1.000000,22.000000,34.818262,True,False,False,False,False,False
0,34400,97971.000000,145124.000000,13.000000,0.000000,0.000000,67.832042,1.000000,36.000000,40.402706,False,False,True,False,False,False
0,25100,108235.000000,201918.000000,24.000000,0.000000,0.000000,199.486464,0.000000,19.000000,23.652340,False,False,True,False,False,False
0,14500,71511.000000,88632.000000,9.000000,0.000000,0.000000,85.748149,2.000000,11.000000,31.547812,False,False,True,False,False,False
0,22900,131767.000000,174684.000000,24.000000,0.000000,4.000000,329.647795,1.000000,28.000000,32.361627,False,False,False,False,False,False
0,23800,65019.000000,71798.000000,6.000000,0.000000,0.000000,119.711955,2.000000,5.000000,19.624528,True,True,False,False,False,False
0,17400,166345.000000,202989.000000,10.000000,0.000000,0.000000,276.066346,0.000000,37.000000,24.356594,False,False,False,True,False,False
1,53600,208197.000000,297280.000000,4.000000,1.000000,1.000000,160.485251,2.000000,29.000000,41.646731,False,False,False,True,False,False
1,5000,65019.000000,71277.000000,10.000000,0.000000,0.000000,72.433333,1.000000,12.000000,34.818262,True,False,True,False,False,False
0,14600,28050.000000,49244.000000,9.000000,0.000000,0.000000,122.116639,1.000000,9.000000,20.828767,True,False,True,False,False,False
0,23700,18825.000000,55549.000000,26.000000,0.000000,1.000000,203.860930,0.000000,25.000000,26.629077,False,False,True,False,False,False
1,7500,65019.000000,40150.000000,5.000000,0.000000,0.000000,173.466667,1.000000,0.000000,34.818262,True,False,True,False,False,False
0,19300,50554.000000,76140.000000,9.000000,2.000000,0.000000,78.276625,3.000000,27.000000,36.026904,False,False,False,False,False,False
0,16100,94089.000000,159427.000000,6.000000,0.000000,0.000000,101.960460,0.000000,16.000000,35.994980,True,False,False,True,False,False
0,6500,81145.000000,117530.000000,29.000000,0.000000,0.000000,327.200639,1.000000,38.000000,34.345838,True,True,False,False,False,False
0,37700,141260.000000,205493.000000,5.000000,0.000000,0.000000,148.137239,0.000000,31.000000,34.302974,True,False,False,True,False,False
0,19100,105111.000000,176829.000000,6.000000,0.000000,0.000000,211.400338,4.000000,24.000000,41.413124,False,True,False,False,False,False
0,20200,34676.000000,62987.000000,1.000000,0.000000,0.000000,112.799087,0.000000,17.000000,22.093046,False,False,True,False,False,False
0,8400,62989.000000,76718.000000,3.000000,0.000000,2.000000,131.471383,0.000000,22.000000,29.200400,True,False,False,False,False,False
0,30100,78124.000000,116280.000000,10.000000,0.000000,0.000000,73.753384,1.000000,35.000000,26.406332,False,False,False,False,False,False
0,13200,77241.000000,112904.000000,5.000000,0.000000,0.000000,68.549045,2.000000,14.000000,34.535244,False,False,True,False,False,False
0,20200,65019.000000,68031.000000,6.000000,0.000000,0.000000,120.593465,1.000000,4.000000,18.320488,True,True,False,False,False,False
1,3000,119826.000000,193500.000000,8.000000,0.000000,0.000000,130.033358,0.000000,27.000000,34.818262,True,False,True,False,False,False
1,15000,68000.000000,96000.000000,12.000000,0.000000,3.000000,109.566667,0.000000,24.000000,34.818262,False,False,False,False,False,False
0,17500,101354.000000,117209.000000,1.000000,0.000000,0.000000,136.158223,0.000000,30.000000,36.851723,False,False,False,True,False,False
0,26900,45763.000000,73797.000000,23.000000,0.000000,0.000000,291.591682,1.000000,29.000000,39.370858,False,False,True,False,False,False
0,21700,47024.000000,71628.000000,10.000000,0.000000,0.000000,177.602066,1.000000,41.000000,37.125362,False,False,False,True,False,False
1,13000,43744.000000,60000.000000,22.000000,0.000000,1.000000,21.266667,1.000000,15.000000,34.818262,False,False,False,False,False,True
1,13000,29461.000000,49326.000000,11.000000,0.000000,0.000000,171.597669,1.000000,8.000000,38.918000,True,False,False,True,False,False
0,9800,58936.000000,78078.000000,19.000000,0.000000,0.000000,152.140126,0.000000,11.000000,32.188761,False,False,True,False,False,False
0,17500,87294.000000,114031.000000,15.000000,0.000000,0.000000,147.098583,2.000000,8.000000,34.467940,False,False,True,False,False,False
0,12700,65019.000000,41396.000000,0.000000,0.000000,0.000000,302.870050,1.000000,8.000000,27.989467,True,False,True,False,False,False
0,25400,44800.000000,78000.000000,21.000000,0.000000,0.000000,211.033333,1.000000,27.000000,34.818262,False,False,True,False,False,False
0,16100,26276.000000,168105.000000,7.000000,0.000000,0.000000,336.198465,0.000000,26.000000,25.991820,True,False,False,False,False,True
0,8400,84666.000000,123613.000000,8.000000,0.000000,0.000000,173.466667,1.000000,20.000000,39.658320,True,False,True,False,False,False
0,17900,110332.000000,130756.000000,2.000000,0.000000,1.000000,288.655584,1.000000,47.000000,41.946375,False,False,True,False,False,False
0,13600,90519.000000,110885.000000,12.000000,0.000000,0.000000,201.835591,3.000000,16.000000,39.666054,False,False,True,False,False,False
0,33100,236847.000000,46091.000000,1.000000,0.000000,2.000000,205.650660,3.000000,49.000000,41.832674,False,False,False,False,False,False
0,68700,197356.000000,291242.000000,10.000000,0.000000,0.000000,217.801647,2.000000,24.000000,29.423058,False,False,False,False,False,True
0,22000,54010.000000,97800.000000,1.000000,0.000000,0.000000,192.733333,0.000000,26.000000,34.818262,False,False,False,True,False,False
0,38100,93544.000000,142231.000000,11.000000,0.000000,0.000000,55.109850,0.000000,36.000000,41.295400,False,False,True,False,False,False
0,22000,65019.000000,72304.000000,9.000000,0.000000,0.000000,120.532018,2.000000,4.000000,20.176213,True,True,False,False,False,False
0,5800,65019.000000,36385.000000,2.000000,0.000000,0.000000,266.553394,1.000000,25.000000,43.309765,True,False,True,False,False,False
1,40000,65019.000000,850000.000000,17.000000,0.000000,0.000000,186.666667,1.000000,24.000000,34.818262,True,False,True,False,False,False
0,21800,90065.000000,122335.000000,3.000000,0.000000,0.000000,212.695468,1.000000,26.000000,34.846919,False,False,False,False,False,True
0,8700,58060.000000,65605.000000,23.000000,0.000000,0.000000,259.683813,3.000000,29.000000,39.829999,False,False,True,False,False,False
0,17400,42876.000000,66085.000000,26.000000,0.000000,0.000000,281.578152,1.000000,16.000000,38.027522,False,False,False,False,False,False
0,43300,18824.000000,63487.000000,22.000000,0.000000,0.000000,212.254889,0.000000,30.000000,41.246736,False,False,True,False,False,False
0,22400,72866.000000,95734.000000,5.000000,0.000000,0.000000,75.955735,7.000000,23.000000,37.507224,False,False,False,False,False,False
0,19500,8861.000000,170687.000000,23.000000,0.000000,0.000000,76.788495,2.000000,20.000000,31.584003,True,False,False,False,False,False
0,23100,64601.000000,100170.000000,2.000000,0.000000,0.000000,156.675375,0.000000,21.000000,34.000236,False,True,False,False,False,False
0,9200,48130.000000,62358.000000,15.000000,0.000000,4.000000,219.657131,0.000000,36.000000,27.617063,False,False,True,False,False,False
0,11800,21813.000000,30436.000000,5.000000,0.000000,1.000000,104.011636,0.000000,16.000000,19.408461,False,True,False,False,False,False
0,12800,56516.000000,78392.000000,0.000000,0.000000,1.000000,195.723322,0.000000,13.000000,27.337441,True,False,True,False,False,False
0,14000,42000.000000,60000.000000,27.000000,1.000000,0.000000,281.066667,1.000000,17.000000,34.818262,False,False,False,False,False,False
0,23400,89427.000000,106590.000000,6.000000,0.000000,0.000000,173.466667,1.000000,20.000000,29.371652,True,False,True,False,False,False
0,33100,238018.000000,44379.000000,3.000000,0.000000,2.000000,195.365260,3.000000,49.000000,40.415599,False,False,False,False,False,False
0,21600,152639.000000,195661.000000,14.000000,0.000000,0.000000,127.778110,0.000000,24.000000,29.153071,False,False,False,True,False,False
1,25000,112000.000000,157000.000000,5.500000,0.000000,0.000000,63.900000,3.000000,9.000000,34.818262,False,True,False,False,False,False
0,7600,65019.000000,28593.000000,20.000000,0.000000,0.000000,180.168937,0.000000,16.000000,35.583403,True,True,False,False,False,False
0,70300,197761.000000,294169.000000,9.000000,0.000000,0.000000,212.239725,2.000000,24.000000,28.907073,False,False,False,False,False,True
0,4200,50216.000000,58541.000000,19.000000,0.000000,0.000000,209.871302,0.000000,19.000000,20.208033,True,True,False,False,False,False
0,27600,57327.000000,87683.000000,0.000000,0.000000,0.000000,98.521771,0.000000,23.000000,34.760575,False,True,False,False,False,False
0,15300,14695.000000,48095.000000,1.000000,0.000000,0.000000,301.657666,0.000000,16.000000,19.012446,False,False,False,True,False,False
1,20000,47696.030000,112700.000000,16.000000,0.000000,3.000000,123.766667,0.000000,23.000000,34.818262,False,False,True,False,False,False
0,23900,236803.000000,267036.000000,7.000000,0.000000,0.000000,252.073545,1.000000,50.000000,38.074091,True,False,False,False,False,True
1,13100,22422.000000,34800.000000,2.600000,2.000000,0.000000,93.300000,1.000000,3.000000,34.818262,True,True,False,False,False,False
0,50400,40140.000000,103789.000000,9.000000,0.000000,0.000000,208.766575,3.000000,35.000000,40.015263,True,False,False,False,False,True
1,20600,48500.000000,72000.000000,17.000000,0.000000,0.000000,173.466667,0.000000,0.000000,34.818262,False,False,True,False,False,False
0,9600,77359.000000,101365.000000,1.000000,0.000000,0.000000,182.803514,0.000000,31.000000,33.481910,True,False,True,False,False,False
0,18300,73510.000000,95132.000000,0.000000,0.000000,0.000000,86.684296,0.000000,17.000000,25.244046,False,False,False,False,False,False
0,8000,65000.000000,93600.000000,16.000000,0.000000,0.000000,140.066667,4.000000,16.000000,34.818262,False,False,True,False,False,False
0,10000,127319.000000,194992.000000,1.000000,0.000000,1.000000,337.689972,0.000000,16.000000,41.447506,True,True,False,False,False,False
0,27200,58383.000000,92484.000000,22.000000,1.000000,2.000000,170.072323,1.000000,20.000000,23.809820,False,False,True,False,False,False
0,6900,49000.000000,68280.000000,1.000000,0.000000,0.000000,61.900000,8.000000,22.000000,34.818262,False,False,True,False,False,False
0,7200,62329.000000,78007.000000,8.000000,0.000000,0.000000,55.358803,1.000000,23.000000,38.640277,False,False,False,True,False,False
0,28600,26189.000000,50409.000000,36.000000,0.000000,0.000000,287.496173,0.000000,23.000000,38.644395,False,False,True,False,False,False
0,9100,46406.000000,56134.000000,9.000000,0.000000,0.000000,93.853461,3.000000,34.000000,39.466330,True,False,True,False,False,False
0,7800,58399.000000,65945.000000,1.000000,0.000000,1.000000,106.631342,2.000000,18.000000,37.024764,False,False,True,False,False,False
0,12000,81000.000000,105250.000000,9.000000,0.000000,0.000000,200.900000,2.000000,37.000000,34.818262,False,False,False,True,False,False
1,10000,65019.000000,65088.000000,3.500000,4.000000,5.000000,205.066667,2.000000,39.000000,34.818262,True,False,False,False,False,False
0,12200,27118.000000,87982.000000,19.000000,0.000000,0.000000,232.236996,0.000000,11.000000,25.235439,True,False,False,True,False,False
0,11600,28654.000000,47042.000000,10.000000,0.000000,0.000000,158.084788,7.000000,29.000000,38.477505,False,False,True,False,False,False
0,18900,64290.000000,87837.000000,2.000000,0.000000,0.000000,309.005458,3.000000,15.000000,42.168358,False,False,True,False,False,False
1,8500,30077.000000,42770.000000,0.250000,0.000000,0.000000,89.266667,0.000000,10.000000,34.818262,False,True,False,False,False,False
1,12600,86785.000000,110400.000000,0.700000,1.000000,0.000000,89.066667,2.000000,27.000000,34.818262,False,False,True,False,False,False
1,1100,25860.000000,39025.000000,10.500000,0.000000,0.000000,94.366667,1.000000,9.000000,34.818262,True,False,True,False,False,False
0,20300,94781.000000,125948.000000,12.000000,0.000000,0.000000,148.655688,1.000000,24.000000,33.183677,False,False,False,True,False,False
0,12900,90646.000000,100744.000000,19.000000,0.000000,0.000000,141.208461,3.000000,23.000000,31.526380,True,False,True,False,False,False
0,13000,88614.000000,116994.000000,13.000000,0.000000,2.000000,188.824199,0.000000,28.000000,32.619502,True,False,False,True,False,False
0,20900,62615.000000,87904.000000,5.000000,0.000000,0.000000,177.864849,1.000000,15.000000,36.831076,False,True,False,False,False,False
0,25100,66938.000000,92544.000000,8.000000,1.000000,1.000000,135.665070,4.000000,26.000000,34.565876,False,False,False,True,False,False
0,37200,202627.000000,268857.000000,3.000000,0.000000,0.000000,248.170360,0.000000,31.000000,31.859399,False,False,False,True,False,False
0,15000,116000.000000,202800.000000,3.500000,0.000000,0.000000,202.966667,0.000000,17.000000,34.818262,False,False,True,False,False,False
0,36200,36661.000000,53622.000000,7.000000,0.000000,0.000000,173.466667,6.000000,0.000000,32.014692,False,False,True,False,False,False
0,19500,100446.000000,121516.000000,0.000000,0.000000,0.000000,306.111104,1.000000,20.000000,43.021823,True,False,False,False,False,False
0,7600,80900.000000,99525.000000,2.000000,0.000000,0.000000,135.640196,0.000000,26.000000,34.777089,False,False,False,True,False,False
1,11900,58104.000000,77870.000000,7.000000,0.000000,0.000000,69.433333,1.000000,19.000000,34.818262,True,False,True,False,False,False
0,17500,100642.000000,138550.000000,3.000000,0.000000,0.000000,115.075948,3.000000,16.000000,32.176380,False,True,False,False,False,False
0,17000,54780.000000,93091.000000,4.000000,0.000000,0.000000,115.375332,1.000000,21.000000,37.508625,False,False,False,True,False,False
0,20000,56683.000000,90600.000000,2.000000,0.000000,0.000000,155.200000,1.000000,22.000000,34.818262,False,True,False,False,False,False
0,31000,133471.000000,188154.000000,0.000000,0.000000,0.000000,218.538261,2.000000,18.000000,40.315083,False,False,False,True,False,False
0,11300,40752.000000,53683.000000,22.000000,0.000000,1.000000,129.758062,0.000000,23.000000,38.425881,True,False,True,False,False,False
1,6000,40000.000000,54600.000000,4.000000,0.000000,4.000000,101.400000,0.000000,19.000000,34.818262,True,False,False,True,False,False
0,18000,65019.000000,53365.000000,7.000000,0.000000,0.000000,340.460801,1.000000,17.000000,30.575650,False,False,True,False,False,False
1,15800,65019.000000,58995.000000,1.000000,2.000000,3.000000,194.987088,1.000000,45.000000,52.203165,True,False,True,False,False,False
0,30200,20956.000000,39333.000000,0.000000,1.000000,0.000000,73.391798,0.000000,7.000000,13.495367,False,False,True,False,False,False
0,18200,78077.000000,105522.000000,0.000000,0.000000,0.000000,278.443022,2.000000,22.000000,38.939651,False,False,False,True,False,False
0,14000,92739.000000,125000.000000,6.000000,0.000000,0.000000,248.600000,3.000000,42.000000,34.818262,False,False,False,False,False,False
1,5000,65019.000000,132000.000000,17.500000,0.000000,2.000000,121.900000,0.000000,14.000000,34.818262,True,False,True,False,False,False
0,8500,78346.000000,82226.000000,22.000000,0.000000,0.000000,320.349543,1.000000,47.000000,30.199400,True,False,True,False,False,False
0,15700,87754.000000,103045.000000,21.000000,0.000000,0.000000,147.450177,4.000000,23.000000,29.181743,True,False,True,False,False,False
0,20900,152994.000000,117934.000000,4.000000,0.000000,0.000000,98.509360,3.000000,34.000000,32.313187,False,False,False,True,False,False
0,12000,85039.000000,111100.000000,0.200000,1.000000,2.000000,144.066667,1.000000,34.000000,34.818262,False,False,False,True,False,False
0,21700,62506.000000,96588.000000,18.000000,0.000000,1.000000,615.133373,0.000000,24.000000,21.972675,True,False,False,True,False,False
1,30000,176000.000000,240000.000000,1.000000,1.000000,0.000000,198.866667,2.000000,13.000000,34.818262,False,False,False,True,False,False
0,27000,45482.000000,77000.000000,0.800000,0.000000,0.000000,164.300000,3.000000,19.000000,34.818262,False,True,False,False,False,False
0,16700,65019.000000,29387.000000,13.000000,0.000000,0.000000,80.820591,2.000000,8.000000,33.364491,False,False,True,False,False,False
0,9900,83821.000000,124527.000000,30.000000,0.000000,0.000000,319.651971,1.000000,37.000000,35.769425,True,True,False,False,False,False
0,10200,78628.000000,92090.000000,10.000000,1.000000,0.000000,164.317896,6.000000,21.000000,38.721322,False,False,True,False,False,False
0,23700,65019.000000,46665.000000,7.000000,0.000000,0.000000,85.128354,1.000000,12.000000,24.991359,False,False,True,False,False,False
0,12700,29471.000000,48362.000000,9.000000,0.000000,0.000000,79.902871,0.000000,4.000000,36.020608,True,False,True,False,False,False
0,13100,58039.000000,68558.000000,29.000000,1.000000,2.000000,184.880011,1.000000,23.000000,37.347349,True,False,True,False,False,False
0,6300,92659.000000,117352.000000,6.000000,0.000000,0.000000,199.011927,0.000000,27.000000,26.520050,True,False,False,True,False,False
0,6700,49367.000000,59609.000000,6.000000,0.000000,0.000000,99.303701,0.000000,17.000000,25.231366,True,False,True,False,False,False
1,13500,70000.000000,93500.000000,25.000000,0.000000,0.000000,250.633333,0.000000,46.000000,34.818262,False,False,False,False,True,False
1,10000,76700.000000,97800.000000,25.000000,0.000000,10.000000,205.233333,3.000000,26.000000,34.818262,False,False,True,False,False,False
0,9900,8673.000000,37244.000000,4.000000,0.000000,0.000000,256.680584,0.000000,12.000000,24.496286,False,False,True,False,False,False
0,19500,51333.000000,77732.000000,7.000000,0.000000,0.000000,173.466667,1.000000,20.000000,37.398317,False,False,True,False,False,False
0,25300,51261.000000,87025.000000,4.000000,0.000000,0.000000,249.836185,2.000000,25.000000,31.658786,False,False,False,False,False,False
1,25000,160000.000000,220000.000000,7.000000,0.000000,6.000000,228.066667,2.000000,35.000000,34.818262,False,False,True,False,False,False
1,12800,40932.000000,72172.000000,20.000000,0.000000,0.000000,162.044010,0.000000,16.000000,37.518366,False,False,True,False,False,False
0,9500,55862.000000,62965.000000,15.000000,0.000000,4.000000,223.103914,0.000000,36.000000,26.141178,False,False,True,False,False,False
0,18500,67290.000000,95750.000000,7.000000,2.000000,1.000000,237.100000,2.000000,14.000000,34.818262,False,False,True,False,False,False
0,16300,69327.000000,102426.000000,8.000000,0.000000,0.000000,246.754666,1.000000,12.000000,36.409094,True,False,False,True,False,False
0,10000,84580.000000,118924.000000,31.000000,0.000000,0.000000,341.944976,2.000000,37.000000,35.248898,True,True,False,False,False,False
0,16000,140979.000000,181166.000000,9.000000,0.000000,0.000000,236.707118,0.000000,21.000000,27.841340,False,False,False,False,False,False
0,28400,183314.000000,232345.000000,1.000000,0.000000,0.000000,300.904310,1.000000,32.000000,42.336227,False,False,False,True,False,False
0,10000,96000.000000,112200.000000,16.000000,1.000000,0.000000,258.733333,0.000000,16.000000,34.818262,False,True,False,False,False,False
0,27800,114417.000000,150849.000000,5.000000,0.000000,0.000000,285.386126,0.000000,24.000000,38.581924,False,False,False,False,False,False
0,28600,105907.000000,156126.000000,10.000000,0.000000,0.000000,165.090735,1.000000,17.000000,33.231301,False,False,False,True,False,False
1,2800,4000.000000,60850.000000,16.000000,4.000000,0.000000,112.633333,2.000000,9.000000,34.818262,True,False,True,False,False,False
0,33500,18804.000000,43982.000000,7.000000,0.000000,0.000000,46.762906,0.000000,6.000000,34.980371,False,False,False,False,False,False
0,20400,44746.000000,63433.000000,5.000000,0.000000,0.000000,176.328497,2.000000,26.000000,36.676878,False,True,False,False,False,False
0,5300,44993.000000,50673.000000,7.000000,0.000000,0.000000,184.742767,1.000000,18.000000,27.906123,True,True,False,False,False,False
0,20700,100778.000000,142271.000000,7.000000,0.000000,0.000000,173.466667,1.000000,20.000000,39.983096,True,False,True,False,False,False
0,9700,108000.000000,210000.000000,2.300000,0.000000,0.000000,124.833333,1.000000,15.000000,34.818262,True,False,False,True,False,False
0,12300,68024.000000,78800.000000,7.000000,0.000000,0.000000,125.504051,0.000000,35.000000,29.293344,False,False,False,False,True,False
1,15100,65019.000000,89235.500000,0.000000,0.000000,0.000000,173.466667,0.000000,0.000000,34.818262,False,False,True,False,False,False
0,13000,67395.000000,94355.000000,8.000000,0.000000,0.000000,214.484493,3.000000,28.000000,40.970467,False,True,False,False,False,False
0,8300,41481.000000,50448.000000,20.000000,0.000000,1.000000,230.848863,1.000000,18.000000,35.888291,True,False,False,False,False,False
1,16800,113021.000000,146222.000000,5.000000,3.000000,2.000000,123.893420,2.000000,65.000000,62.559308,False,False,False,False,False,False
0,14100,49927.000000,67761.000000,26.000000,0.000000,0.000000,276.549913,1.000000,16.000000,36.599391,False,False,False,False,False,False
0,36300,26662.000000,70000.000000,5.000000,0.000000,0.000000,190.800000,2.000000,18.000000,34.818262,False,False,False,True,False,False
0,15700,48093.000000,65686.000000,3.000000,0.000000,0.000000,149.906379,1.000000,12.000000,30.486361,False,False,False,True,False,False
0,70800,192044.000000,292380.000000,10.000000,0.000000,0.000000,221.608486,2.000000,25.000000,30.378548,False,False,False,False,False,True
0,16000,62200.000000,89200.000000,1.900000,0.000000,0.000000,176.533333,1.000000,31.000000,34.818262,False,False,True,False,False,False
0,25400,138132.000000,243327.000000,27.000000,0.000000,0.000000,349.940930,0.000000,19.000000,37.820055,True,False,False,True,False,False
0,17800,51689.000000,115660.000000,16.000000,0.000000,0.000000,270.044991,0.000000,19.000000,27.467002,False,False,False,True,False,False
0,3800,65019.000000,73189.000000,7.000000,0.000000,0.000000,173.466667,1.000000,20.000000,22.253949,False,False,True,False,False,False
1,19300,109000.000000,135000.000000,3.000000,0.000000,0.000000,98.433333,13.000000,14.000000,34.818262,False,True,False,False,False,False
0,22200,138584.000000,180415.000000,5.000000,0.000000,0.000000,195.632808,4.000000,43.000000,41.205399,False,False,False,True,False,False
0,12800,73624.000000,103213.000000,10.000000,0.000000,0.000000,201.650844,0.000000,20.000000,19.557273,False,False,True,False,False,False
0,6300,45582.000000,89005.000000,2.000000,0.000000,0.000000,209.358047,4.000000,30.000000,29.595956,False,False,True,False,False,False
0,10900,17282.000000,70783.000000,19.000000,0.000000,1.000000,404.904393,0.000000,11.000000,23.610124,False,False,False,True,False,False
0,7300,131000.000000,197500.000000,1.500000,0.000000,0.000000,68.033333,2.000000,23.000000,34.818262,False,False,False,True,False,False
0,11400,125486.000000,195284.000000,0.000000,0.000000,0.000000,354.290287,0.000000,15.000000,38.143069,True,True,False,False,False,False
1,15500,54653.000000,73117.000000,13.000000,0.000000,0.000000,173.466667,1.000000,20.000000,29.541851,False,False,True,False,False,False
0,22400,71784.000000,101695.000000,7.000000,2.000000,1.000000,239.903304,2.000000,14.000000,42.816368,False,False,True,False,False,False
0,27100,20497.000000,74244.000000,7.000000,1.000000,2.000000,93.060343,1.000000,25.000000,27.361340,False,False,True,False,False,False
0,23700,93734.000000,98099.000000,8.000000,0.000000,0.000000,173.466667,1.000000,20.000000,30.020088,True,False,True,False,False,False
0,13900,11413.000000,81273.000000,7.000000,0.000000,0.000000,239.083696,0.000000,14.000000,19.626150,False,False,True,False,False,False
0,12600,83552.000000,107186.000000,21.000000,0.000000,0.000000,128.660245,4.000000,24.000000,28.723018,True,False,True,False,False,False
0,10100,137299.000000,200339.000000,0.000000,0.000000,0.000000,66.357590,2.000000,23.000000,35.237701,False,False,False,True,False,False
0,24200,63229.000000,89394.000000,15.000000,0.000000,0.000000,84.668792,0.000000,16.000000,35.604887,False,False,True,False,False,False
0,40600,15024.000000,65109.000000,7.000000,0.000000,0.000000,313.670926,0.000000,19.000000,15.629937,True,True,False,False,False,False
0,16400,21857.000000,51994.000000,7.000000,0.000000,0.000000,201.933333,0.000000,14.000000,34.818262,True,False,False,True,False,False
0,26500,65019.000000,64211.000000,26.000000,0.000000,0.000000,127.412011,0.000000,10.000000,22.289491,False,False,True,False,False,False
1,25400,107343.000000,192642.000000,1.000000,0.000000,10.000000,192.671693,1.000000,14.000000,35.759760,False,False,True,False,False,False
0,11900,83877.000000,208924.000000,15.000000,0.000000,0.000000,12.752047,1.000000,7.000000,18.249722,True,False,False,False,False,True
1,6000,179397.000000,200000.000000,5.000000,6.000000,0.000000,90.300000,6.000000,29.000000,34.818262,False,False,False,True,False,False
0,31900,23517.000000,47805.000000,0.000000,0.000000,0.000000,78.813600,0.000000,7.000000,16.727748,False,False,True,False,False,False
0,10100,66393.000000,85605.000000,6.000000,1.000000,1.000000,203.699563,3.000000,29.000000,37.669305,False,True,False,False,False,False
0,20400,38267.000000,68684.000000,12.000000,0.000000,1.000000,121.453363,0.000000,22.000000,42.206433,False,True,False,False,False,False
0,23600,57327.000000,105411.000000,14.000000,0.000000,3.000000,276.182363,0.000000,35.000000,29.283033,False,False,False,True,False,False
1,8400,32000.000000,49000.000000,12.600000,0.000000,3.000000,41.300000,2.000000,18.000000,34.818262,True,False,False,False,False,False
0,15800,74575.000000,95815.000000,7.000000,2.000000,0.000000,69.581348,0.000000,21.000000,24.108727,False,False,True,False,False,False
0,14900,89872.000000,118027.000000,0.000000,1.000000,1.000000,155.445453,1.000000,34.000000,33.135697,False,False,False,True,False,False
0,23400,45766.000000,66192.000000,26.000000,0.000000,0.000000,284.781572,2.000000,32.000000,35.936795,False,False,True,False,False,False
1,12300,24552.000000,48278.000000,0.000000,0.000000,0.000000,171.075105,0.000000,16.000000,29.299551,False,False,True,False,False,False
0,7000,64255.000000,68389.000000,4.000000,0.000000,0.000000,80.152431,2.000000,19.000000,40.561861,True,False,True,False,False,False
0,13500,48832.000000,144065.000000,1.000000,0.000000,0.000000,268.586800,4.000000,43.000000,42.692397,False,False,True,False,False,False
0,30600,231344.000000,284199.000000,7.000000,0.000000,1.000000,202.528604,0.000000,29.000000,15.823900,False,False,False,True,False,False
0,27300,97373.000000,126102.000000,10.000000,0.000000,1.000000,139.132598,0.000000,28.000000,39.173554,False,True,False,False,False,False
0,11100,65019.000000,89235.500000,7.000000,0.000000,0.000000,173.466667,1.000000,20.000000,26.232459,False,False,True,False,False,False
0,23300,88825.000000,104609.000000,8.000000,0.000000,0.000000,173.466667,1.000000,20.000000,28.013239,True,False,True,False,False,False
0,15200,59745.000000,81269.000000,8.000000,0.000000,0.000000,173.466667,1.000000,20.000000,26.985581,False,False,True,False,False,False
1,15100,54000.000000,77542.000000,13.000000,1.000000,1.000000,122.566667,1.000000,26.000000,34.818262,True,False,False,True,False,False
0,16200,49552.000000,82523.000000,4.000000,0.000000,0.000000,131.705715,1.000000,8.000000,28.172033,False,False,False,False,False,False
0,23300,27793.000000,50177.000000,16.000000,0.000000,0.000000,136.401603,1.000000,24.000000,28.052921,False,False,True,False,False,False
0,10100,114590.000000,215784.000000,2.000000,0.000000,0.000000,123.169183,0.000000,14.000000,27.845084,True,False,False,True,False,False
1,5700,58400.000000,75000.000000,4.000000,0.000000,0.000000,177.500000,2.000000,26.000000,34.818262,True,False,False,True,False,False
0,13900,78442.000000,105065.000000,0.000000,0.000000,0.000000,71.550477,0.000000,19.000000,34.751709,True,False,False,True,False,False
0,30300,109859.000000,153240.000000,10.000000,0.000000,0.000000,172.687980,0.000000,17.000000,34.549496,False,False,False,True,False,False
0,17000,25638.000000,128433.000000,10.000000,0.000000,0.000000,367.664521,0.000000,9.000000,39.106896,False,False,True,False,False,False
0,21000,101678.000000,144063.000000,9.000000,0.000000,0.000000,167.718394,0.000000,22.000000,32.204926,True,False,False,True,False,False
0,5700,49806.000000,82242.000000,3.000000,0.000000,0.000000,210.347479,3.000000,30.000000,31.243409,False,False,True,False,False,False
0,30200,106594.000000,148695.000000,13.000000,0.000000,0.000000,239.918405,1.000000,39.000000,41.275209,False,False,True,False,False,False
1,5500,40584.000000,46645.000000,4.000000,0.000000,1.000000,136.320637,0.000000,13.000000,34.494709,True,False,True,False,False,False
0,8200,135929.000000,200275.000000,0.000000,0.000000,0.000000,69.617175,1.000000,23.000000,37.805433,False,False,False,True,False,False
0,8800,74562.000000,89695.000000,24.000000,0.000000,0.000000,338.776746,1.000000,47.000000,28.439717,True,False,True,False,False,False
0,25300,115226.000000,153900.000000,6.000000,0.000000,0.000000,303.014083,2.000000,36.000000,41.715111,False,True,False,False,False,False
0,4200,56544.000000,59218.000000,19.000000,0.000000,0.000000,211.002599,1.000000,20.000000,19.027704,True,True,False,False,False,False
1,21000,65019.000000,55000.000000,7.000000,0.000000,0.000000,173.466667,1.000000,20.000000,34.818262,False,False,True,False,False,False
0,40100,129625.000000,197722.000000,7.000000,0.000000,0.000000,178.767394,0.000000,25.000000,33.199311,False,False,False,False,False,False
1,20300,77325.000000,133075.000000,19.000000,1.000000,0.000000,166.126089,4.000000,21.000000,40.736022,False,True,False,False,False,False
0,12200,57785.000000,72971.000000,2.000000,0.000000,0.000000,166.899460,1.000000,16.000000,34.709644,False,False,True,False,False,False
1,28700,25190.000000,59841.000000,1.000000,0.000000,1.000000,201.176783,0.000000,11.000000,35.729287,False,True,False,False,False,False
0,6800,75964.000000,88754.000000,19.000000,0.000000,1.000000,298.700482,0.000000,23.000000,39.107502,False,False,False,False,False,False
1,13800,97778.000000,116814.000000,15.000000,1.000000,3.000000,120.781396,1.000000,22.000000,23.204713,False,False,True,False,False,False
0,16400,82869.000000,94390.000000,8.000000,0.000000,2.000000,358.050660,1.000000,42.000000,39.060627,False,False,False,True,False,False
0,15900,71841.000000,96424.000000,10.000000,0.000000,0.000000,111.437251,0.000000,11.000000,36.954970,True,True,False,False,False,False
0,20600,124323.000000,166781.000000,4.000000,0.000000,1.000000,381.025648,1.000000,51.000000,37.169048,False,True,False,False,False,False
0,9300,65019.000000,36793.000000,7.000000,0.000000,0.000000,304.520189,1.000000,11.000000,30.738814,True,False,True,False,False,False
1,14700,63000.000000,89250.000000,4.000000,0.000000,0.000000,87.466667,0.000000,28.000000,34.818262,False,False,False,True,False,False
0,4500,65019.000000,77182.000000,7.000000,0.000000,0.000000,173.466667,1.000000,20.000000,25.227253,False,False,True,False,False,False
0,25100,96627.000000,128022.000000,1.000000,0.000000,0.000000,197.633471,3.000000,37.000000,35.980542,False,False,False,True,False,False
0,8700,53073.000000,83415.000000,2.000000,0.000000,0.000000,211.268780,3.000000,29.000000,30.201509,False,False,True,False,False,False
0,5000,65019.000000,34846.000000,7.000000,0.000000,0.000000,173.466667,1.000000,20.000000,33.354653,True,False,True,False,False,False
0,6300,58052.000000,70091.000000,9.000000,0.000000,4.000000,153.780439,1.000000,30.000000,21.719596,False,False,False,True,False,False
0,9600,65019.000000,68324.000000,7.000000,0.000000,0.000000,356.450178,0.000000,6.000000,36.554268,True,False,True,False,False,False
1,12300,64265.000000,90956.000000,10.000000,0.000000,1.000000,233.156125,0.000000,32.000000,32.908824,False,False,True,False,False,False
0,21900,53458.000000,77455.000000,10.000000,0.000000,0.000000,192.887749,1.000000,42.000000,40.956311,False,False,False,True,False,False
0,25000,72077.000000,104294.000000,1.000000,0.000000,0.000000,232.051123,4.000000,24.000000,40.645480,False,False,False,False,False,False
0,14300,31607.000000,70118.000000,6.000000,0.000000,0.000000,255.719567,0.000000,15.000000,23.062914,False,False,False,True,False,False
0,11800,79131.000000,102263.000000,5.000000,0.000000,0.000000,105.253893,0.000000,34.000000,36.070979,True,False,False,True,False,False
0,12700,27459.000000,38577.000000,16.000000,0.000000,0.000000,72.329572,0.000000,9.000000,31.605665,True,False,False,False,False,False
0,12000,65019.000000,67446.000000,7.000000,0.000000,0.000000,356.933330,0.000000,7.000000,37.934443,True,False,True,False,False,False
1,3600,48507.000000,61000.000000,13.000000,1.000000,4.000000,97.400000,0.000000,17.000000,34.818262,False,True,False,False,False,False
0,27300,135823.000000,185416.000000,1.000000,0.000000,0.000000,135.359748,1.000000,38.000000,32.794976,False,False,False,False,False,False
0,25100,21490.000000,71571.000000,7.000000,1.000000,1.000000,101.925133,1.000000,25.000000,30.444119,False,False,True,False,False,False
1,17000,62755.000000,81180.000000,19.000000,2.000000,0.000000,134.933333,2.000000,28.000000,34.818262,False,False,False,True,False,False
0,22000,88898.000000,121357.000000,12.000000,0.000000,0.000000,115.832213,2.000000,24.000000,31.108961,True,False,False,False,False,False
0,11000,77723.000000,107245.000000,5.000000,0.000000,0.000000,115.558530,0.000000,26.000000,26.911930,True,False,False,True,False,False
1,25900,65019.000000,89235.500000,20.000000,0.000000,2.000000,190.996565,0.000000,22.000000,31.162389,False,False,True,False,False,False
0,87000,48980.000000,89764.000000,14.000000,0.000000,0.000000,209.043117,0.000000,16.000000,36.088037,False,False,True,False,False,False
0,12500,66163.000000,83727.000000,4.000000,1.000000,2.000000,176.935247,3.000000,30.000000,36.774640,False,True,False,False,False,False
0,22600,133264.000000,172882.000000,6.000000,1.000000,0.000000,190.247560,0.000000,37.000000,19.973955,False,False,False,True,False,False
0,21600,93937.000000,147792.000000,23.000000,0.000000,0.000000,156.667312,0.000000,25.000000,40.190636,False,False,False,True,False,False
0,8500,83157.000000,202962.000000,14.000000,0.000000,0.000000,13.682764,1.000000,8.000000,21.297339,True,False,False,False,False,True
0,8100,53863.000000,74705.000000,0.000000,0.000000,0.000000,66.294570,8.000000,21.000000,26.046469,False,False,True,False,False,False
0,20000,65019.000000,128042.000000,0.000000,0.000000,0.000000,314.533333,3.000000,21.000000,34.818262,True,False,True,False,False,False
0,13500,68262.000000,93841.000000,26.000000,0.000000,0.000000,159.617020,1.000000,14.000000,40.752980,True,True,False,False,False,False
0,22400,37726.000000,59799.000000,7.000000,0.000000,0.000000,219.489298,0.000000,12.000000,41.149041,False,False,True,False,False,False
0,25600,78441.000000,128814.000000,2.000000,0.000000,0.000000,310.500100,1.000000,24.000000,38.738650,False,True,False,False,False,False
1,10000,26197.000000,46600.000000,9.000000,0.000000,0.000000,165.966667,2.000000,9.000000,34.818262,True,False,False,True,False,False
0,20100,20153.000000,94279.000000,21.000000,0.000000,0.000000,227.182517,2.000000,40.000000,36.696630,False,False,True,False,False,False
0,15400,59518.000000,91172.000000,2.000000,0.000000,0.000000,159.003511,0.000000,25.000000,24.990491,False,True,False,False,False,False
1,17400,79623.000000,113658.000000,0.000000,0.000000,2.000000,212.129145,2.000000,25.000000,35.106720,False,False,True,False,False,False
0,8600,38646.000000,54073.000000,14.000000,0.000000,0.000000,89.555853,0.000000,11.000000,32.530257,False,False,True,False,False,False
0,21900,62387.000000,113827.000000,15.000000,0.000000,3.000000,281.059141,1.000000,36.000000,26.031709,False,False,False,True,False,False
0,14100,86730.000000,117667.000000,1.000000,0.000000,2.000000,134.355574,0.000000,34.000000,31.980510,False,False,False,True,False,False
0,10200,46140.000000,56206.000000,8.000000,1.000000,0.000000,115.780628,1.000000,25.000000,22.313705,False,False,True,False,False,False
0,22000,48041.000000,88433.000000,12.000000,0.000000,0.000000,96.336435,0.000000,10.000000,5.226674,False,False,True,False,False,False
0,15800,91095.000000,109401.000000,12.000000,0.000000,1.000000,154.360183,0.000000,17.000000,33.526271,False,False,False,False,True,False
1,10000,36000.000000,68800.000000,13.000000,0.000000,0.000000,118.666667,6.000000,15.000000,34.818262,False,False,True,False,False,False
0,47000,39000.000000,99820.000000,9.000000,0.000000,0.000000,203.800000,3.000000,36.000000,34.818262,True,False,False,False,False,True
0,26000,222681.000000,286283.000000,6.000000,0.000000,4.000000,485.945358,1.000000,55.000000,33.239355,True,False,False,True,False,False
0,20000,85704.000000,94200.000000,2.000000,1.000000,0.000000,123.900000,0.000000,20.000000,34.818262,False,False,False,True,False,False
0,12700,58606.000000,83010.000000,1.000000,0.000000,0.000000,125.325885,3.000000,11.000000,35.999611,False,False,True,False,False,False
0,7800,109000.000000,123500.000000,6.000000,0.000000,1.000000,174.466667,0.000000,19.000000,34.818262,False,False,False,False,False,True
0,16500,44946.000000,64918.000000,25.000000,0.000000,0.000000,247.278408,0.000000,14.000000,24.357950,True,False,True,False,False,False
0,23600,141000.000000,175000.000000,2.000000,0.000000,0.000000,192.766667,0.000000,35.000000,34.818262,False,False,True,False,False,False
1,11300,56602.000000,71500.000000,11.000000,2.000000,1.000000,52.800000,12.000000,20.000000,34.818262,False,True,False,False,False,False
0,11100,17430.000000,68499.000000,20.000000,0.000000,2.000000,403.965401,1.000000,12.000000,21.758643,False,False,False,True,False,False
0,5200,16324.000000,45187.000000,7.000000,0.000000,0.000000,221.118082,0.000000,11.000000,42.712094,True,False,False,False,False,True
0,28800,134144.000000,185910.000000,2.000000,0.000000,0.000000,122.503892,1.000000,39.000000,30.338219,False,False,False,False,False,False
0,28500,100145.000000,130522.000000,10.000000,0.000000,0.000000,137.942869,0.000000,29.000000,39.072589,False,True,False,False,False,False
0,13500,117604.000000,136099.000000,15.000000,0.000000,0.000000,188.260973,1.000000,32.000000,31.630529,False,False,False,True,False,False
0,14600,15411.000000,50493.000000,24.000000,0.000000,0.000000,259.746891,0.000000,19.000000,30.568713,True,True,False,False,False,False
0,17900,70444.000000,95860.000000,7.000000,0.000000,0.000000,95.684255,0.000000,11.000000,38.142823,True,True,False,False,False,False
0,15000,73187.000000,111623.000000,4.000000,0.000000,0.000000,98.139894,2.000000,14.000000,36.237234,False,False,True,False,False,False
0,14900,82930.000000,103352.000000,6.000000,0.000000,0.000000,105.675978,0.000000,27.000000,27.473815,True,False,False,True,False,False
0,17300,99064.000000,156306.000000,4.000000,0.000000,0.000000,90.449522,0.000000,16.000000,35.750060,True,False,False,True,False,False
1,11500,67000.000000,83000.000000,4.000000,0.000000,0.000000,173.466667,1.000000,20.000000,34.818262,False,False,False,True,False,False
0,6000,51000.000000,86125.000000,6.000000,0.000000,0.000000,222.166667,2.000000,24.000000,34.818262,True,False,False,True,False,False
0,17500,92986.000000,114276.000000,13.000000,0.000000,0.000000,116.961358,2.000000,8.000000,36.251386,False,False,True,False,False,False
0,12600,58247.000000,72189.000000,30.000000,0.000000,3.000000,198.243176,0.000000,23.000000,35.794260,True,False,True,False,False,False
0,23300,143821.000000,177028.000000,8.000000,0.000000,0.000000,320.923436,0.000000,16.000000,44.752959,True,False,False,False,False,False
0,15000,62000.000000,94575.000000,23.000000,0.000000,0.000000,238.400000,1.000000,24.000000,34.818262,True,False,False,True,False,False
0,15600,27599.000000,47615.000000,10.000000,0.000000,0.000000,90.327628,1.000000,12.000000,29.674750,True,False,True,False,False,False
0,28200,58232.000000,97555.000000,17.000000,0.000000,1.000000,130.450765,0.000000,29.000000,38.092730,False,False,True,False,False,False
0,8700,76008.000000,95976.000000,0.000000,0.000000,0.000000,173.466667,1.000000,20.000000,30.022245,False,False,False,True,False,False
0,41400,362578.000000,471827.000000,1.000000,0.000000,0.000000,292.135985,4.000000,15.000000,40.772058,True,False,False,True,False,False
0,12300,114035.000000,137208.000000,15.000000,0.000000,1.000000,173.714323,0.000000,33.000000,32.056072,False,False,False,True,False,False
0,28000,58002.000000,86427.000000,9.000000,0.000000,1.000000,129.575352,2.000000,29.000000,39.362693,False,False,True,False,False,False
0,11300,61810.000000,79817.000000,6.000000,0.000000,0.000000,98.224144,1.000000,14.000000,25.525079,False,True,False,False,False,False
0,12300,79838.000000,85209.000000,8.000000,0.000000,0.000000,173.838624,0.000000,11.000000,37.824471,False,False,False,True,False,False
0,22300,133995.000000,281186.000000,2.000000,0.000000,0.000000,181.153988,0.000000,15.000000,28.899300,True,False,False,False,False,False
1,15000,116400.000000,146450.000000,17.500000,0.000000,1.000000,255.666667,1.000000,29.000000,34.818262,False,False,True,False,False,False
0,13200,71775.000000,80480.000000,0.000000,0.000000,0.000000,240.643577,3.000000,25.000000,29.267992,False,False,True,False,False,False
0,6400,28041.000000,33438.000000,1.000000,1.000000,0.000000,10.425643,10.000000,6.000000,29.753700,False,False,True,False,False,False
0,15900,101412.000000,119751.000000,9.000000,0.000000,0.000000,299.953098,2.000000,18.000000,30.176870,False,False,True,False,False,False
1,5700,80437.000000,109647.000000,9.500000,0.000000,0.000000,104.400000,0.000000,14.000000,34.818262,True,False,False,True,False,False
0,12800,79151.000000,110583.000000,4.000000,0.000000,0.000000,79.371384,1.000000,13.000000,33.586692,False,False,True,False,False,False
0,13500,44586.000000,73764.000000,2.000000,0.000000,0.000000,263.931171,0.000000,21.000000,29.966202,False,False,True,False,False,False
0,9000,50170.000000,64309.000000,7.000000,0.000000,3.000000,120.431226,2.000000,11.000000,39.975490,False,False,False,False,False,False
0,8200,65019.000000,33540.000000,21.000000,0.000000,0.000000,178.687928,0.000000,15.000000,36.601699,True,True,False,False,False,False
0,18400,110580.000000,137926.000000,6.000000,0.000000,0.000000,93.432750,0.000000,13.000000,29.116888,False,False,False,True,False,False
1,10000,50070.000000,60670.000000,5.000000,2.000000,0.000000,15.233333,0.000000,1.000000,34.818262,True,False,True,False,False,False
0,14300,85478.000000,113372.000000,9.000000,0.000000,0.000000,190.753044,1.000000,36.000000,40.778142,False,False,False,True,False,False
1,20800,176235.000000,209695.000000,9.000000,3.000000,0.000000,159.706770,0.000000,25.000000,38.591940,False,False,True,False,False,False
0,22600,61503.000000,101786.000000,17.000000,0.000000,0.000000,622.355768,1.000000,24.000000,21.686669,True,False,False,True,False,False
0,12200,70722.000000,81760.000000,0.000000,0.000000,0.000000,219.785273,3.000000,26.000000,30.277005,False,False,True,False,False,False
0,6500,51724.000000,87770.000000,4.000000,0.000000,0.000000,209.326312,4.000000,29.000000,30.343449,False,False,True,False,False,False
0,22600,65019.000000,55419.000000,7.000000,0.000000,0.000000,299.955796,0.000000,18.000000,39.095196,False,False,True,False,False,False
1,21700,92382.000000,168708.000000,13.000000,2.000000,5.000000,249.242763,1.000000,24.000000,29.369026,False,False,False,False,False,False
1,6800,31000.000000,42000.000000,3.500000,1.000000,0.000000,106.266667,2.000000,26.000000,34.818262,False,False,False,False,False,False
0,25100,26211.000000,42517.000000,28.000000,0.000000,0.000000,313.336228,1.000000,12.000000,31.295070,False,False,True,False,False,False
1,11300,29000.000000,59900.000000,3.000000,1.000000,0.000000,91.633333,4.000000,11.000000,34.818262,True,False,False,False,False,False
0,22100,95351.000000,117905.000000,25.000000,0.000000,0.000000,233.748452,1.000000,27.000000,41.523723,False,False,True,False,False,False
0,15000,36900.000000,58600.000000,26.000000,0.000000,0.000000,247.100000,0.000000,14.000000,34.818262,True,False,True,False,False,False
1,10800,194485.000000,228670.000000,1.000000,0.000000,0.000000,75.458150,1.000000,4.000000,28.370131,True,False,False,True,False,False
1,15400,180017.000000,206148.000000,2.000000,0.000000,2.000000,196.033658,1.000000,49.000000,36.417343,False,False,False,False,False,False
0,18700,39821.000000,60672.000000,26.000000,0.000000,0.000000,243.868763,0.000000,14.000000,23.359281,True,False,True,False,False,False
1,25600,65030.000000,92453.000000,5.000000,0.000000,0.000000,173.466667,0.000000,0.000000,35.028856,False,False,True,False,False,False
1,20000,86019.000000,94350.000000,3.700000,0.000000,1.000000,119.700000,0.000000,16.000000,34.818262,False,False,True,False,False,False
1,10000,22000.000000,41250.000000,5.000000,0.000000,0.000000,97.966667,0.000000,21.000000,34.818262,True,False,False,False,False,False
1,13500,80223.000000,108491.000000,4.000000,0.000000,4.000000,127.800000,2.000000,27.000000,34.818262,False,False,False,True,False,False
0,18400,94952.000000,129177.000000,12.000000,0.000000,0.000000,140.480704,1.000000,24.000000,29.967506,False,False,False,True,False,False
1,21800,21000.000000,45000.000000,20.000000,0.000000,0.000000,256.700000,1.000000,19.000000,34.818262,False,False,False,True,False,False
1,11800,74512.000000,93328.000000,4.000000,5.000000,0.000000,117.918820,1.000000,16.000000,58.295990,True,True,False,False,False,False
0,17400,56111.000000,114521.000000,2.000000,0.000000,2.000000,154.855524,1.000000,24.000000,38.695084,True,True,False,False,False,False
1,25000,46451.000000,89600.000000,10.000000,1.000000,2.000000,95.366667,2.000000,15.000000,34.818262,False,True,False,False,False,False
0,23100,95352.000000,115077.000000,24.000000,0.000000,0.000000,253.329371,0.000000,26.000000,39.816801,False,False,True,False,False,False
0,20000,59964.000000,100000.000000,8.000000,0.000000,1.000000,106.833333,2.000000,18.000000,34.818262,False,True,False,False,False,False
0,35500,142713.000000,196335.000000,21.000000,0.000000,0.000000,191.866118,1.000000,22.000000,35.647443,False,False,False,True,False,False
0,26000,45963.000000,74279.000000,20.000000,0.000000,0.000000,295.666945,1.000000,29.000000,37.917273,False,False,True,False,False,False
0,18700,47903.000000,63933.000000,3.000000,0.000000,0.000000,120.418042,1.000000,17.000000,32.977597,True,True,False,False,False,False
0,12100,28193.000000,34705.000000,0.000000,0.000000,0.000000,173.466667,1.000000,20.000000,37.618027,False,False,True,False,False,False
0,12900,89510.000000,102628.000000,20.000000,0.000000,0.000000,117.857173,3.000000,24.000000,28.537354,True,False,True,False,False,False
1,11000,85474.000000,118125.000000,2.500000,2.000000,0.000000,132.933333,1.000000,9.000000,34.818262,True,True,False,False,False,False
0,30800,125787.000000,175196.000000,13.000000,0.000000,0.000000,157.877681,2.000000,29.000000,41.350975,False,False,False,False,False,False
0,18900,65019.000000,49442.000000,2.000000,0.000000,0.000000,76.571848,1.000000,9.000000,38.875987,False,True,False,False,False,False
0,5100,66834.000000,87361.000000,0.000000,2.000000,0.000000,290.034108,0.000000,6.000000,38.766985,True,False,True,False,False,False
0,14900,87391.000000,99494.000000,18.000000,0.000000,0.000000,134.859997,4.000000,23.000000,29.535059,True,False,True,False,False,False
0,30500,108736.000000,147531.000000,13.000000,0.000000,0.000000,228.610359,1.000000,40.000000,43.122762,False,False,True,False,False,False
0,12000,76799.000000,83864.000000,8.000000,0.000000,0.000000,102.204274,0.000000,22.000000,27.171930,False,False,False,False,False,False
0,8300,57503.000000,72704.000000,18.000000,0.000000,0.000000,156.593708,0.000000,11.000000,33.337119,False,False,True,False,False,False
0,59800,42069.000000,72082.000000,4.000000,0.000000,0.000000,78.404073,0.000000,21.000000,29.016217,False,False,True,False,False,False
1,6000,24600.000000,30500.000000,4.500000,0.000000,1.000000,116.100000,8.000000,34.000000,34.818262,True,False,True,False,False,False
0,20000,27782.000000,58313.000000,16.000000,0.000000,0.000000,185.170637,1.000000,20.000000,38.684807,False,False,False,True,False,False
0,23100,83458.000000,107589.000000,24.000000,0.000000,0.000000,314.066374,1.000000,43.000000,38.043726,False,False,False,False,False,False
0,12900,70167.000000,90812.000000,25.000000,0.000000,0.000000,177.080627,2.000000,13.000000,40.225696,True,True,False,False,False,False
0,29500,232801.000000,289260.000000,13.000000,0.000000,0.000000,264.431508,2.000000,25.000000,26.981363,False,False,False,True,False,False
1,14100,61036.000000,84979.000000,1.000000,0.000000,0.000000,174.591171,2.000000,23.000000,50.276215,True,False,False,False,False,False
0,10600,46589.000000,64559.000000,8.000000,0.000000,0.000000,85.230876,2.000000,33.000000,40.451393,True,False,True,False,False,False
1,34800,121399.000000,164000.000000,11.000000,0.000000,1.000000,208.000000,2.000000,34.000000,34.818262,False,True,False,False,False,False
0,23500,68049.000000,93394.000000,6.000000,0.000000,0.000000,191.112442,2.000000,18.000000,32.132822,False,False,False,False,False,False
0,18200,4927.000000,30198.000000,7.000000,0.000000,0.000000,89.599839,1.000000,19.000000,41.230527,False,False,True,False,False,False
0,21900,53598.000000,74780.000000,10.000000,0.000000,1.000000,191.551909,1.000000,42.000000,40.490102,False,False,False,True,False,False
0,21900,10421.000000,24808.000000,7.000000,0.000000,0.000000,61.286698,2.000000,19.000000,40.016622,False,False,True,False,False,False
1,7500,33600.000000,50125.000000,2.000000,0.000000,0.000000,146.933333,0.000000,18.000000,34.818262,False,False,True,False,False,False
0,8900,58839.000000,81223.000000,4.000000,0.000000,0.000000,102.246470,2.000000,15.000000,26.206410,False,True,False,False,False,False
0,32900,9200.000000,66056.000000,0.000000,0.000000,0.000000,107.673438,1.000000,6.000000,37.189552,False,False,True,False,False,False
0,21700,91637.000000,126105.000000,10.000000,0.000000,0.000000,131.875354,1.000000,23.000000,30.961292,True,False,False,False,False,False
0,19800,99137.000000,121781.000000,4.000000,0.000000,1.000000,302.127873,1.000000,20.000000,39.510628,True,False,False,False,False,False
0,18600,15243.000000,172611.000000,25.000000,0.000000,0.000000,73.441539,2.000000,21.000000,29.095883,True,False,False,False,False,False
0,5700,100934.000000,111496.000000,23.000000,0.000000,0.000000,117.499593,0.000000,12.000000,38.750563,True,True,False,False,False,False
0,25100,46614.000000,69750.000000,17.000000,0.000000,0.000000,193.252579,1.000000,22.000000,33.715352,False,True,False,False,False,False
0,14600,206126.000000,235912.000000,10.000000,0.000000,0.000000,236.508116,0.000000,21.000000,30.181217,True,False,False,True,False,False
0,11600,129432.000000,198705.000000,0.000000,0.000000,0.000000,341.047329,0.000000,16.000000,39.963259,True,True,False,False,False,False
0,16000,20648.000000,167020.000000,5.000000,0.000000,0.000000,315.466566,0.000000,26.000000,25.912976,True,False,False,False,False,True
0,11000,76958.000000,88607.000000,9.000000,0.000000,0.000000,175.411827,0.000000,12.000000,39.216775,False,False,False,True,False,False
0,21800,65019.000000,60392.000000,7.000000,0.000000,1.000000,300.841429,0.000000,18.000000,39.419137,False,False,True,False,False,False
0,24200,68477.000000,91598.000000,16.000000,0.000000,0.000000,88.665201,0.000000,17.000000,32.523092,False,False,True,False,False,False
1,10800,64305.000000,107374.000000,9.000000,0.000000,0.000000,97.861326,0.000000,36.000000,36.996386,False,False,False,True,False,False
0,38100,33446.000000,73289.000000,5.000000,0.000000,0.000000,180.847815,1.000000,18.000000,23.820415,False,False,False,True,False,False
1,7400,2063.000000,100448.000000,7.000000,0.000000,0.000000,96.133333,0.000000,14.000000,34.818262,True,False,True,False,False,False
0,9400,85448.000000,94101.000000,2.000000,0.000000,0.000000,104.113363,2.000000,32.000000,39.541848,False,False,True,False,False,False
0,8700,57254.000000,86883.000000,16.000000,0.000000,0.000000,172.166563,0.000000,28.000000,25.043437,True,False,True,False,False,False
0,10000,88777.500000,112014.000000,13.000000,0.000000,0.000000,182.633333,2.000000,18.000000,34.818262,False,False,False,True,False,False
0,16600,65019.000000,56631.000000,2.000000,0.000000,0.000000,98.760223,1.000000,8.000000,39.799527,False,True,False,False,False,False
1,36800,125894.000000,172184.000000,11.000000,0.000000,1.000000,214.731160,1.000000,33.000000,43.847544,False,True,False,False,False,False
0,8700,52388.000000,64332.000000,1.000000,0.000000,0.000000,91.112061,1.000000,12.000000,36.874928,True,False,True,False,False,False
1,17500,68000.000000,133015.000000,19.000000,1.000000,1.000000,177.500000,5.000000,21.000000,34.818262,False,True,False,False,False,False
0,12300,35651.000000,59795.000000,22.000000,0.000000,0.000000,118.653064,0.000000,23.000000,40.662982,True,False,True,False,False,False
0,16200,22956.000000,44866.000000,16.000000,0.000000,0.000000,114.759019,1.000000,17.000000,24.090882,False,False,False,False,False,False
0,12300,141020.000000,157511.000000,4.000000,0.000000,1.000000,403.748930,0.000000,43.000000,29.583184,True,False,False,True,False,False
1,24200,37500.000000,89235.500000,4.000000,0.000000,0.000000,123.800000,0.000000,14.000000,34.818262,False,False,False,True,False,False
0,31800,126316.000000,180750.000000,14.000000,0.000000,0.000000,167.857256,2.000000,28.000000,42.633437,False,False,False,False,False,False
0,10000,63005.000000,78500.000000,3.000000,0.000000,0.000000,171.766667,1.000000,35.000000,34.818262,False,False,True,False,False,False
0,42700,9330.000000,67950.000000,7.000000,0.000000,0.000000,305.703153,0.000000,19.000000,12.846006,True,True,False,False,False,False
0,28000,96015.000000,127551.000000,0.000000,1.000000,0.000000,196.523488,3.000000,37.000000,34.871643,False,False,False,True,False,False
0,8300,67839.000000,76502.000000,9.000000,0.000000,0.000000,58.560174,3.000000,24.000000,38.974294,False,False,False,True,False,False
0,8000,84730.000000,123455.000000,9.000000,0.000000,0.000000,173.466667,1.000000,20.000000,40.032649,True,False,True,False,False,False
1,10000,66399.000000,78000.000000,0.900000,0.000000,0.000000,112.600000,0.000000,15.000000,34.818262,False,False,False,True,False,False
1,11000,41000.000000,63450.000000,2.900000,0.000000,0.000000,173.466667,1.000000,20.000000,34.818262,True,False,True,False,False,False
0,23500,62742.000000,111921.000000,15.000000,0.000000,3.000000,282.976016,0.000000,36.000000,27.148205,False,False,False,True,False,False
0,41200,141705.000000,207314.000000,6.000000,0.000000,0.000000,144.622418,0.000000,31.000000,36.776264,True,False,False,True,False,False
0,5900,65019.000000,51189.000000,1.000000,0.000000,0.000000,173.466667,0.000000,0.000000,12.749181,True,False,True,False,False,False
0,25000,109000.000000,175000.000000,17.000000,0.000000,0.000000,298.333333,1.000000,31.000000,34.818262,False,False,False,False,True,False
0,35800,93309.000000,137370.000000,12.000000,0.000000,0.000000,70.024705,0.000000,36.000000,41.861647,False,False,True,False,False,False
0,45200,89427.000000,157731.000000,17.000000,0.000000,0.000000,209.767029,8.000000,18.000000,39.167063,False,False,True,False,False,False
1,4200,34800.000000,50225.000000,2.000000,1.000000,0.000000,93.500000,1.000000,5.000000,34.818262,True,False,True,False,False,False
0,6300,79667.000000,96988.000000,1.000000,0.000000,0.000000,173.466667,1.000000,20.000000,29.835961,False,False,False,True,False,False
0,18100,53524.000000,102133.000000,0.000000,0.000000,3.000000,52.942387,1.000000,9.000000,40.616797,True,False,True,False,False,False
0,35300,83439.000000,134691.000000,30.000000,0.000000,0.000000,355.806031,0.000000,20.000000,41.883071,False,False,False,False,False,False
0,11000,102000.000000,120000.000000,3.000000,0.000000,0.000000,125.800000,1.000000,26.000000,34.818262,False,False,True,False,False,False
0,17200,33073.000000,85654.000000,7.000000,0.000000,0.000000,163.394789,1.000000,20.000000,28.274889,False,False,False,True,False,False
0,8300,67715.000000,86945.000000,14.000000,0.000000,0.000000,221.474925,0.000000,17.000000,25.194297,False,False,False,True,False,False
0,8500,47777.000000,78979.000000,18.000000,0.000000,0.000000,202.954277,1.000000,16.000000,34.828648,True,False,True,False,False,False
0,25300,65019.000000,33975.000000,23.000000,0.000000,0.000000,79.163260,2.000000,14.000000,27.179226,True,False,True,False,False,False
0,17100,22162.000000,128989.000000,11.000000,0.000000,0.000000,367.997093,0.000000,9.000000,40.640916,False,False,True,False,False,False
1,5000,40000.000000,32480.000000,8.000000,3.000000,2.000000,163.366667,1.000000,16.000000,34.818262,True,False,True,False,False,False
0,44900,95410.000000,157649.000000,16.000000,0.000000,1.000000,216.101046,4.000000,31.000000,40.483515,False,False,True,False,False,False
0,16500,47636.000000,59586.000000,16.000000,0.000000,0.000000,284.065542,0.000000,21.000000,29.969006,False,False,True,False,False,False
1,15000,153000.000000,185625.000000,8.000000,0.000000,2.000000,154.200000,1.000000,31.000000,34.818262,False,False,False,False,False,False
0,10800,31149.000000,67239.000000,7.000000,0.000000,0.000000,173.466667,1.000000,20.000000,35.265437,False,False,False,False,False,False
0,15800,65019.000000,96579.000000,28.000000,0.000000,0.000000,328.210493,0.000000,15.000000,12.153521,False,True,False,False,False,False
0,9200,55643.000000,75267.000000,2.000000,0.000000,1.000000,224.882232,2.000000,15.000000,35.629354,True,False,True,False,False,False
0,24500,21470.000000,52228.000000,25.000000,0.000000,0.000000,124.559949,0.000000,11.000000,23.888122,False,False,True,False,False,False
0,14000,83645.000000,101615.000000,5.000000,0.000000,0.000000,116.337684,0.000000,26.000000,28.296735,True,False,False,True,False,False
1,8300,65019.000000,47244.000000,6.000000,0.000000,0.000000,173.466667,1.000000,20.000000,34.818262,True,False,True,False,False,False
0,47600,65019.000000,86652.000000,7.000000,0.000000,0.000000,304.058102,0.000000,13.000000,31.571295,True,True,False,False,False,False
0,10300,51787.000000,86200.000000,17.000000,0.000000,0.000000,203.732763,0.000000,16.000000,34.435246,True,False,True,False,False,False
0,15200,137128.000000,184660.000000,11.000000,0.000000,0.000000,254.356020,0.000000,21.000000,28.815036,False,False,False,False,False,False
0,18900,103130.000000,120119.000000,7.000000,0.000000,0.000000,292.751743,1.000000,19.000000,30.681689,False,False,True,False,False,False
0,18000,54196.000000,71412.000000,10.000000,0.000000,0.000000,189.874270,1.000000,42.000000,37.352105,False,False,False,True,False,False
0,10800,44355.000000,57742.000000,20.000000,0.000000,1.000000,129.731992,0.000000,22.000000,38.042768,True,False,True,False,False,False
0,11000,52602.000000,61496.000000,13.000000,0.000000,0.000000,107.340066,0.000000,22.000000,37.699109,False,False,True,False,False,False
1,77400,87651.000000,224630.000000,9.000000,0.000000,2.000000,73.469630,3.000000,13.000000,40.929793,True,False,False,False,False,True
0,22600,233000.000000,260000.000000,6.000000,1.000000,0.000000,244.533333,3.000000,51.000000,34.818262,True,False,False,False,False,True
0,22000,70139.000000,95042.000000,2.000000,0.000000,0.000000,97.908583,2.000000,29.000000,32.524528,False,False,True,False,False,False
1,8600,65019.000000,25000.000000,0.000000,6.000000,0.000000,64.866667,2.000000,27.000000,34.818262,True,False,True,False,False,False
1,24500,95736.000000,134000.000000,1.500000,0.000000,1.000000,122.500000,2.000000,20.000000,34.818262,True,False,False,False,False,False
0,13800,76537.000000,108747.000000,5.000000,0.000000,0.000000,73.075238,1.000000,14.000000,34.252606,False,False,True,False,False,False
0,16100,105719.000000,116491.000000,1.000000,0.000000,0.000000,117.873612,2.000000,20.000000,38.763700,False,False,True,False,False,False
0,18500,14111.000000,71628.000000,7.000000,0.000000,0.000000,246.990931,0.000000,22.000000,39.611542,False,True,False,False,False,False
0,49300,40724.000000,102546.000000,6.000000,0.000000,0.000000,211.449314,1.000000,36.000000,39.037679,True,False,False,False,False,True
0,34500,109000.000000,159500.000000,7.000000,0.000000,0.000000,250.633333,3.000000,14.000000,34.818262,False,False,True,False,False,False
1,19600,117646.000000,149975.000000,4.000000,0.000000,0.000000,114.213615,1.000000,12.000000,31.222803,False,False,True,False,False,False
0,13100,70368.000000,87407.000000,2.000000,0.000000,0.000000,232.994713,3.000000,26.000000,29.667986,False,False,True,False,False,False
0,36800,35447.000000,59890.000000,7.000000,0.000000,0.000000,173.466667,7.000000,0.000000,31.173844,False,False,True,False,False,False
0,3800,51180.000000,63459.000000,20.000000,0.000000,0.000000,203.751534,0.000000,20.000000,20.067042,True,True,False,False,False,False
0,14900,48649.000000,81342.000000,3.000000,0.000000,0.000000,110.056731,0.000000,8.000000,28.802399,False,False,False,False,False,False
0,26000,20119.000000,54563.000000,24.000000,0.000000,0.000000,126.987959,0.000000,11.000000,25.623639,False,False,True,False,False,False
0,8000,84282.000000,121045.000000,28.000000,0.000000,0.000000,330.174856,1.000000,37.000000,35.362686,True,True,False,False,False,False
0,23600,50424.000000,70281.000000,24.000000,0.000000,0.000000,312.738471,4.000000,31.000000,35.771676,False,False,True,False,False,False
1,21000,113954.000000,136249.000000,2.000000,0.000000,0.000000,97.544252,13.000000,14.000000,33.620883,False,True,False,False,False,False
0,15500,71412.000000,93723.000000,19.000000,0.000000,0.000000,238.501316,11.000000,24.000000,35.965898,False,False,False,False,False,False
0,16900,131002.000000,166859.000000,4.000000,0.000000,0.000000,135.856423,0.000000,20.000000,28.151885,False,True,False,False,False,False
0,12800,49349.000000,70078.000000,9.000000,0.000000,0.000000,240.908059,0.000000,17.000000,31.754054,False,False,True,False,False,False
0,5000,70470.000000,77908.000000,5.000000,0.000000,0.000000,173.466667,1.000000,20.000000,34.818262,False,False,True,False,False,False
0,22400,16630.000000,56824.000000,25.000000,0.000000,1.000000,199.738465,0.000000,24.000000,27.027787,False,False,True,False,False,False
1,17000,61000.000000,127000.000000,9.000000,0.000000,5.000000,256.700000,0.000000,40.000000,34.818262,False,False,False,False,False,False
0,9800,55330.000000,78154.000000,2.000000,0.000000,1.000000,122.705537,0.000000,23.000000,28.896102,True,False,False,False,False,False
0,12000,97650.000000,115931.000000,11.000000,0.000000,0.000000,199.828042,1.000000,17.000000,34.387944,False,False,False,True,False,False
0,17700,64964.000000,88856.000000,5.000000,0.000000,0.000000,114.667618,0.000000,19.000000,21.933006,False,True,False,False,False,False
1,9300,84900.000000,105798.000000,2.000000,0.000000,0.000000,41.807205,1.000000,3.000000,26.956698,False,False,False,True,False,False
0,21400,53071.000000,104997.000000,1.000000,0.000000,4.000000,173.575105,0.000000,47.000000,37.823173,False,True,False,False,False,False
0,26700,23361.000000,55483.000000,36.000000,0.000000,0.000000,280.807606,1.000000,23.000000,39.891654,False,False,True,False,False,False
0,21000,90267.000000,134000.000000,7.000000,0.000000,0.000000,160.900000,0.000000,32.000000,34.818262,True,False,False,True,False,False
0,23000,65019.000000,150364.000000,7.000000,0.000000,0.000000,173.466667,1.000000,20.000000,17.125660,False,False,True,False,False,False
0,11600,33379.000000,51821.000000,31.000000,0.000000,0.000000,247.120592,0.000000,19.000000,23.661084,False,False,True,False,False,False
0,13400,95084.000000,117279.000000,4.000000,0.000000,0.000000,145.962344,0.000000,21.000000,39.244669,True,True,False,False,False,False
1,42000,65889.000000,125000.000000,10.000000,0.000000,0.000000,102.500000,1.000000,13.000000,34.818262,True,False,True,False,False,False
0,9900,55342.000000,72357.000000,7.000000,0.000000,3.000000,111.998855,1.000000,11.000000,39.870340,False,False,False,False,False,False
0,13800,73688.000000,94071.000000,9.000000,0.000000,0.000000,221.223143,2.000000,28.000000,41.482143,False,True,False,False,False,False
0,19900,168732.000000,224270.000000,12.000000,0.000000,0.000000,217.637255,0.000000,32.000000,41.549331,False,True,False,False,False,False
0,19100,48730.000000,115967.000000,15.000000,0.000000,0.000000,264.915084,0.000000,19.000000,25.408205,False,False,False,True,False,False
0,22000,36738.000000,100040.000000,6.000000,0.000000,0.000000,138.942458,0.000000,14.000000,30.783154,True,False,True,False,False,False
0,15200,142766.000000,177998.000000,12.000000,0.000000,0.000000,260.383439,0.000000,21.000000,27.533272,False,False,False,False,False,False
0,78400,13900.000000,102910.000000,27.000000,0.000000,1.000000,138.000000,0.000000,14.000000,34.818262,True,False,True,False,False,False
0,30000,224000.000000,282000.000000,5.000000,0.000000,1.000000,209.366667,0.000000,30.000000,34.818262,False,False,False,True,False,False
1,11600,57939.000000,69774.000000,5.000000,0.000000,0.000000,91.991646,0.000000,12.000000,72.264093,False,False,False,False,False,False
0,25900,58693.000000,86469.000000,1.000000,0.000000,1.000000,94.129563,0.000000,23.000000,32.127563,False,True,False,False,False,False
0,18800,77025.000000,103322.000000,8.000000,0.000000,0.000000,87.133722,0.000000,15.000000,33.405897,True,False,False,True,False,False
0,12100,48149.000000,74539.000000,17.000000,0.000000,0.000000,200.032562,0.000000,15.000000,23.130972,False,False,False,True,False,False
0,21700,60792.000000,14580.000000,5.000000,0.000000,0.000000,62.856357,1.000000,17.000000,40.315819,False,False,True,False,False,False
0,7800,64503.000000,85608.000000,12.000000,0.000000,0.000000,235.485377,0.000000,35.000000,34.423249,True,False,True,False,False,False
0,13200,58549.000000,81381.000000,13.000000,0.000000,0.000000,94.687107,0.000000,24.000000,38.412756,False,True,False,False,False,False
0,13000,26863.000000,44218.000000,10.000000,0.000000,0.000000,92.999593,2.000000,11.000000,29.112936,True,False,True,False,False,False
0,17400,25844.000000,83229.000000,7.000000,0.000000,0.000000,247.761646,0.000000,50.000000,43.701331,True,False,True,False,False,False
0,11700,68059.000000,86216.000000,3.000000,0.000000,0.000000,175.658568,1.000000,35.000000,30.253970,False,False,True,False,False,False
1,5400,78300.000000,88000.000000,8.000000,0.000000,0.000000,102.500000,3.000000,19.000000,34.818262,True,False,False,True,False,False
0,22400,32665.000000,56639.000000,13.000000,0.000000,0.000000,101.758355,1.000000,25.000000,31.470031,False,False,True,False,False,False
1,10000,75000.000000,103600.000000,17.600000,0.000000,0.000000,171.433333,0.000000,24.000000,34.818262,True,False,False,False,False,False
0,21000,106011.000000,173778.000000,7.000000,0.000000,0.000000,223.769611,3.000000,24.000000,40.564750,False,True,False,False,False,False
1,22900,161754.000000,193666.000000,2.000000,0.000000,0.000000,260.251081,0.000000,27.000000,30.278929,False,False,False,False,False,False
1,17500,91000.000000,116000.000000,0.500000,0.000000,0.000000,188.733333,3.000000,26.000000,34.818262,False,False,False,True,False,False
0,27000,144901.000000,178093.000000,7.000000,0.000000,0.000000,331.113972,0.000000,34.000000,40.566552,False,False,False,True,False,False
0,81400,22344.000000,108280.000000,25.000000,0.000000,0.000000,148.114994,0.000000,14.000000,34.285741,True,False,True,False,False,False
0,88900,57264.000000,90185.000000,16.000000,0.000000,0.000000,221.808718,0.000000,16.000000,36.112347,False,False,True,False,False,False
0,14500,67631.000000,89458.000000,4.000000,0.000000,0.000000,24.955530,1.000000,4.000000,39.103725,False,False,True,False,False,False
0,16400,73466.000000,89453.000000,4.000000,0.000000,0.000000,198.827424,3.000000,19.000000,41.523497,False,False,True,False,False,False
0,28700,133188.000000,179454.000000,1.000000,1.000000,0.000000,223.348664,1.000000,19.000000,41.136159,False,False,False,True,False,False
0,26300,114956.000000,147793.000000,3.000000,0.000000,0.000000,296.560154,2.000000,35.000000,43.807293,False,True,False,False,False,False
0,15900,38860.000000,68912.000000,9.000000,0.000000,0.000000,250.927503,1.000000,16.000000,22.175263,False,False,False,True,False,False
0,10600,83217.000000,101359.000000,1.000000,0.000000,0.000000,54.746622,2.000000,24.000000,40.760387,False,False,False,False,False,False
1,14900,55480.000000,76464.000000,15.000000,0.000000,1.000000,122.089500,5.000000,20.000000,43.062605,True,False,True,False,False,False
0,25000,94000.000000,125000.000000,11.000000,0.000000,1.000000,151.133333,0.000000,29.000000,34.818262,False,True,False,False,False,False
0,15900,107336.000000,120451.000000,1.000000,0.000000,0.000000,123.465519,2.000000,21.000000,37.992408,False,False,True,False,False,False
0,33000,18026.000000,57436.000000,0.000000,0.000000,0.000000,94.118968,0.000000,5.000000,37.749934,False,False,True,False,False,False
0,21000,42000.000000,67000.000000,7.000000,0.000000,0.000000,66.633333,2.000000,19.000000,34.818262,False,False,True,False,False,False
0,32600,233216.000000,38583.000000,4.000000,0.000000,1.000000,226.146989,2.000000,49.000000,40.222183,False,False,False,False,False,False
0,12100,97185.000000,113004.000000,13.000000,0.000000,0.000000,202.622531,2.000000,15.000000,37.716646,False,False,True,False,False,False
0,16000,71861.000000,95315.000000,24.000000,0.000000,0.000000,241.412515,1.000000,23.000000,35.474773,True,False,False,True,False,False
0,25600,144616.000000,211230.000000,7.000000,0.000000,0.000000,199.091308,0.000000,27.000000,39.002928,True,False,False,True,False,False
1,4000,55000.000000,59000.000000,12.000000,2.000000,0.000000,146.100000,0.000000,22.000000,34.818262,False,False,True,False,False,False
0,27000,65019.000000,61844.000000,26.000000,0.000000,0.000000,133.099737,0.000000,8.000000,22.718653,False,False,True,False,False,False
1,47000,164411.000000,235500.000000,17.000000,0.000000,1.000000,181.933333,3.000000,48.000000,34.818262,False,True,False,False,False,False
1,14900,58204.000000,71257.000000,3.000000,3.000000,2.000000,206.518735,1.000000,50.000000,43.762930,False,True,False,False,False,False
1,40000,4742.000000,89235.500000,5.000000,7.000000,1.000000,304.366667,6.000000,21.000000,34.818262,False,False,False,False,False,False
0,17900,66823.000000,91680.000000,0.000000,0.000000,0.000000,89.436493,0.000000,18.000000,27.710657,False,False,False,False,False,False
0,28100,100420.000000,207737.000000,22.000000,0.000000,0.000000,197.198122,0.000000,19.000000,26.372549,False,False,True,False,False,False
0,12200,90154.000000,110479.000000,9.000000,0.000000,0.000000,196.926406,2.000000,37.000000,43.189032,False,False,False,True,False,False
0,30000,32657.000000,76000.000000,7.000000,0.000000,0.000000,288.333333,0.000000,16.000000,34.818262,False,False,True,False,False,False
0,8400,39991.000000,58511.000000,10.000000,0.000000,0.000000,176.996112,1.000000,19.000000,24.298636,True,True,False,False,False,False
1,25000,103700.000000,172762.000000,4.000000,0.000000,0.000000,173.466667,0.000000,0.000000,34.818262,False,False,True,False,False,False
0,18500,42683.000000,68000.000000,3.000000,0.000000,0.000000,229.300000,0.000000,12.000000,34.818262,False,True,False,False,False,False
0,14400,45138.000000,52029.000000,7.000000,0.000000,0.000000,94.385395,0.000000,15.000000,40.136054,False,False,True,False,False,False
0,25000,126462.000000,207200.000000,10.000000,0.000000,0.000000,239.800000,3.000000,27.000000,34.818262,False,False,False,True,False,False
0,7500,44744.000000,60518.000000,6.000000,0.000000,0.000000,79.411230,1.000000,16.000000,34.397442,False,False,True,False,False,False
0,9500,28750.000000,42408.000000,0.000000,0.000000,0.000000,115.574971,1.000000,30.000000,39.050395,True,True,False,False,False,False
0,12000,76187.000000,93100.000000,0.500000,0.000000,0.000000,144.066667,0.000000,23.000000,34.818262,False,False,True,False,False,False
0,18500,14517.000000,95150.000000,11.000000,0.000000,0.000000,272.034102,0.000000,22.000000,27.478583,True,False,True,False,False,False
1,13400,5900.000000,55320.000000,3.000000,2.000000,2.000000,234.021816,3.000000,16.000000,19.089301,True,False,True,False,False,False
0,11100,54496.000000,71895.000000,6.000000,0.000000,0.000000,125.765775,0.000000,16.000000,35.506774,True,False,True,False,False,False
0,28900,89945.000000,124453.000000,2.000000,0.000000,0.000000,194.910249,2.000000,25.000000,42.719775,False,False,True,False,False,False
0,52400,27234.000000,83482.000000,2.000000,2.000000,0.000000,250.614024,6.000000,14.000000,40.548246,True,False,True,False,False,False
0,18600,65019.000000,95085.000000,7.000000,0.000000,0.000000,175.787995,1.000000,10.000000,32.250915,False,False,True,False,False,False
0,23600,65019.000000,68208.000000,26.000000,0.000000,0.000000,119.585901,0.000000,8.000000,20.818256,False,False,True,False,False,False
1,25000,47032.000000,75957.000000,9.000000,0.000000,7.000000,259.466528,3.000000,22.000000,40.787976,False,False,True,False,False,False
0,8900,65019.000000,42309.000000,7.000000,0.000000,1.000000,56.937096,0.000000,10.000000,37.359530,True,False,True,False,False,False
0,22100,84114.000000,97775.000000,8.000000,0.000000,0.000000,173.466667,1.000000,20.000000,34.818262,True,False,True,False,False,False
0,29300,68024.000000,115954.000000,6.000000,0.000000,0.000000,109.915020,11.000000,21.000000,44.369171,True,False,True,False,False,False
0,11200,62752.000000,73003.000000,13.000000,0.000000,0.000000,226.565905,3.000000,31.000000,38.339798,False,False,False,True,False,False
0,5700,28127.000000,36524.000000,10.000000,0.000000,0.000000,181.282957,0.000000,13.000000,24.339534,True,False,False,True,False,False
0,43800,5884.000000,64890.000000,7.000000,0.000000,0.000000,309.827548,0.000000,19.000000,16.160451,True,True,False,False,False,False
0,15500,46125.000000,63276.000000,27.000000,0.000000,0.000000,298.476411,0.000000,16.000000,39.307201,False,False,False,False,False,False
0,9700,65019.000000,54385.000000,10.000000,0.000000,0.000000,314.732833,1.000000,13.000000,34.170404,True,False,True,False,False,False
0,5100,72891.000000,80691.000000,1.000000,1.000000,0.000000,273.881705,0.000000,6.000000,39.852147,True,False,True,False,False,False
0,15200,8723.000000,66817.000000,0.000000,0.000000,0.000000,309.502634,0.000000,5.000000,37.763836,False,False,False,False,True,False
1,15000,61265.000000,89235.500000,22.000000,0.000000,0.000000,186.666667,1.000000,21.000000,34.818262,False,True,False,False,False,False
1,15000,8200.000000,42075.000000,18.000000,1.000000,0.000000,122.233148,0.000000,23.000000,34.818262,False,False,False,True,False,False
0,11900,117550.000000,144178.000000,15.000000,0.000000,1.000000,170.945833,1.000000,32.000000,29.099981,False,False,False,True,False,False
1,19000,24658.000000,47027.000000,19.000000,0.000000,0.000000,159.105225,4.000000,31.000000,53.548196,True,False,False,False,False,False
0,6800,71666.000000,99913.000000,0.000000,0.000000,1.000000,196.464999,0.000000,31.000000,35.761605,True,False,True,False,False,False
1,12000,114390.000000,132800.000000,10.000000,0.000000,0.000000,95.733333,0.000000,25.000000,34.818262,False,False,False,False,False,False
0,18700,63990.000000,94035.000000,9.000000,0.000000,0.000000,173.466667,0.000000,14.000000,25.783357,False,False,False,True,False,False
0,32100,127901.000000,176592.000000,12.000000,0.000000,0.000000,186.602239,2.000000,27.000000,40.959377,False,False,False,False,False,False
0,16500,23169.000000,41677.000000,20.000000,0.000000,0.000000,208.076943,2.000000,15.000000,34.430575,False,False,False,True,False,False
0,11500,64371.000000,73636.000000,2.000000,0.000000,0.000000,162.116254,1.000000,35.000000,39.791199,False,False,False,True,False,False
0,3900,102143.000000,118742.000000,2.000000,0.000000,0.000000,85.277366,0.000000,13.000000,29.343921,True,True,False,False,False,False
0,13000,65019.000000,28981.000000,28.000000,0.000000,0.000000,203.902855,0.000000,4.000000,25.740931,True,False,True,False,False,False
0,12500,101047.000000,118913.000000,2.000000,0.000000,0.000000,156.605492,1.000000,22.000000,35.899288,True,True,False,False,False,False
0,20300,82996.000000,118224.000000,11.000000,0.000000,0.000000,287.611605,1.000000,16.000000,34.187083,False,False,True,False,False,False
1,6900,57257.000000,63752.000000,10.000000,2.000000,0.000000,138.234778,0.000000,22.000000,38.372461,False,False,True,False,False,False
0,17000,152900.000000,191146.000000,7.500000,0.000000,0.000000,173.466667,2.000000,16.000000,34.818262,False,False,True,False,False,False
0,19000,165988.000000,217000.000000,13.000000,0.000000,0.000000,214.033333,1.000000,32.000000,34.818262,False,True,False,False,False,False
0,29000,32109.000000,49912.000000,34.000000,0.000000,0.000000,278.565003,1.000000,23.000000,39.796561,False,False,True,False,False,False
0,10000,64320.000000,102375.000000,10.000000,0.000000,0.000000,148.166667,1.000000,13.000000,34.818262,False,True,False,False,False,False
0,26400,122105.000000,165000.000000,1.000000,0.000000,0.000000,234.400000,2.000000,24.000000,34.818262,False,False,False,False,False,False
0,20400,76305.000000,103430.000000,8.000000,0.000000,0.000000,68.441583,0.000000,16.000000,31.515593,True,False,False,True,False,False
0,14600,68182.000000,83091.000000,5.000000,0.000000,0.000000,135.848374,0.000000,19.000000,24.684138,False,True,False,False,False,False
0,14800,90722.000000,105695.000000,31.000000,0.000000,0.000000,321.408374,2.000000,50.000000,35.240741,False,True,False,False,False,False
0,27300,53223.000000,86696.000000,0.000000,0.000000,0.000000,96.070688,0.000000,22.000000,34.517791,False,True,False,False,False,False
0,8500,50031.000000,57276.000000,0.000000,0.000000,0.000000,171.212815,0.000000,21.000000,35.158703,False,True,False,False,False,False
0,20500,89269.000000,132500.000000,7.000000,0.000000,0.000000,203.900000,0.000000,21.000000,34.818262,False,False,False,True,False,False
0,6400,47251.000000,58157.000000,0.000000,0.000000,0.000000,104.792468,1.000000,13.000000,36.416887,True,False,True,False,False,False
0,12500,10035.000000,61897.000000,6.000000,1.000000,1.000000,368.737796,0.000000,21.000000,14.733595,True,False,True,False,False,False
1,7100,39000.000000,55000.000000,12.000000,0.000000,1.000000,192.766667,2.000000,31.000000,34.818262,False,False,True,False,False,False
0,14400,61121.000000,88844.000000,7.000000,0.000000,0.000000,295.792111,0.000000,20.000000,30.303767,True,False,True,False,False,False
0,17700,60260.000000,90196.000000,11.000000,0.000000,1.000000,177.854846,0.000000,14.000000,29.607171,True,False,False,True,False,False
0,28600,31634.000000,65157.000000,5.000000,0.000000,0.000000,119.362026,1.000000,6.000000,40.159419,False,True,False,False,False,False
0,25200,65019.000000,68083.000000,26.000000,0.000000,0.000000,128.423087,0.000000,8.000000,21.055001,False,False,True,False,False,False
0,13300,80059.000000,121790.000000,7.000000,0.000000,0.000000,173.466667,1.000000,20.000000,34.561831,False,False,True,False,False,False
0,11800,65012.000000,91614.000000,26.000000,0.000000,0.000000,171.889547,2.000000,13.000000,42.488517,True,True,False,False,False,False
0,21300,145324.000000,179995.000000,5.000000,0.000000,0.000000,199.476735,5.000000,42.000000,39.839640,False,False,False,True,False,False
0,20300,36360.000000,57905.000000,7.000000,0.000000,0.000000,214.970484,0.000000,12.000000,39.263094,False,False,True,False,False,False
0,10300,44941.000000,60694.000000,2.000000,0.000000,0.000000,85.681205,0.000000,20.000000,39.536398,False,False,True,False,False,False
0,24500,33537.000000,57048.000000,14.000000,0.000000,0.000000,99.376133,1.000000,24.000000,28.495005,False,False,True,False,False,False
0,35200,239987.000000,43028.000000,2.000000,0.000000,1.000000,210.189005,3.000000,49.000000,41.336627,False,False,False,False,False,False
1,6500,48000.000000,61000.000000,1.000000,1.000000,0.000000,97.299756,6.000000,38.000000,34.818262,False,False,True,False,False,False
0,9600,62405.000000,69459.000000,0.000000,0.000000,2.000000,86.431832,2.000000,18.000000,36.260331,False,False,True,False,False,False
0,7900,78532.000000,122952.000000,29.000000,0.000000,0.000000,332.645047,1.000000,37.000000,35.311553,True,True,False,False,False,False
0,16600,97749.000000,164103.000000,7.000000,1.000000,0.000000,263.846777,1.000000,23.000000,37.386854,False,False,True,False,False,False
1,20000,72000.000000,103000.000000,0.500000,0.000000,0.000000,174.300000,3.000000,23.000000,34.818262,False,False,False,True,False,False
0,8500,53459.000000,62678.000000,13.000000,0.000000,0.000000,116.863449,0.000000,18.000000,30.052902,False,False,False,False,False,False
0,17700,65019.000000,55796.000000,1.000000,0.000000,0.000000,85.183413,2.000000,8.000000,40.209486,False,True,False,False,False,False
0,34700,81688.000000,131993.000000,27.000000,0.000000,0.000000,327.492360,0.000000,19.000000,41.212641,False,False,False,False,False,False
0,21400,77794.000000,105330.000000,7.000000,0.000000,0.000000,187.370854,1.000000,24.000000,38.188345,False,False,True,False,False,False
0,17200,45900.000000,68126.000000,4.000000,0.000000,0.000000,111.125952,0.000000,17.000000,34.179047,True,True,False,False,False,False
0,20700,71408.000000,103991.000000,4.000000,0.000000,0.000000,208.351750,1.000000,12.000000,31.327394,True,False,True,False,False,False
0,24400,26366.000000,54775.000000,13.000000,0.000000,0.000000,101.636235,2.000000,24.000000,29.095881,False,False,True,False,False,False
0,21200,44097.000000,64703.000000,12.000000,0.000000,2.000000,123.893949,1.000000,21.000000,40.139232,False,True,False,False,False,False
1,8000,36000.000000,115800.000000,7.000000,0.000000,0.000000,168.233333,3.000000,30.000000,34.818262,False,False,True,False,False,False
0,33000,54821.000000,104724.000000,1.000000,0.000000,0.000000,164.300919,1.000000,24.000000,34.391907,False,True,False,False,False,False
0,33900,128884.000000,172094.000000,12.000000,1.000000,0.000000,166.624738,1.000000,27.000000,42.318899,False,False,False,False,False,False
0,8200,65019.000000,38648.000000,7.000000,0.000000,0.000000,302.530182,1.000000,10.000000,30.445376,True,False,True,False,False,False
0,27600,129311.000000,188143.000000,1.000000,0.000000,0.000000,122.516885,1.000000,39.000000,30.474174,False,False,False,False,False,False
0,6700,58741.000000,68225.000000,9.000000,0.000000,3.000000,173.574416,1.000000,31.000000,23.587013,False,False,False,True,False,False
0,8600,66366.000000,75957.000000,8.000000,0.000000,0.000000,72.916721,2.000000,25.000000,39.660409,False,False,False,True,False,False
0,18100,32554.000000,92419.000000,8.000000,0.000000,0.000000,164.909613,1.000000,20.000000,29.016610,False,False,False,True,False,False
0,33600,87451.000000,131949.000000,30.000000,0.000000,0.000000,342.468060,0.000000,20.000000,40.892388,False,False,False,False,False,False
0,9600,50655.000000,59502.000000,0.000000,0.000000,0.000000,93.432844,0.000000,20.000000,37.982354,False,False,True,False,False,False
0,15800,103537.000000,111139.000000,3.000000,0.000000,1.000000,252.267758,1.000000,34.000000,27.674064,False,True,False,False,False,False
0,22600,65019.000000,58856.000000,7.000000,0.000000,1.000000,298.819542,0.000000,18.000000,38.195027,False,False,True,False,False,False
0,23100,75837.000000,183443.000000,9.000000,0.000000,0.000000,377.291040,0.000000,17.000000,31.435316,False,False,True,False,False,False
0,13000,78766.000000,106450.000000,6.000000,0.000000,0.000000,107.951312,0.000000,26.000000,24.870994,True,False,False,True,False,False
0,18600,14167.000000,71194.000000,7.000000,0.000000,0.000000,264.017124,0.000000,21.000000,40.246901,False,True,False,False,False,False
0,13100,65019.000000,65933.000000,0.000000,0.000000,0.000000,173.466667,0.000000,0.000000,3.657371,False,False,True,False,False,False
0,11800,44944.000000,57132.000000,7.000000,0.000000,0.000000,74.156045,0.000000,14.000000,42.812243,False,False,True,False,False,False
1,6300,59793.000000,98314.000000,2.200000,0.000000,0.000000,120.733333,0.000000,8.000000,34.818262,False,False,False,False,False,True
0,24400,87838.000000,104468.000000,6.000000,0.000000,0.000000,173.466667,1.000000,20.000000,30.280355,True,False,True,False,False,False
0,12100,48622.000000,83158.000000,4.000000,0.000000,2.000000,191.569292,0.000000,12.000000,29.204500,True,False,True,False,False,False
0,9000,56930.000000,67557.000000,0.000000,0.000000,1.000000,118.699516,2.000000,18.000000,36.686882,False,False,True,False,False,False
0,18800,70102.000000,99841.000000,10.000000,0.000000,0.000000,68.168573,0.000000,16.000000,32.853794,True,False,False,True,False,False
0,12000,73000.000000,94900.000000,9.000000,3.000000,0.000000,189.700000,1.000000,30.000000,34.818262,False,False,False,True,False,False
0,8100,48781.000000,50434.000000,5.000000,0.000000,0.000000,75.635048,0.000000,18.000000,24.545192,True,False,True,False,False,False
0,20500,65019.000000,130396.000000,0.000000,0.000000,0.000000,305.656422,3.000000,21.000000,31.582253,True,False,True,False,False,False
1,15000,6124.000000,35000.000000,1.500000,1.000000,0.000000,91.266667,0.000000,5.000000,34.818262,True,False,True,False,False,False
0,20300,59809.000000,107994.000000,15.000000,0.000000,3.000000,263.991293,0.000000,36.000000,26.508564,False,False,False,True,False,False
0,5000,26037.000000,35000.000000,12.000000,0.000000,0.000000,182.633333,0.000000,13.000000,34.818262,True,False,False,True,False,False
0,18400,61049.000000,96397.000000,2.000000,0.000000,0.000000,80.155757,0.000000,23.000000,35.425579,False,True,False,False,False,False
0,11100,105226.000000,122901.000000,3.000000,0.000000,0.000000,113.688780,1.000000,26.000000,33.896643,False,False,True,False,False,False
0,25300,139427.000000,245988.000000,28.000000,0.000000,0.000000,366.110151,1.000000,18.000000,36.278444,True,False,False,True,False,False
1,3800,19135.000000,97692.000000,1.600000,1.000000,6.000000,252.633333,1.000000,25.000000,34.818262,True,False,False,False,False,False
0,30000,8875.000000,57000.000000,0.000000,0.000000,0.000000,100.466667,1.000000,6.000000,34.818262,False,False,True,False,False,False
0,8100,66691.000000,82768.000000,4.000000,0.000000,0.000000,184.193418,0.000000,15.000000,32.396509,False,False,True,False,False,False
0,15300,24025.000000,42722.000000,2.000000,0.000000,0.000000,207.962141,0.000000,15.000000,37.122837,False,True,False,False,False,False
0,11100,31999.000000,61406.000000,31.000000,0.000000,0.000000,239.050557,0.000000,19.000000,20.961273,False,False,True,False,False,False
0,15700,99618.000000,131710.000000,5.000000,0.000000,0.000000,236.680947,2.000000,41.000000,37.865547,False,False,False,False,False,False
0,5400,65019.000000,65474.000000,1.000000,0.000000,0.000000,40.709849,0.000000,4.000000,37.848771,True,True,False,False,False,False
1,28200,66242.000000,109762.000000,8.000000,0.000000,1.000000,130.969565,0.000000,21.000000,60.295413,False,False,True,False,False,False
0,10900,25061.000000,35792.000000,3.000000,0.000000,0.000000,173.466667,1.000000,20.000000,37.104712,False,False,True,False,False,False
0,7000,55000.000000,63000.000000,5.000000,0.000000,0.000000,84.733333,3.000000,20.000000,34.818262,True,False,True,False,False,False
0,8800,73765.000000,93917.000000,15.000000,0.000000,0.000000,128.853302,4.000000,15.000000,24.491199,False,False,True,False,False,False
1,9000,31170.000000,50725.000000,16.000000,0.000000,0.000000,93.066667,0.000000,18.000000,34.818262,False,False,True,False,False,False
0,9700,59633.000000,70398.000000,4.000000,0.000000,0.000000,239.038206,1.000000,16.000000,38.867249,True,False,True,False,False,False
1,28300,104686.000000,136033.000000,13.000000,0.000000,2.000000,291.171661,1.000000,27.000000,5.762995,True,False,False,True,False,False
1,12000,65019.000000,89235.500000,3.000000,0.000000,2.000000,213.666667,1.000000,15.000000,34.818262,True,False,True,False,False,False
0,24100,65019.000000,49433.000000,7.000000,0.000000,0.000000,83.099726,1.000000,13.000000,26.148970,False,False,True,False,False,False
0,12400,203902.000000,234454.000000,9.000000,0.000000,0.000000,213.455447,0.000000,22.000000,33.648521,True,False,False,True,False,False
0,23700,87141.000000,140428.000000,22.000000,1.000000,0.000000,169.283631,1.000000,25.000000,40.980616,False,False,False,True,False,False
0,16600,71096.000000,104437.000000,9.000000,0.000000,0.000000,246.959636,1.000000,12.000000,37.099533,True,False,False,True,False,False
0,26200,105096.000000,136580.000000,9.000000,2.000000,0.000000,181.358592,4.000000,17.000000,39.187362,False,False,False,False,False,False
0,18000,72152.000000,102671.000000,7.000000,0.000000,0.000000,84.639348,0.000000,16.000000,32.886875,True,False,False,True,False,False
0,12100,56335.000000,86648.000000,17.000000,0.000000,0.000000,206.247095,0.000000,17.000000,35.127874,True,False,True,False,False,False
0,22900,65019.000000,148018.000000,7.000000,0.000000,0.000000,173.466667,1.000000,20.000000,15.938058,False,False,True,False,False,False
0,25000,60504.000000,93907.000000,1.000000,0.000000,0.000000,99.993715,0.000000,23.000000,33.490354,False,True,False,False,False,False
0,12600,100590.000000,138649.000000,14.000000,0.000000,0.000000,138.164705,4.000000,22.000000,34.598727,True,False,False,True,False,False
0,15200,7879.000000,95124.000000,13.000000,0.000000,1.000000,270.285899,0.000000,22.000000,29.160141,True,False,True,False,False,False
1,50000,167000.000000,245000.000000,22.000000,1.000000,7.000000,267.900000,2.000000,24.000000,34.818262,True,False,False,False,False,True
0,66000,62296.000000,143982.000000,12.000000,0.000000,1.000000,121.349443,0.000000,10.000000,41.612506,True,True,False,False,False,False
0,65200,71061.000000,141666.000000,10.000000,0.000000,1.000000,134.680907,0.000000,11.000000,43.568864,True,True,False,False,False,False
0,26300,25685.000000,51023.000000,35.000000,0.000000,0.000000,261.470872,0.000000,23.000000,40.085048,False,False,True,False,False,False
0,16400,63574.000000,88586.000000,7.000000,0.000000,0.000000,298.146552,0.000000,20.000000,29.153372,True,False,True,False,False,False
0,22100,92724.000000,126348.000000,11.000000,0.000000,0.000000,122.265781,1.000000,24.000000,30.843505,True,False,False,False,False,False
1,25000,86000.000000,120000.000000,6.000000,2.000000,1.000000,105.533333,8.000000,16.000000,34.818262,False,False,False,False,False,False
0,19900,45748.000000,82516.000000,7.000000,0.000000,0.000000,173.466667,1.000000,20.000000,39.313878,False,False,True,False,False,False
0,26100,80176.000000,113247.000000,9.000000,0.000000,1.000000,294.752033,1.000000,29.000000,33.192125,False,False,False,False,False,False
0,10000,65019.000000,56475.000000,9.000000,2.000000,0.000000,309.264497,2.000000,12.000000,34.487188,True,False,True,False,False,False
0,26700,144243.000000,176096.000000,1.000000,0.000000,0.000000,194.679796,0.000000,34.000000,40.479244,False,False,True,False,False,False
0,9000,56162.000000,75526.000000,6.000000,0.000000,0.000000,127.786970,0.000000,15.000000,35.734057,True,False,True,False,False,False
0,18000,56000.000000,78000.000000,4.000000,0.000000,0.000000,108.533333,0.000000,16.000000,34.818262,False,False,True,False,False,False
0,14400,63671.000000,70982.000000,0.000000,0.000000,0.000000,169.346647,1.000000,34.000000,42.791633,False,False,False,True,False,False
0,3200,67848.000000,74566.000000,10.000000,0.000000,1.000000,206.426602,0.000000,25.000000,40.115677,True,False,False,False,False,False
0,14000,51721.000000,61193.000000,0.000000,0.000000,0.000000,186.999359,2.000000,12.000000,25.810011,False,False,True,False,False,False
1,7300,28500.000000,42050.000000,3.000000,0.000000,0.000000,173.466667,1.000000,20.000000,34.818262,True,False,True,False,False,False
0,10200,54900.000000,79000.000000,14.000000,0.000000,0.000000,113.633333,0.000000,24.000000,34.818262,False,True,False,False,False,False
1,8900,62733.000000,77741.000000,8.000000,0.000000,0.000000,68.890096,3.000000,17.000000,37.773301,False,False,False,False,False,False
0,23600,136607.000000,172414.000000,6.000000,0.000000,0.000000,226.040295,0.000000,20.000000,36.976930,False,False,True,False,False,False
0,22400,89985.000000,121601.000000,11.000000,0.000000,0.000000,111.982420,2.000000,24.000000,30.991174,True,False,False,False,False,False
0,40100,58784.000000,115430.000000,17.000000,0.000000,1.000000,183.520057,0.000000,22.000000,39.389157,False,False,False,False,False,False
0,15200,102699.000000,121925.000000,2.000000,0.000000,0.000000,155.920149,0.000000,22.000000,36.745639,True,True,False,False,False,False
1,7000,74500.000000,81600.000000,2.000000,2.000000,0.000000,340.900000,0.000000,29.000000,34.818262,True,False,False,True,False,False
0,11100,148235.000000,182053.000000,4.000000,0.000000,0.000000,198.809717,0.000000,55.000000,33.538726,True,True,False,False,False,False
0,16500,76000.000000,110000.000000,18.000000,0.000000,0.000000,242.500000,5.000000,31.000000,34.818262,False,False,False,False,False,False
0,21600,66711.000000,105267.000000,13.000000,0.000000,0.000000,145.935384,0.000000,14.000000,37.114916,True,True,False,False,False,False
0,22400,79022.000000,105086.000000,7.000000,0.000000,0.000000,179.458917,2.000000,25.000000,38.306398,False,False,True,False,False,False
0,88800,53307.000000,94058.000000,16.000000,0.000000,0.000000,218.304978,0.000000,15.000000,34.242465,False,False,True,False,False,False
1,20000,117820.000000,154000.000000,3.000000,0.000000,0.000000,70.998127,0.000000,29.000000,34.818262,False,False,False,False,False,False
0,9900,52800.000000,66000.000000,29.000000,1.000000,3.000000,188.933333,1.000000,24.000000,34.818262,True,False,True,False,False,False
0,13000,80277.000000,106799.000000,3.000000,0.000000,0.000000,67.111666,2.000000,14.000000,37.297773,False,False,True,False,False,False
1,10000,65000.000000,80000.000000,2.000000,0.000000,0.000000,26.366667,3.000000,2.000000,34.818262,False,False,True,False,False,False
0,20500,41899.000000,65418.000000,12.000000,0.000000,2.000000,113.482460,1.000000,22.000000,43.206599,False,True,False,False,False,False
0,16000,77067.000000,94613.000000,5.000000,0.000000,0.000000,207.413390,3.000000,18.000000,41.058989,False,False,True,False,False,False
0,12900,66126.000000,84472.000000,2.000000,0.000000,0.000000,187.179199,1.000000,34.000000,29.995038,False,False,True,False,False,False
0,39500,132485.000000,192838.000000,7.000000,1.000000,0.000000,176.123881,0.000000,24.000000,31.737478,False,False,False,False,False,False
0,17900,63559.000000,81536.000000,13.000000,0.000000,3.000000,176.870768,0.000000,13.000000,26.189767,True,False,False,True,False,False
1,11600,57200.000000,72500.000000,5.000000,0.000000,0.000000,34.466667,4.000000,15.000000,34.818262,False,False,True,False,False,False
0,15200,20005.000000,39605.000000,8.000000,0.000000,0.000000,96.734903,0.000000,10.000000,21.741611,False,False,False,False,False,False
0,12500,65019.000000,52026.000000,6.000000,0.000000,0.000000,173.717239,1.000000,8.000000,21.621195,True,False,False,False,False,False
0,22600,142117.000000,179173.000000,5.000000,0.000000,0.000000,200.833969,4.000000,42.000000,41.009665,False,False,False,True,False,False
0,4200,66272.000000,82953.000000,3.000000,0.000000,0.000000,110.278663,0.000000,15.000000,43.450588,True,False,True,False,False,False
1,11200,68990.000000,81922.000000,12.000000,0.000000,1.000000,120.885811,2.000000,23.000000,43.159875,False,False,False,False,False,False
0,20600,62531.000000,96584.000000,1.000000,0.000000,0.000000,146.839968,0.000000,21.000000,33.945586,False,True,False,False,False,False
0,36000,204292.000000,268436.000000,3.000000,0.000000,0.000000,243.295430,0.000000,31.000000,30.938977,False,False,False,True,False,False
0,15200,65000.000000,92000.000000,1.000000,0.000000,0.000000,152.133333,4.000000,20.000000,34.818262,False,True,False,False,False,False
0,8200,51730.000000,59025.000000,16.000000,0.000000,3.000000,220.813290,0.000000,37.000000,24.380093,False,False,True,False,False,False
0,10500,60145.000000,63268.000000,4.000000,0.000000,0.000000,122.496078,0.000000,34.000000,36.736871,True,False,True,False,False,False
1,8200,87979.000000,94854.000000,10.000000,0.000000,0.000000,108.479024,3.000000,19.000000,41.270683,True,False,False,True,False,False
1,5000,65019.000000,74500.000000,19.000000,0.000000,0.000000,173.466667,1.000000,20.000000,34.818262,True,False,True,False,False,False
0,14400,111914.000000,142105.000000,3.000000,0.000000,0.000000,284.516966,1.000000,46.000000,32.911385,False,False,False,True,False,False
1,29000,149900.000000,201000.000000,5.000000,4.000000,4.000000,131.933333,1.000000,29.000000,34.818262,False,False,False,False,False,True
0,16700,65019.000000,56374.000000,1.000000,0.000000,0.000000,73.428942,1.000000,9.000000,40.829129,False,True,False,False,False,False
0,6700,65019.000000,55396.000000,7.000000,0.000000,0.000000,173.466667,1.000000,20.000000,15.703992,False,False,True,False,False,False
0,8000,45557.000000,56235.000000,7.000000,0.000000,1.000000,84.691135,1.000000,16.000000,36.503161,False,False,True,False,False,False
0,24100,80005.000000,102098.000000,18.000000,1.000000,0.000000,196.253104,1.000000,12.000000,39.758932,False,False,True,False,False,False
0,26500,76599.000000,119041.000000,4.000000,0.000000,0.000000,97.265658,1.000000,31.000000,40.126510,False,False,True,False,False,False
0,9800,32550.000000,52554.000000,12.000000,0.000000,0.000000,229.512741,1.000000,32.000000,37.923088,False,False,True,False,False,False
0,16200,70703.000000,87682.000000,10.000000,0.000000,0.000000,87.211329,3.000000,10.000000,31.379269,False,False,True,False,False,False
0,12800,85251.000000,114023.000000,1.000000,1.000000,2.000000,143.682796,0.000000,33.000000,31.913272,False,False,False,True,False,False
0,22700,46929.000000,71169.000000,6.000000,0.000000,0.000000,57.880816,2.000000,19.000000,35.552088,False,False,True,False,False,False
0,7800,48200.000000,59000.000000,23.000000,0.000000,0.000000,274.966667,3.000000,29.000000,34.818262,False,False,True,False,False,False
1,18700,66003.000000,82410.000000,0.000000,1.000000,0.000000,85.773808,1.000000,23.000000,51.517385,False,False,False,False,False,False
0,13900,41641.000000,53200.000000,7.000000,0.000000,0.000000,83.062468,0.000000,15.000000,42.403634,False,False,True,False,False,False
0,13900,57700.000000,74350.000000,8.500000,0.000000,0.000000,173.466667,1.000000,20.000000,34.818262,False,False,True,False,False,False
1,25000,11300.000000,154340.000000,19.000000,1.000000,5.000000,119.666667,1.000000,21.000000,34.818262,False,False,True,False,False,False
1,5500,65019.000000,43132.000000,7.000000,0.000000,0.000000,173.466667,1.000000,20.000000,34.818262,True,False,True,False,False,False
0,11600,36357.000000,56514.000000,31.000000,0.000000,0.000000,237.818966,0.000000,19.000000,20.181582,False,False,True,False,False,False
0,53700,65019.000000,84205.000000,7.000000,0.000000,0.000000,339.665615,0.000000,7.000000,22.639940,True,False,True,False,False,False
1,11200,56877.000000,65125.000000,6.000000,2.000000,0.000000,12.176929,0.000000,1.000000,33.241219,True,False,True,False,False,False
0,8700,62400.000000,81315.000000,6.000000,0.000000,0.000000,98.028870,2.000000,14.000000,26.620898,False,True,False,False,False,False
1,15200,58000.000000,77000.000000,0.900000,1.000000,0.000000,127.866667,3.000000,26.000000,34.818262,False,False,True,False,False,False
0,19000,122000.000000,158000.000000,2.000000,0.000000,1.000000,374.033333,1.000000,52.000000,34.818262,False,True,False,False,False,False
0,10500,26000.000000,39000.000000,9.000000,0.000000,1.000000,152.233333,7.000000,29.000000,34.818262,False,False,True,False,False,False
1,4000,7000.000000,16020.000000,18.000000,0.000000,1.000000,85.800000,2.000000,23.000000,34.818262,True,False,True,False,False,False
0,4800,56067.000000,63102.000000,9.000000,0.000000,3.000000,160.146311,1.000000,30.000000,21.583760,False,False,False,True,False,False
0,17200,62514.000000,96633.000000,25.000000,1.000000,0.000000,224.764359,1.000000,24.000000,36.702341,True,False,False,True,False,False
0,25000,65019.000000,35000.000000,10.000000,1.000000,0.000000,88.933333,1.000000,14.000000,34.818262,False,False,True,False,False,False
0,12500,77792.000000,100812.000000,10.000000,2.000000,0.000000,182.956996,1.000000,29.000000,27.385873,False,False,False,True,False,False
0,7600,49926.000000,58588.000000,5.000000,0.000000,1.000000,64.660107,1.000000,16.000000,35.051897,False,False,True,False,False,False
0,28300,145931.000000,239990.000000,27.000000,0.000000,0.000000,357.230954,0.000000,19.000000,38.268470,True,False,False,True,False,False
0,25000,199000.000000,236200.000000,8.000000,0.000000,0.000000,133.366667,1.000000,42.000000,34.818262,True,False,True,False,False,False
0,7600,77518.000000,83727.000000,4.000000,0.000000,0.000000,173.466667,1.000000,20.000000,22.655140,False,False,True,False,False,False
0,21800,67305.000000,99006.000000,7.000000,2.000000,1.000000,245.087774,1.000000,14.000000,41.567663,False,False,True,False,False,False
1,17900,70046.000000,135917.000000,1.000000,1.000000,2.000000,138.011008,0.000000,16.000000,38.289202,False,False,False,False,False,True
0,18000,94554.000000,119000.000000,1.000000,0.000000,1.000000,308.466667,1.000000,20.000000,34.818262,True,False,False,False,False,False
0,11800,52104.000000,61618.000000,0.000000,0.000000,0.000000,160.749931,0.000000,21.000000,37.129512,False,True,False,False,False,False
0,39700,134586.000000,193219.000000,7.000000,1.000000,0.000000,179.069356,0.000000,25.000000,32.041134,False,False,False,False,False,False
0,25000,65019.000000,60685.000000,7.000000,0.000000,0.000000,311.935889,0.000000,19.000000,39.421714,False,False,True,False,False,False
0,16400,85601.000000,100078.000000,7.000000,0.000000,0.000000,176.698741,1.000000,25.000000,43.027471,True,True,False,False,False,False
1,6700,60301.000000,70543.000000,5.000000,0.000000,0.000000,195.780863,0.000000,19.000000,32.397593,True,False,False,True,False,False
1,14500,69115.000000,98900.000000,18.000000,0.000000,0.000000,177.866667,1.000000,11.000000,34.818262,False,False,True,False,False,False
0,12000,29600.000000,61250.000000,7.500000,0.000000,0.000000,264.800000,1.000000,16.000000,34.818262,False,False,False,True,False,False
0,15700,64185.000000,84000.000000,0.200000,2.000000,2.000000,112.033333,2.000000,26.000000,34.818262,False,False,True,False,False,False
0,8400,30146.000000,39326.000000,11.000000,0.000000,0.000000,183.092750,0.000000,12.000000,23.097202,True,False,False,True,False,False
0,10600,27666.000000,56218.000000,3.000000,0.000000,0.000000,249.851190,0.000000,10.000000,39.528326,True,False,True,False,False,False
0,16300,105169.000000,134992.000000,1.000000,0.000000,0.000000,277.992946,0.000000,46.000000,41.949855,False,False,True,False,False,False
1,14700,51829.000000,69136.000000,14.000000,0.000000,0.000000,169.985308,0.000000,18.000000,35.635394,False,False,True,False,False,False
0,15000,84000.000000,110975.000000,20.000000,0.000000,0.000000,282.166667,1.000000,17.000000,34.818262,False,False,True,False,False,False
0,27700,65019.000000,42515.000000,11.000000,1.000000,0.000000,95.043074,1.000000,13.000000,20.209038,False,False,True,False,False,False
0,20800,65019.000000,26732.000000,6.000000,0.000000,0.000000,103.031130,1.000000,19.000000,21.304272,False,False,False,True,False,False
0,32400,128523.000000,179390.000000,13.000000,0.000000,0.000000,150.084287,1.000000,28.000000,43.144346,False,False,False,False,False,False
0,10600,136820.000000,201820.000000,2.000000,0.000000,0.000000,68.353056,1.000000,22.000000,38.072210,False,False,False,True,False,False
1,9900,21400.000000,36600.000000,2.000000,0.000000,0.000000,154.200000,2.000000,26.000000,34.818262,False,False,False,False,False,True
0,7800,42802.000000,52422.000000,8.000000,0.000000,0.000000,193.081453,1.000000,18.000000,26.495879,True,True,False,False,False,False
0,6000,129731.000000,154113.000000,12.000000,0.000000,0.000000,213.533333,0.000000,19.000000,34.818262,True,False,False,True,False,False
0,20000,127826.000000,277500.000000,3.000000,0.000000,0.000000,193.800000,0.000000,15.000000,34.818262,True,False,False,False,False,False
0,32300,235343.000000,45270.000000,3.000000,0.000000,1.000000,210.922403,3.000000,49.000000,41.264806,False,False,False,False,False,False
0,8900,63342.000000,78275.000000,19.000000,0.000000,0.000000,162.196484,1.000000,11.000000,32.612663,False,False,True,False,False,False
0,28900,77916.000000,130728.000000,2.000000,0.000000,0.000000,290.772608,1.000000,23.000000,39.095476,False,True,False,False,False,False
0,31400,37750.000000,76204.000000,7.000000,0.000000,0.000000,268.264931,0.000000,16.000000,41.448763,False,False,True,False,False,False
1,29400,48800.000000,86000.000000,5.000000,1.000000,0.000000,52.766533,2.000000,21.000000,34.818262,False,False,True,False,False,False
0,15300,79541.000000,94973.000000,5.000000,2.000000,0.000000,76.207592,0.000000,20.000000,22.902507,False,False,True,False,False,False
0,22000,53212.000000,85006.000000,20.000000,0.000000,0.000000,218.484113,1.000000,21.000000,32.855701,False,False,True,False,False,False
0,25700,85417.000000,98179.000000,7.000000,0.000000,0.000000,173.466667,1.000000,20.000000,30.829477,True,False,True,False,False,False
1,12000,65019.000000,33879.000000,7.000000,1.000000,0.000000,121.379536,0.000000,4.000000,39.694691,False,False,True,False,False,False
0,17800,61494.000000,85864.000000,2.000000,0.000000,0.000000,303.837651,3.000000,15.000000,40.246312,False,False,True,False,False,False
1,11500,47597.570000,75937.500000,13.500000,0.000000,0.000000,89.400000,0.000000,7.000000,34.818262,False,False,True,False,False,False
0,22200,64809.000000,96831.000000,17.000000,0.000000,0.000000,639.058172,0.000000,24.000000,22.614182,True,False,False,True,False,False
0,9700,44652.000000,63232.000000,9.000000,0.000000,0.000000,102.165514,0.000000,22.000000,37.034876,False,False,True,False,False,False
0,24700,77022.000000,112172.000000,9.000000,0.000000,1.000000,306.871078,2.000000,28.000000,30.120042,False,False,False,False,False,False
0,4000,67533.000000,71865.000000,10.000000,0.000000,2.000000,227.792988,0.000000,25.000000,39.166329,True,False,False,False,False,False
1,46300,39800.000000,41600.000000,7.000000,0.000000,0.000000,111.600000,1.000000,3.000000,34.818262,False,False,True,False,False,False
1,8000,58000.000000,73750.000000,22.000000,0.000000,4.000000,221.433333,1.000000,20.000000,34.818262,False,False,False,False,False,False
0,12800,81694.000000,101680.000000,0.000000,0.000000,0.000000,159.354104,1.000000,22.000000,40.111578,False,False,True,False,False,False
0,20700,80124.000000,99938.000000,7.000000,0.000000,0.000000,69.324720,7.000000,24.000000,38.679634,False,False,False,False,False,False
0,31000,118000.000000,167000.000000,17.000000,0.000000,0.000000,127.033333,1.000000,17.000000,34.818262,False,False,False,True,False,False
1,26800,18459.000000,53907.000000,0.000000,0.000000,0.000000,200.417027,0.000000,6.000000,71.512111,False,False,True,False,False,False
0,26500,47820.000000,76159.000000,24.000000,0.000000,0.000000,282.445008,0.000000,30.000000,41.288882,False,False,True,False,False,False
0,33600,79877.000000,118554.000000,9.000000,0.000000,0.000000,78.327768,1.000000,35.000000,25.012020,False,False,False,False,False,False
0,8800,26607.000000,39710.000000,0.000000,0.000000,0.000000,104.692825,1.000000,30.000000,38.326728,True,True,False,False,False,False
1,37000,93378.000000,145000.000000,15.000000,0.000000,2.000000,368.700000,1.000000,27.000000,34.818262,False,False,False,False,True,False
0,6600,65019.000000,48800.000000,0.000000,0.000000,0.000000,173.466667,0.000000,0.000000,12.219436,True,False,True,False,False,False
0,23600,56023.000000,83659.000000,5.000000,0.000000,0.000000,267.755535,2.000000,25.000000,32.200781,False,False,False,False,False,False
0,13300,50039.000000,63784.000000,3.000000,0.000000,0.000000,176.846196,0.000000,13.000000,27.865589,False,False,True,False,False,False
1,42000,102000.000000,165000.000000,12.000000,1.000000,1.000000,237.366667,0.000000,19.000000,34.818262,False,True,False,False,False,False
0,17300,65136.000000,83847.000000,6.000000,0.000000,0.000000,127.099974,0.000000,20.000000,24.518272,False,True,False,False,False,False
0,32700,39796.000000,77819.000000,7.000000,0.000000,0.000000,294.430696,0.000000,15.000000,40.237073,False,False,True,False,False,False
0,14700,65019.000000,89235.500000,7.000000,0.000000,0.000000,173.466667,1.000000,20.000000,24.595378,False,False,True,False,False,False
0,20000,74368.000000,105000.000000,7.000000,0.000000,0.000000,180.600000,2.000000,25.000000,34.818262,False,False,True,False,False,False
0,40400,63131.000000,109395.000000,14.000000,0.000000,0.000000,198.448419,0.000000,21.000000,39.555936,False,False,False,False,False,False
0,17800,83080.000000,108348.000000,1.000000,0.000000,0.000000,132.609861,0.000000,25.000000,36.459088,True,False,False,True,False,False
0,9500,58185.000000,64576.000000,6.000000,0.000000,4.000000,127.855265,1.000000,11.000000,38.298309,False,False,False,False,False,False
1,25000,95000.000000,127000.000000,15.000000,1.000000,2.000000,296.200000,2.000000,27.000000,34.818262,True,False,False,True,False,False
0,15800,20665.000000,43790.000000,8.000000,0.000000,0.000000,108.413937,0.000000,11.000000,22.826892,False,False,False,False,False,False
1,60000,86573.000000,159920.000000,7.000000,0.000000,5.000000,332.733333,3.000000,22.000000,34.818262,False,False,False,True,False,False
0,16700,102687.000000,137417.000000,7.000000,0.000000,0.000000,97.763512,0.000000,14.000000,31.108005,False,False,False,True,False,False
0,36500,141200.000000,195729.000000,23.000000,0.000000,0.000000,182.728895,0.000000,22.000000,37.405510,False,False,False,True,False,False
1,13000,152029.000000,173750.000000,20.000000,0.000000,0.000000,19.333333,7.000000,5.000000,34.818262,True,False,False,True,False,False
0,18600,49385.000000,70220.000000,6.000000,0.000000,0.000000,229.474919,2.000000,32.000000,30.731397,False,False,False,True,False,False
0,5500,43486.000000,81600.000000,4.000000,0.000000,0.000000,216.133333,4.000000,30.000000,34.818262,False,False,True,False,False,False
0,7100,65019.000000,40185.000000,3.000000,0.000000,0.000000,272.922685,1.000000,25.000000,41.916900,True,False,True,False,False,False
0,15100,68043.000000,80686.000000,4.000000,0.000000,0.000000,119.672491,1.000000,20.000000,21.418227,False,True,False,False,False,False
0,19000,62356.000000,92299.000000,0.000000,0.000000,0.000000,60.294143,0.000000,23.000000,34.816960,False,True,False,False,False,False
0,17100,92853.000000,130864.000000,6.000000,0.000000,0.000000,244.728811,3.000000,41.000000,37.492646,False,False,False,False,False,False
0,24900,139241.000000,171296.000000,6.000000,1.000000,0.000000,220.687158,0.000000,19.000000,35.591656,False,False,True,False,False,False
0,36400,118040.000000,164592.000000,7.000000,0.000000,0.000000,250.003283,2.000000,13.000000,34.322285,False,False,True,False,False,False
0,25300,137813.000000,214014.000000,5.000000,0.000000,0.000000,187.192510,0.000000,27.000000,38.656847,True,False,False,True,False,False
0,9700,21883.000000,67432.000000,24.000000,0.000000,0.000000,308.995576,1.000000,12.000000,41.414281,True,True,False,False,False,False
0,17100,74922.000000,91187.000000,0.000000,0.000000,0.000000,80.582656,0.000000,16.000000,26.767769,False,False,False,False,False,False
0,7000,81335.000000,81018.000000,22.000000,0.000000,0.000000,341.610576,1.000000,47.000000,27.767300,True,False,True,False,False,False
0,33800,15648.000000,43726.000000,29.000000,0.000000,0.000000,198.451174,0.000000,14.000000,42.511975,False,False,True,False,False,False
0,12700,103034.000000,124116.000000,2.000000,0.000000,0.000000,137.438692,0.000000,25.000000,31.603101,False,False,True,False,False,False
0,16700,5106.000000,93277.000000,14.000000,0.000000,0.000000,269.962689,0.000000,23.000000,29.875928,True,False,True,False,False,False
0,28400,53480.000000,90560.000000,24.000000,0.000000,1.000000,174.474724,0.000000,19.000000,24.490839,False,False,True,False,False,False
1,31500,22100.000000,35000.000000,1.900000,2.000000,0.000000,85.233333,2.000000,14.000000,34.818262,False,False,True,False,False,False
0,12600,80612.000000,93802.000000,5.000000,0.000000,0.000000,141.613146,2.000000,26.000000,40.749039,False,False,False,False,False,False
1,6000,65000.000000,94355.000000,26.000000,1.000000,3.000000,69.300000,1.000000,34.000000,34.818262,False,False,True,False,False,False
0,20800,65019.000000,74486.000000,6.000000,0.000000,0.000000,407.585624,0.000000,24.000000,22.162873,False,False,False,False,True,False
0,12200,136866.000000,162906.000000,4.000000,0.000000,0.000000,427.923591,0.000000,43.000000,30.182123,True,False,False,True,False,False
0,22700,128020.000000,164199.000000,7.000000,0.000000,0.000000,175.884808,0.000000,37.000000,21.232358,False,False,False,True,False,False
0,7000,56636.000000,76353.000000,15.000000,0.000000,0.000000,229.300000,1.000000,36.000000,34.818262,True,False,True,False,False,False
0,11900,65019.000000,39433.000000,7.000000,0.000000,1.000000,81.394830,0.000000,9.000000,35.503664,True,False,True,False,False,False
0,9300,106449.000000,120066.000000,18.000000,0.000000,1.000000,189.919918,1.000000,15.000000,37.086455,False,False,True,False,False,False
0,12900,50636.000000,57838.000000,0.000000,1.000000,0.000000,187.825323,1.000000,13.000000,28.813471,False,False,True,False,False,False
0,16000,62973.000000,87698.000000,1.000000,0.000000,0.000000,156.428115,0.000000,24.000000,23.570801,False,True,False,False,False,False
0,22700,155284.000000,197634.000000,15.000000,0.000000,0.000000,103.785994,0.000000,24.000000,29.540322,False,False,False,True,False,False
0,23500,94109.000000,97194.000000,1.000000,1.000000,0.000000,116.818648,0.000000,20.000000,35.866116,False,False,False,True,False,False
0,21700,24771.000000,48361.000000,0.000000,0.000000,0.000000,309.028446,1.000000,24.000000,33.877264,False,False,True,False,False,False
0,26300,78851.000000,109090.000000,8.000000,0.000000,0.000000,405.430429,0.000000,44.000000,42.341626,False,True,False,False,False,False
0,15000,23473.000000,74000.000000,7.000000,0.000000,0.000000,244.766667,1.000000,50.000000,34.818262,True,False,True,False,False,False
0,9900,82697.000000,100689.000000,3.000000,0.000000,0.000000,133.365791,0.000000,26.000000,33.591716,False,False,False,True,False,False
0,16500,102552.000000,144461.000000,1.000000,0.000000,0.000000,136.724489,2.000000,15.000000,34.107889,False,True,False,False,False,False
1,8400,48032.000000,95213.000000,5.000000,1.000000,4.000000,326.679590,0.000000,30.000000,38.191682,True,True,False,False,False,False
1,12300,11300.000000,39000.000000,7.000000,5.000000,1.000000,170.433333,3.000000,21.000000,34.818262,False,False,True,False,False,False
0,37800,31214.000000,58282.000000,7.000000,0.000000,0.000000,173.466667,7.000000,0.000000,34.226190,False,False,True,False,False,False
0,26400,240907.000000,260638.000000,7.000000,1.000000,0.000000,255.415514,3.000000,51.000000,37.652919,True,False,False,False,False,True
0,13100,82411.000000,103833.000000,21.000000,0.000000,0.000000,135.863038,4.000000,24.000000,29.215827,True,False,True,False,False,False
1,21200,70000.000000,101250.000000,1.000000,1.000000,0.000000,43.600000,7.000000,49.000000,34.818262,False,False,True,False,False,False
0,17200,43996.000000,79419.000000,5.000000,0.000000,0.000000,140.973401,0.000000,9.000000,28.662173,False,False,False,False,False,False
0,18600,119741.000000,212530.000000,4.000000,1.000000,0.000000,202.288578,0.000000,17.000000,27.073761,False,False,True,False,False,False
0,11100,56999.000000,67427.000000,8.000000,0.000000,0.000000,139.513915,0.000000,16.000000,35.892436,True,False,True,False,False,False
0,9300,63566.000000,70551.000000,14.000000,0.000000,0.000000,138.337352,0.000000,19.000000,42.483703,False,False,False,True,False,False
0,19000,130291.000000,168187.000000,3.000000,0.000000,0.000000,140.689343,0.000000,20.000000,24.788150,False,True,False,False,False,False
0,23700,144373.000000,180927.000000,5.000000,0.000000,0.000000,175.815375,5.000000,43.000000,40.315790,False,False,False,True,False,False
0,20600,185050.000000,234004.000000,3.000000,0.000000,0.000000,313.604489,0.000000,27.000000,40.049113,False,False,False,True,False,False
1,13900,51653.000000,85578.000000,13.000000,0.000000,0.000000,90.273079,0.000000,7.000000,41.693377,False,False,True,False,False,False
1,50200,34668.000000,89235.500000,7.000000,1.000000,0.000000,117.682548,1.000000,5.000000,36.724486,False,False,False,False,False,False
0,11400,55965.000000,78051.000000,6.000000,0.000000,0.000000,96.292020,2.000000,14.000000,27.173232,False,True,False,False,False,False
0,14900,101179.000000,117405.000000,2.000000,0.000000,0.000000,133.930510,1.000000,22.000000,35.547407,True,True,False,False,False,False
0,14300,81000.000000,100000.000000,30.000000,0.000000,1.000000,333.833333,2.000000,50.000000,34.818262,False,True,False,False,False,False
0,23000,91732.000000,140728.000000,7.000000,0.000000,0.000000,203.906678,0.000000,21.000000,27.692237,False,False,False,True,False,False
0,25400,76194.000000,98188.000000,0.000000,0.000000,0.000000,245.267853,5.000000,23.000000,42.138106,False,False,False,False,False,False
1,12600,68800.000000,86000.000000,3.000000,2.000000,1.000000,202.866667,8.000000,26.000000,34.818262,False,False,False,False,False,False
1,15700,53443.000000,77704.000000,2.000000,0.000000,5.000000,73.087539,0.000000,16.000000,45.195496,False,True,False,False,False,False
0,10200,79257.000000,105912.000000,3.000000,0.000000,0.000000,95.355372,0.000000,33.000000,39.391365,True,False,False,True,False,False
1,4900,25597.000000,23031.000000,5.000000,0.000000,0.000000,101.746766,0.000000,8.000000,33.243157,True,False,True,False,False,False
0,15800,65019.000000,30395.000000,12.000000,0.000000,0.000000,85.274034,2.000000,8.000000,33.565264,False,False,True,False,False,False
0,5000,66839.000000,87168.000000,4.000000,0.000000,0.000000,122.597223,0.000000,15.000000,40.616779,True,False,True,False,False,False
0,15900,46731.000000,71521.000000,18.000000,0.000000,0.000000,192.144235,0.000000,22.000000,40.361770,False,False,False,True,False,False
0,10700,110789.000000,126781.000000,6.000000,0.000000,1.000000,178.637468,0.000000,19.000000,31.888936,False,False,False,False,False,True
0,18600,57300.000000,8000.000000,6.000000,0.000000,0.000000,68.000000,1.000000,17.000000,34.818262,False,False,True,False,False,False
0,27500,69579.000000,117799.000000,5.000000,0.000000,0.000000,84.373124,2.000000,32.000000,38.862121,False,False,True,False,False,False
0,16100,49244.000000,65523.000000,2.000000,0.000000,0.000000,110.219893,0.000000,17.000000,31.001524,True,True,False,False,False,False
0,10600,54344.000000,92742.000000,19.000000,0.000000,0.000000,171.205079,0.000000,28.000000,24.553206,True,False,True,False,False,False
0,33700,26395.000000,48905.000000,6.000000,0.000000,0.000000,48.710053,0.000000,7.000000,36.424333,False,False,False,False,False,False
0,5000,68739.000000,93435.000000,3.000000,0.000000,0.000000,148.720405,0.000000,23.000000,36.669279,False,False,False,False,False,False
0,14700,82967.000000,114835.000000,7.000000,0.000000,0.000000,173.466667,1.000000,20.000000,34.478074,False,False,True,False,False,False
0,25700,43881.000000,69954.000000,10.000000,0.000000,0.000000,126.473066,0.000000,20.000000,40.769062,False,False,True,False,False,False
0,16300,7774.000000,88649.000000,14.000000,0.000000,1.000000,257.915922,0.000000,22.000000,28.130479,True,False,True,False,False,False
1,11600,45917.000000,60000.000000,10.000000,0.000000,1.000000,304.366667,3.000000,27.000000,34.818262,False,False,True,False,False,False
0,14200,83231.000000,99400.000000,6.000000,0.000000,0.000000,130.167515,1.000000,26.000000,27.172965,True,False,False,True,False,False
0,25800,137140.000000,167096.000000,7.000000,0.000000,1.000000,209.085283,1.000000,19.000000,36.189474,False,False,True,False,False,False
0,28500,65019.000000,41763.000000,12.000000,1.000000,0.000000,92.866989,1.000000,13.000000,21.901856,False,False,True,False,False,False
0,17900,102054.000000,143103.000000,5.000000,0.000000,0.000000,125.858539,2.000000,16.000000,32.847435,False,True,False,False,False,False
0,11900,114329.000000,143915.000000,15.000000,0.000000,1.000000,185.572668,0.000000,32.000000,28.977739,False,False,False,True,False,False
1,6000,65019.000000,43683.000000,7.000000,0.000000,0.000000,173.466667,1.000000,20.000000,21.935499,True,False,True,False,False,False
1,16200,83448.000000,135447.000000,17.000000,0.000000,5.000000,129.780132,9.000000,19.000000,45.554415,False,False,False,False,False,False
0,5100,62702.000000,79784.000000,2.000000,0.000000,0.000000,108.072591,0.000000,15.000000,43.290140,True,False,True,False,False,False
0,20800,65019.000000,78483.000000,2.000000,0.000000,0.000000,412.014873,0.000000,23.000000,21.945849,False,False,False,False,True,False
1,21500,84048.000000,115705.000000,10.000000,0.000000,1.000000,122.289792,1.000000,30.000000,49.379729,False,False,False,True,False,False
0,22000,71664.000000,98015.000000,9.000000,0.000000,0.000000,191.313609,1.000000,19.000000,34.921021,False,False,False,False,False,False
0,9000,131108.000000,199295.000000,1.000000,0.000000,0.000000,61.000985,1.000000,22.000000,35.930611,False,False,False,True,False,False
1,15800,104913.000000,121214.000000,2.000000,0.000000,0.000000,134.003830,0.000000,21.000000,44.915161,False,False,False,True,False,False
0,15700,83830.000000,122719.000000,7.000000,0.000000,0.000000,173.466667,1.000000,20.000000,35.165146,False,False,True,False,False,False
0,26200,75096.000000,120859.000000,4.000000,0.000000,0.000000,107.177118,2.000000,31.000000,38.552979,False,False,True,False,False,False
0,22500,65019.000000,42800.000000,7.000000,0.000000,0.000000,89.300000,1.000000,13.000000,34.818262,False,False,True,False,False,False
0,16500,36206.000000,53040.000000,9.000000,0.000000,0.000000,118.301372,0.000000,9.000000,17.747784,True,False,True,False,False,False
0,22600,91177.000000,112123.000000,24.000000,0.000000,0.000000,251.582404,1.000000,26.000000,42.077988,False,False,True,False,False,False
0,9800,52973.000000,65481.000000,10.000000,0.000000,0.000000,101.472668,2.000000,33.000000,36.878297,True,False,True,False,False,False
0,18000,88000.000000,131300.000000,14.000000,0.000000,0.000000,179.566667,2.000000,26.000000,34.818262,False,False,False,False,False,False
0,7600,48829.000000,62357.000000,3.000000,0.000000,1.000000,92.941358,2.000000,12.000000,35.672274,False,True,False,False,False,False
0,52700,23905.000000,82670.000000,4.000000,2.000000,0.000000,253.351302,7.000000,14.000000,42.836955,True,False,True,False,False,False
0,15800,9407.000000,60165.000000,1.000000,0.000000,0.000000,310.658421,0.000000,5.000000,40.051306,False,False,False,False,True,False
1,27200,61118.000000,35184.000000,10.000000,4.000000,2.000000,134.648904,7.000000,23.000000,45.255290,False,False,False,False,True,False
0,27100,20479.000000,46735.000000,24.000000,0.000000,0.000000,103.816290,0.000000,10.000000,24.258677,False,False,True,False,False,False
0,6100,48300.000000,53388.000000,9.000000,0.000000,0.000000,178.489602,1.000000,19.000000,26.720028,True,True,False,False,False,False
0,13900,84427.000000,114209.000000,12.000000,0.000000,2.000000,180.187422,0.000000,27.000000,33.351870,True,False,False,True,False,False
1,5900,106650.000000,89235.500000,1.000000,0.000000,6.000000,250.566667,4.000000,23.000000,34.818262,False,False,False,False,False,False
1,13000,94941.000000,120000.000000,0.100000,0.000000,0.000000,132.866667,0.000000,21.000000,34.818262,False,False,False,True,False,False
0,21300,143676.000000,181960.000000,8.000000,0.000000,0.000000,313.187465,0.000000,17.000000,43.645349,True,False,False,False,False,False
0,69700,191972.000000,294367.000000,10.000000,0.000000,0.000000,230.705613,2.000000,25.000000,28.201871,False,False,False,False,False,True
0,38100,67559.000000,113024.000000,16.000000,0.000000,0.000000,190.676671,0.000000,22.000000,40.239610,False,False,False,False,False,False
0,12800,67867.000000,78660.000000,3.000000,0.000000,0.000000,159.801493,1.000000,34.000000,30.010910,False,False,True,False,False,False
0,12700,107653.000000,129752.000000,8.000000,0.000000,0.000000,181.027275,2.000000,32.000000,29.466721,True,False,False,True,False,False
0,25800,65019.000000,63456.000000,25.000000,0.000000,0.000000,148.816285,0.000000,8.000000,22.065764,False,False,True,False,False,False
0,5100,74071.000000,97064.000000,0.000000,0.000000,0.000000,121.075973,2.000000,9.000000,36.401730,False,False,True,False,False,False
0,17400,58941.000000,88470.000000,4.000000,0.000000,0.000000,123.257055,0.000000,12.000000,25.557593,True,False,False,True,False,False
0,35200,239513.000000,37076.000000,0.000000,0.000000,1.000000,183.373452,2.000000,49.000000,40.779849,False,False,False,False,False,False
1,7500,42077.000000,91676.000000,5.500000,1.000000,4.000000,344.900000,1.000000,30.000000,34.818262,True,True,False,False,False,False
1,24800,37200.000000,67000.000000,10.000000,1.000000,8.000000,242.466667,4.000000,23.000000,34.818262,False,False,True,False,False,False
0,19900,90966.000000,154351.000000,4.000000,0.000000,0.000000,103.975442,0.000000,17.000000,35.405920,True,False,False,True,False,False
0,13700,35825.000000,66612.000000,22.000000,0.000000,0.000000,231.901479,2.000000,29.000000,26.702473,False,True,False,False,False,False
0,28400,72870.000000,95647.000000,11.000000,0.000000,0.000000,139.045255,0.000000,20.000000,37.820678,False,True,False,False,False,False
1,13400,58307.000000,71810.000000,9.000000,0.000000,2.000000,82.708309,2.000000,32.000000,36.947798,False,False,True,False,False,False
0,24200,45902.000000,70212.000000,25.000000,0.000000,0.000000,303.762469,3.000000,32.000000,35.223862,False,False,True,False,False,False
1,31500,16800.000000,89235.500000,12.000000,1.000000,2.000000,110.633333,4.000000,20.000000,34.818262,False,False,True,False,False,False
0,10800,78898.000000,86567.000000,9.000000,0.000000,0.000000,179.830829,0.000000,12.000000,40.291952,False,False,False,True,False,False
1,15900,89500.000000,104200.000000,15.000000,0.000000,3.000000,183.633333,0.000000,37.000000,34.818262,False,False,False,True,False,False
0,17200,27230.000000,82319.000000,7.000000,0.000000,0.000000,249.215667,1.000000,50.000000,43.756794,True,False,True,False,False,False
0,18700,66197.000000,83151.000000,12.000000,0.000000,2.000000,157.945982,0.000000,14.000000,29.349486,True,False,False,True,False,False
0,10500,47483.000000,53877.000000,9.000000,0.000000,0.000000,117.052395,0.000000,26.000000,21.446282,False,False,True,False,False,False
1,23700,76000.000000,106000.000000,2.600000,1.000000,0.000000,138.966667,2.000000,38.000000,34.818262,False,False,False,False,True,False
1,16000,88238.000000,117500.000000,4.000000,0.000000,3.000000,176.466667,5.000000,34.000000,34.818262,False,False,True,False,False,False
0,21200,70096.000000,108632.000000,4.000000,0.000000,0.000000,200.014918,1.000000,13.000000,29.641286,True,False,True,False,False,False
0,23300,103162.000000,135013.000000,9.000000,1.000000,0.000000,188.939840,5.000000,18.000000,40.670817,False,False,False,False,False,False
1,3600,41900.000000,52490.000000,3.000000,0.000000,0.000000,72.033333,2.000000,4.000000,34.818262,True,False,False,False,False,False
1,9100,65019.000000,11550.000000,7.000000,0.000000,0.000000,51.933333,1.000000,3.000000,34.818262,True,False,True,False,False,False
0,8400,17479.000000,66894.000000,23.000000,0.000000,0.000000,326.342805,1.000000,13.000000,40.588576,True,True,False,False,False,False
0,19000,107199.000000,132723.000000,7.000000,0.000000,0.000000,91.371932,0.000000,13.000000,31.442612,False,False,False,True,False,False
1,8400,31800.000000,72000.000000,7.000000,0.000000,2.000000,187.266667,1.000000,21.000000,34.818262,False,False,False,False,False,True
0,14800,60573.000000,93187.000000,0.000000,0.000000,0.000000,30.009474,2.000000,3.000000,39.080207,False,False,True,False,False,False
0,22500,48405.000000,86989.000000,14.000000,0.000000,0.000000,94.928088,1.000000,9.000000,4.029951,False,False,True,False,False,False
0,6200,65019.000000,33909.000000,7.000000,0.000000,0.000000,173.466667,1.000000,20.000000,34.517405,True,False,True,False,False,False
0,18000,161413.000000,196860.000000,7.000000,0.000000,0.000000,173.466667,2.000000,16.000000,30.778167,False,False,True,False,False,False
0,11400,65019.000000,44849.000000,6.000000,0.000000,0.000000,163.274595,1.000000,9.000000,23.481117,True,False,False,False,False,False
0,18200,57980.000000,79265.000000,16.000000,0.000000,0.000000,194.054293,0.000000,20.000000,37.725761,False,False,True,False,False,False
0,9400,61213.000000,70800.000000,5.000000,0.000000,0.000000,75.862660,3.000000,20.000000,39.403812,True,False,True,False,False,False
0,8000,58006.000000,94930.000000,4.000000,0.000000,0.000000,223.202990,2.000000,24.000000,30.913396,True,False,False,True,False,False
0,42300,22434.000000,65893.000000,18.000000,0.000000,0.000000,205.533643,1.000000,31.000000,43.228665,False,False,True,False,False,False
1,13000,7200.000000,24869.000000,0.700000,9.000000,1.000000,193.800000,0.000000,9.000000,34.818262,True,False,True,False,False,False
0,21800,48162.000000,70361.000000,2.000000,0.000000,0.000000,227.986279,0.000000,12.000000,36.061816,False,True,False,False,False,False
0,10000,78000.000000,97400.000000,1.000000,0.000000,0.000000,72.033333,1.000000,20.000000,34.818262,True,False,False,True,False,False
0,8600,41126.000000,55500.000000,6.000000,0.000000,0.000000,73.033333,1.000000,11.000000,34.818262,False,False,True,False,False,False
0,15900,102564.000000,120724.000000,0.000000,0.000000,0.000000,125.834070,0.000000,30.000000,37.993776,False,False,False,True,False,False
0,12800,71531.000000,87256.000000,26.000000,0.000000,0.000000,167.163736,1.000000,14.000000,40.376138,True,True,False,False,False,False
0,10800,42191.000000,57224.000000,15.000000,0.000000,0.000000,68.810826,0.000000,11.000000,30.518230,False,False,True,False,False,False
0,23800,46884.000000,68142.000000,8.000000,0.000000,0.000000,59.405775,1.000000,18.000000,35.696636,False,False,True,False,False,False
1,7500,59000.000000,72000.000000,5.000000,0.000000,3.000000,295.866667,0.000000,19.000000,34.818262,True,True,False,False,False,False
1,11000,54100.000000,70438.000000,2.000000,3.000000,1.000000,115.600000,1.000000,25.000000,34.818262,False,False,False,False,False,True
1,10000,65019.000000,89235.500000,15.000000,2.000000,2.000000,108.933333,3.000000,31.000000,34.818262,False,False,True,False,False,False
0,19600,64000.000000,90000.000000,9.000000,0.000000,0.000000,195.800000,2.000000,19.000000,34.818262,False,False,False,False,False,False
0,16400,62786.000000,79154.000000,7.000000,0.000000,0.000000,173.466667,1.000000,20.000000,24.838940,False,False,True,False,False,False
0,11600,92613.000000,108515.000000,11.000000,0.000000,0.000000,206.822588,3.000000,16.000000,39.111039,False,False,True,False,False,False
1,16300,25004.000000,65000.000000,2.000000,0.000000,0.000000,199.833333,0.000000,7.000000,34.818262,False,False,True,False,False,False
0,14600,65019.000000,66776.000000,8.000000,0.000000,0.000000,118.976063,0.000000,14.000000,25.963061,False,False,True,False,False,False
0,13500,117321.000000,138746.000000,14.000000,0.000000,1.000000,183.262009,0.000000,33.000000,31.486797,False,False,False,True,False,False
0,11500,56720.000000,82738.000000,17.000000,0.000000,0.000000,200.416954,0.000000,16.000000,34.019838,True,False,True,False,False,False
0,21300,55140.000000,81692.000000,12.000000,0.000000,0.000000,109.900686,1.000000,10.000000,4.384983,False,False,True,False,False,False
0,16100,99844.000000,114647.000000,11.000000,0.000000,0.000000,169.983556,0.000000,27.000000,33.523279,False,False,True,False,False,False
0,8200,120837.000000,176244.000000,8.000000,0.000000,0.000000,196.724161,0.000000,20.000000,34.745743,False,False,True,False,False,False
0,23600,30758.000000,57280.000000,13.000000,0.000000,0.000000,104.395690,2.000000,24.000000,31.120399,False,False,True,False,False,False
0,22200,65019.000000,60904.000000,7.000000,0.000000,0.000000,288.459695,0.000000,18.000000,37.747020,False,False,True,False,False,False
1,3000,65019.000000,33000.000000,1.000000,0.000000,1.000000,23.300000,1.000000,2.000000,34.818262,True,False,True,False,False,False
0,12000,83560.000000,126479.000000,8.000000,0.000000,0.000000,173.466667,1.000000,20.000000,38.928316,True,False,True,False,False,False
0,22700,108488.000000,139559.000000,11.000000,0.000000,0.000000,190.972778,0.000000,23.000000,34.080016,True,False,False,True,False,False
0,20200,153084.000000,196968.000000,6.000000,0.000000,0.000000,173.466667,1.000000,16.000000,32.011800,False,False,True,False,False,False
0,23900,31992.000000,57986.000000,7.000000,0.000000,0.000000,226.243243,0.000000,12.000000,38.671843,False,False,True,False,False,False
1,17000,56800.000000,82000.000000,22.000000,0.000000,5.000000,320.600000,4.000000,28.000000,34.818262,False,False,False,True,False,False
0,5400,65814.000000,85848.000000,4.000000,0.000000,0.000000,122.940289,0.000000,15.000000,44.092326,True,False,True,False,False,False
1,8800,2800.000000,18361.000000,2.000000,3.000000,1.000000,107.766667,4.000000,3.000000,34.818262,True,False,True,False,False,False
0,27100,140305.000000,237302.000000,27.000000,0.000000,0.000000,349.514268,2.000000,18.000000,37.420847,True,False,False,True,False,False
0,7200,98691.000000,115750.000000,22.000000,0.000000,0.000000,118.000142,0.000000,11.000000,37.720359,True,True,False,False,False,False
0,11500,43945.000000,63337.000000,2.000000,0.000000,1.000000,193.742485,0.000000,21.000000,27.623494,False,False,False,False,False,False
0,8300,45842.000000,50006.000000,16.000000,0.000000,0.000000,90.653070,0.000000,12.000000,31.360822,False,False,True,False,False,False
0,21700,69000.000000,98000.000000,2.000000,0.000000,0.000000,232.066667,5.000000,24.000000,34.818262,False,False,False,False,False,False
0,41700,59889.000000,109250.000000,16.000000,0.000000,0.000000,187.132811,0.000000,22.000000,36.968814,False,False,False,False,False,False
0,21800,82817.000000,114732.000000,7.000000,0.000000,0.000000,190.087445,1.000000,24.000000,40.748212,False,False,True,False,False,False
0,24600,83099.000000,113245.000000,9.000000,0.000000,1.000000,122.749216,0.000000,19.000000,28.125731,False,False,False,True,False,False
0,9900,28432.000000,36605.000000,0.000000,0.000000,0.000000,111.531625,1.000000,29.000000,37.588196,True,True,False,False,False,False
0,18000,88509.000000,112933.000000,4.000000,0.000000,0.000000,150.802369,1.000000,21.000000,23.200941,False,False,False,True,False,False
0,13900,64356.000000,88028.000000,13.000000,0.000000,0.000000,111.809976,0.000000,24.000000,39.008508,False,True,False,False,False,False
0,9600,46683.000000,61773.000000,1.000000,0.000000,0.000000,171.058449,1.000000,20.000000,38.005289,False,True,False,False,False,False
0,34200,119575.000000,175235.000000,16.000000,0.000000,0.000000,131.542438,1.000000,16.000000,27.149899,False,False,False,True,False,False
0,28200,185607.000000,227617.000000,0.000000,0.000000,0.000000,311.062755,0.000000,33.000000,42.435285,False,False,False,True,False,False
0,27200,101680.000000,134864.000000,10.000000,0.000000,1.000000,150.596198,0.000000,29.000000,40.880495,False,True,False,False,False,False
0,15700,64793.000000,99157.000000,22.000000,0.000000,0.000000,244.731674,1.000000,23.000000,38.328189,True,False,False,True,False,False
0,16300,56075.000000,88870.000000,11.000000,0.000000,0.000000,173.466667,1.000000,16.000000,24.689294,False,False,False,True,False,False
0,14400,20996.000000,41987.000000,9.000000,0.000000,0.000000,120.955514,0.000000,10.000000,21.118713,False,False,False,False,False,False
0,25600,65019.000000,147598.000000,7.000000,0.000000,0.000000,173.466667,1.000000,20.000000,14.461987,False,False,True,False,False,False
1,25600,46000.000000,80000.000000,7.000000,0.000000,0.000000,135.900000,2.000000,19.000000,34.818262,False,False,True,False,False,False
0,13600,89937.000000,110986.000000,14.000000,0.000000,2.000000,146.718742,1.000000,17.000000,33.747116,False,False,False,False,True,False
0,31900,83226.000000,115509.000000,11.000000,0.000000,0.000000,79.030116,0.000000,34.000000,26.521860,False,False,False,False,False,False
0,6100,91704.000000,114799.000000,22.000000,0.000000,0.000000,129.250090,1.000000,12.000000,36.746766,True,True,False,False,False,False
0,17700,56375.000000,90435.000000,0.000000,0.000000,0.000000,70.225870,0.000000,23.000000,36.023277,False,True,False,False,False,False
1,19000,100670.000000,122581.000000,10.000000,0.000000,0.000000,81.252547,0.000000,27.000000,41.863631,False,False,False,False,False,False
0,31800,37100.000000,74796.000000,10.000000,0.000000,0.000000,109.776583,1.000000,23.000000,33.688866,False,False,True,False,False,False
0,8300,101150.000000,115215.000000,23.000000,0.000000,0.000000,130.256329,0.000000,12.000000,36.505999,True,True,False,False,False,False
0,12800,29100.000000,39264.000000,7.000000,0.000000,0.000000,93.395002,2.000000,12.000000,31.283061,True,False,True,False,False,False
0,11800,65062.000000,78004.000000,12.000000,0.000000,0.000000,251.144196,0.000000,31.000000,43.372373,True,True,False,False,False,False
1,3200,27200.000000,40834.000000,7.000000,0.000000,0.000000,298.131564,0.000000,7.000000,35.553539,True,False,True,False,False,False
0,11900,97506.000000,110902.000000,17.000000,0.000000,1.000000,196.568128,2.000000,15.000000,37.998991,False,False,True,False,False,False
1,72300,65019.000000,85000.000000,1.000000,0.000000,0.000000,117.166667,9.000000,23.000000,34.818262,False,False,True,False,False,False
0,14800,76875.000000,95893.000000,4.000000,2.000000,0.000000,88.754575,0.000000,21.000000,24.224695,False,False,True,False,False,False
0,19800,63701.000000,14609.000000,4.000000,0.000000,0.000000,62.359738,1.000000,17.000000,41.874198,False,False,True,False,False,False
0,17500,46636.000000,72908.000000,7.000000,0.000000,0.000000,110.230907,3.000000,15.000000,41.512292,False,False,True,False,False,False
0,38900,31836.000000,54976.000000,7.000000,0.000000,0.000000,173.466667,6.000000,0.000000,33.459246,False,False,True,False,False,False
0,11900,41009.000000,68211.000000,23.000000,0.000000,0.000000,234.929617,0.000000,28.000000,28.391039,False,True,False,False,False,False
0,12500,77100.000000,90550.000000,7.000000,0.000000,0.000000,173.466667,1.000000,26.000000,34.818262,True,True,False,False,False,False
1,12000,54257.000000,82764.000000,14.000000,1.000000,1.000000,188.337422,2.000000,31.000000,38.942760,False,False,True,False,False,False
0,24900,51155.000000,83000.000000,9.000000,1.000000,1.000000,139.033333,3.000000,30.000000,34.818262,False,False,True,False,False,False
0,20900,39244.000000,55582.000000,5.000000,1.000000,0.000000,120.219885,1.000000,10.000000,26.225759,True,False,False,False,False,True
0,19500,52080.000000,89913.000000,12.000000,0.000000,0.000000,110.760307,0.000000,9.000000,4.337283,False,False,True,False,False,False
0,27700,149169.000000,183234.000000,8.000000,0.000000,0.000000,314.785839,0.000000,35.000000,37.636683,False,False,False,True,False,False
0,11600,65019.000000,36474.000000,7.000000,0.000000,1.000000,93.727138,0.000000,10.000000,37.202954,True,False,True,False,False,False
0,9900,72674.000000,89909.000000,15.000000,0.000000,1.000000,90.957900,0.000000,8.000000,27.354634,False,True,False,False,False,False
0,8200,39175.000000,55848.000000,10.000000,0.000000,0.000000,161.661582,1.000000,18.000000,24.200111,True,True,False,False,False,False
0,18900,68315.000000,98175.000000,14.000000,0.000000,0.000000,161.333333,0.000000,28.000000,34.818262,True,False,False,False,False,False
0,7600,58622.000000,77726.000000,15.000000,0.000000,0.000000,249.633761,2.000000,36.000000,34.882066,True,False,True,False,False,False
1,13000,41193.000000,58000.000000,18.000000,3.000000,2.000000,66.933333,4.000000,7.000000,34.818262,False,False,True,False,False,False
1,11000,60513.000000,110485.000000,3.000000,1.000000,1.000000,126.771929,1.000000,17.000000,40.031393,False,False,False,False,False,False
1,15000,65019.000000,54869.000000,8.000000,0.000000,0.000000,173.466667,1.000000,20.000000,34.818262,False,True,False,False,False,False
1,20000,27900.000000,89235.500000,21.000000,0.000000,0.000000,173.466667,1.000000,20.000000,34.818262,True,False,False,False,False,False
1,15300,21383.000000,38480.000000,20.000000,0.000000,1.000000,182.600000,4.000000,31.000000,34.818262,True,False,False,False,False,False
0,6600,62380.000000,89742.000000,31.000000,0.000000,0.000000,232.527291,0.000000,16.000000,26.160495,True,True,False,False,False,False
0,10100,73174.000000,91101.000000,14.000000,0.000000,0.000000,77.117091,0.000000,8.000000,25.042597,False,True,False,False,False,False
0,16200,65019.000000,95280.000000,7.000000,0.000000,0.000000,194.460016,1.000000,10.000000,33.123728,False,False,True,False,False,False
0,27000,54515.000000,82539.000000,20.000000,0.000000,0.000000,203.861399,0.000000,26.000000,37.112352,False,False,True,False,False,False
0,25000,77590.000000,108290.000000,10.000000,0.000000,1.000000,396.733333,0.000000,45.000000,34.818262,False,True,False,False,False,False
0,7000,129959.000000,161301.000000,11.000000,0.000000,0.000000,209.986300,0.000000,18.000000,21.917952,True,False,False,True,False,False
1,30200,36000.000000,73500.000000,14.000000,0.000000,1.000000,202.966667,0.000000,33.000000,34.818262,False,True,False,False,False,False
0,11800,65019.000000,65769.000000,7.000000,0.000000,0.000000,357.332682,0.000000,7.000000,34.327277,True,False,True,False,False,False
0,30000,48000.000000,97000.000000,3.000000,0.000000,0.000000,173.500000,2.000000,25.000000,34.818262,False,True,False,False,False,False
0,13400,51225.000000,69361.000000,0.000000,0.000000,0.000000,261.189637,0.000000,21.000000,28.953068,False,False,True,False,False,False
0,5000,59900.000000,80800.000000,15.000000,0.000000,0.000000,219.133333,1.000000,18.000000,34.818262,False,False,False,True,False,False
0,2000,64536.000000,87400.000000,2.500000,0.000000,0.000000,147.133333,0.000000,24.000000,34.818262,False,False,False,False,False,False
0,27700,141930.000000,182516.000000,0.000000,0.000000,0.000000,235.630576,2.000000,19.000000,41.958814,False,False,False,True,False,False
0,21600,36777.000000,68300.000000,11.000000,0.000000,2.000000,121.494249,0.000000,22.000000,41.138299,False,True,False,False,False,False
0,10600,50662.000000,62491.000000,0.000000,0.000000,0.000000,197.709267,1.000000,13.000000,26.251888,False,False,True,False,False,False
0,15200,65019.000000,100320.000000,7.000000,0.000000,0.000000,190.256476,0.000000,9.000000,33.799992,False,False,True,False,False,False
0,7100,57863.000000,70969.000000,0.000000,0.000000,0.000000,65.872045,7.000000,21.000000,26.829490,False,False,True,False,False,False
1,40000,147224.000000,225000.000000,2.000000,0.000000,4.000000,158.200000,3.000000,28.000000,34.818262,False,False,False,False,False,True
1,25000,39000.000000,72500.000000,3.000000,0.000000,1.000000,114.666667,3.000000,22.000000,34.818262,False,False,True,False,False,False
0,21600,108923.000000,142716.000000,9.000000,0.000000,0.000000,162.446914,0.000000,23.000000,33.419779,True,False,False,True,False,False
0,23900,95060.000000,134567.000000,7.000000,0.000000,0.000000,194.251006,0.000000,20.000000,27.157061,False,False,False,True,False,False
0,14300,52608.000000,76936.000000,0.000000,0.000000,0.000000,217.277192,0.000000,9.000000,34.095384,False,False,True,False,False,False
1,14100,52302.000000,63589.000000,6.000000,0.000000,0.000000,130.342467,4.000000,8.000000,34.792832,True,False,False,True,False,False
0,9400,86539.000000,95010.000000,0.000000,4.000000,0.000000,173.466667,0.000000,3.000000,29.815324,False,False,True,False,False,False
0,9600,56224.000000,60260.000000,15.000000,0.000000,3.000000,219.742045,0.000000,36.000000,25.439464,False,False,True,False,False,False
0,11000,21780.000000,85505.000000,19.000000,0.000000,0.000000,240.682581,0.000000,10.000000,24.404335,True,False,False,True,False,False
1,9000,43881.000000,56000.000000,5.000000,0.000000,3.000000,73.033333,3.000000,28.000000,34.818262,False,False,True,False,False,False
0,28200,44321.000000,63050.000000,19.000000,0.000000,0.000000,182.247306,2.000000,22.000000,32.477167,False,True,False,False,False,False
0,8600,14762.000000,66271.000000,25.000000,0.000000,0.000000,318.149278,1.000000,13.000000,42.276634,True,True,False,False,False,False
0,18600,98200.000000,123662.000000,0.000000,0.000000,3.000000,241.642232,0.000000,29.000000,41.050657,False,True,False,False,False,False
0,15500,20800.000000,173566.000000,6.000000,0.000000,0.000000,292.034185,0.000000,26.000000,25.562882,True,False,False,False,False,True
0,11300,74783.000000,100909.000000,5.000000,0.000000,0.000000,85.664834,0.000000,34.000000,35.947855,True,False,False,True,False,False
1,15000,62674.000000,76950.000000,8.000000,1.000000,5.000000,249.533333,0.000000,31.000000,34.818262,True,False,False,False,False,False
0,4400,65019.000000,60250.000000,7.000000,0.000000,0.000000,173.466667,1.000000,20.000000,34.818262,False,False,True,False,False,False
1,40400,83786.000000,131000.000000,34.000000,0.000000,13.000000,210.600000,3.000000,36.000000,34.818262,False,True,False,False,False,False
0,21300,58209.000000,84200.000000,18.000000,0.000000,0.000000,212.932298,0.000000,22.000000,33.033146,False,False,True,False,False,False
0,25800,82058.000000,116330.000000,11.000000,0.000000,1.000000,128.447170,0.000000,18.000000,27.989457,False,False,False,True,False,False
0,15000,53000.000000,83400.000000,5.000000,0.000000,0.000000,120.300000,0.000000,13.000000,34.818262,True,False,False,True,False,False
0,15400,103934.000000,113696.000000,4.000000,0.000000,0.000000,265.586352,1.000000,34.000000,26.750404,False,True,False,False,False,False
1,16200,71530.000000,88569.000000,14.000000,0.000000,0.000000,173.466667,0.000000,1.000000,35.886710,False,False,False,False,False,False
0,20300,37388.000000,55703.000000,7.000000,0.000000,0.000000,222.733567,0.000000,12.000000,39.814737,False,False,True,False,False,False
0,24200,90626.000000,116601.000000,2.000000,0.000000,0.000000,226.116387,1.000000,27.000000,34.499938,False,False,False,False,False,True
0,25000,177000.000000,226000.000000,0.400000,0.000000,0.000000,305.133125,1.000000,33.000000,34.818262,False,False,False,True,False,False
0,38900,200731.000000,269450.000000,3.000000,0.000000,0.000000,237.344297,0.000000,32.000000,29.294488,False,False,False,True,False,False
0,26500,77198.000000,131090.000000,0.000000,0.000000,0.000000,312.908804,0.000000,24.000000,37.830164,False,True,False,False,False,False
0,14000,65019.000000,89235.500000,7.000000,0.000000,0.000000,173.466667,1.000000,20.000000,25.689711,False,False,True,False,False,False
0,8900,80334.000000,87448.000000,18.000000,0.000000,0.000000,279.876550,0.000000,23.000000,38.513997,False,False,False,False,False,False
0,26800,148471.000000,183284.000000,4.000000,0.000000,0.000000,323.262383,0.000000,35.000000,37.272271,False,False,False,True,False,False
0,18200,63852.000000,93356.000000,1.000000,0.000000,0.000000,181.911770,0.000000,31.000000,33.209409,False,False,True,False,False,False
1,18900,61429.000000,84990.000000,8.000000,3.000000,1.000000,166.179399,2.000000,64.000000,40.436705,False,False,False,True,False,False
0,28600,136546.000000,185507.000000,0.000000,0.000000,0.000000,212.314098,3.000000,19.000000,40.516801,False,False,False,True,False,False
0,25800,70804.000000,106892.000000,12.000000,0.000000,0.000000,291.072028,1.000000,33.000000,40.772283,False,False,False,True,False,False
0,15500,127793.000000,158580.000000,7.000000,0.000000,0.000000,229.345075,0.000000,19.000000,39.509681,False,False,False,False,False,False
0,51700,181000.000000,255026.000000,6.000000,0.000000,0.000000,253.742099,1.000000,33.000000,40.017603,False,False,False,True,False,False
0,20300,90048.000000,129230.000000,13.000000,0.000000,0.000000,134.942597,1.000000,25.000000,30.236554,False,False,False,True,False,False
0,33900,232317.000000,38412.000000,2.000000,0.000000,2.000000,213.209651,3.000000,50.000000,42.557829,False,False,False,False,False,False
0,6800,138691.000000,160063.000000,12.000000,0.000000,0.000000,208.420843,0.000000,19.000000,19.333367,True,False,False,True,False,False
1,15000,48786.000000,72500.000000,10.000000,0.000000,0.000000,75.400000,2.000000,9.000000,34.818262,False,False,True,False,False,False
0,16400,86623.000000,124048.000000,7.000000,0.000000,0.000000,173.466667,1.000000,20.000000,35.810769,False,False,True,False,False,False
0,10100,126358.000000,180305.000000,8.000000,0.000000,0.000000,199.350530,1.000000,20.000000,32.033629,False,False,True,False,False,False
0,25000,71700.000000,122500.000000,0.000000,0.000000,0.000000,303.400000,1.000000,24.000000,34.818262,False,True,False,False,False,False
0,20000,81800.000000,106600.000000,24.000000,0.000000,1.000000,313.766667,1.000000,43.000000,34.818262,False,False,False,False,False,False
0,24100,57041.000000,92081.000000,7.000000,0.000000,0.000000,230.059730,0.000000,19.000000,35.896709,False,False,True,False,False,False
0,20600,91180.000000,98088.000000,2.000000,1.000000,0.000000,125.676850,0.000000,20.000000,36.537401,False,False,False,True,False,False
0,12900,52353.000000,62740.000000,2.000000,0.000000,0.000000,167.515516,0.000000,13.000000,37.357581,False,False,True,False,False,False
0,21100,16110.000000,54436.000000,24.000000,0.000000,2.000000,207.207952,1.000000,25.000000,28.093376,False,False,True,False,False,False
0,7400,82412.000000,91326.000000,19.000000,0.000000,1.000000,316.947083,1.000000,24.000000,37.908750,False,False,False,False,False,False
0,13700,27536.000000,45819.000000,7.000000,0.000000,0.000000,73.455766,2.000000,12.000000,28.709193,True,False,True,False,False,False
0,20400,60393.000000,98247.000000,3.000000,0.000000,0.000000,149.571200,0.000000,22.000000,34.342249,False,True,False,False,False,False
0,36200,36974.000000,54452.000000,7.000000,0.000000,0.000000,173.466667,7.000000,0.000000,31.164354,False,False,True,False,False,False
1,12400,45604.000000,65501.000000,9.000000,0.000000,1.000000,70.337531,1.000000,24.000000,35.212181,False,False,True,False,False,False
0,51500,65019.000000,90003.000000,7.000000,0.000000,0.000000,347.802514,0.000000,7.000000,25.324002,True,False,True,False,False,False
0,23100,71680.000000,101492.000000,1.000000,0.000000,0.000000,230.361616,5.000000,24.000000,39.872709,False,False,False,False,False,False
0,14900,97646.000000,139884.000000,13.000000,0.000000,0.000000,119.083116,5.000000,22.000000,36.360597,True,False,False,True,False,False
1,26600,62895.000000,103000.000000,1.000000,0.000000,5.000000,187.466667,2.000000,34.000000,34.818262,False,False,False,False,False,True
0,8800,101717.000000,122299.000000,11.000000,0.000000,0.000000,402.740482,1.000000,49.000000,38.421428,True,False,True,False,False,False
1,10000,20500.000000,54600.000000,15.000000,0.000000,0.000000,160.333333,2.000000,11.000000,34.818262,True,False,False,False,False,True
0,17600,106381.000000,134476.000000,0.000000,0.000000,0.000000,294.073254,0.000000,47.000000,38.581659,False,False,True,False,False,False
1,7800,65019.000000,11702.000000,0.000000,0.000000,0.000000,44.629592,2.000000,7.000000,21.271785,True,False,True,False,False,False
0,26500,65019.000000,38964.000000,11.000000,1.000000,0.000000,102.752902,1.000000,14.000000,20.353582,False,False,True,False,False,False
0,13700,84996.000000,112522.000000,9.000000,0.000000,1.000000,171.953411,0.000000,28.000000,32.843505,True,False,False,True,False,False
0,18100,81916.000000,104048.000000,0.000000,0.000000,0.000000,154.425996,0.000000,18.000000,33.678026,False,False,True,False,False,False
0,10900,59029.000000,76120.000000,2.000000,0.000000,0.000000,231.734144,0.000000,10.000000,36.025684,False,False,True,False,False,False
0,14700,35832.000000,66260.000000,7.000000,0.000000,0.000000,277.794087,0.000000,16.000000,23.705359,False,False,False,True,False,False
0,21100,63955.000000,95621.000000,19.000000,0.000000,0.000000,626.297094,0.000000,24.000000,20.010324,True,False,False,True,False,False
0,14200,46320.000000,62044.000000,6.000000,0.000000,0.000000,106.983896,2.000000,49.000000,29.057908,False,False,True,False,False,False
1,6000,42000.000000,58305.000000,19.000000,0.000000,0.000000,90.000000,2.000000,13.000000,34.818262,False,False,True,False,False,False
1,31500,16000.000000,43040.000000,0.000000,1.000000,1.000000,98.433333,1.000000,11.000000,34.818262,False,False,True,False,False,False
0,50100,35910.000000,64042.000000,4.000000,0.000000,0.000000,187.393580,1.000000,16.000000,30.429247,False,True,False,False,False,False
0,19200,54483.000000,81690.000000,16.000000,0.000000,0.000000,198.702516,0.000000,21.000000,37.749427,False,False,True,False,False,False
0,6400,62746.000000,75016.000000,12.000000,0.000000,0.000000,133.101548,0.000000,20.000000,40.188123,False,False,False,True,False,False
1,15000,54000.000000,72865.000000,2.900000,0.000000,1.000000,145.100000,1.000000,15.000000,34.818262,False,True,False,False,False,False
0,43300,119351.000000,179347.000000,13.000000,0.000000,0.000000,178.951539,0.000000,4.000000,37.980464,False,False,False,False,False,True
1,12400,50573.000000,84008.000000,15.000000,1.000000,0.000000,76.042087,0.000000,7.000000,41.027967,False,False,True,False,False,False
0,22100,36084.000000,84734.000000,25.000000,0.000000,0.000000,257.845729,0.000000,6.000000,24.526003,True,False,True,False,False,False
1,24200,39808.000000,89235.500000,3.000000,1.000000,0.000000,184.725113,0.000000,16.000000,51.630381,False,False,False,False,False,True
0,22300,59809.000000,90883.000000,2.000000,0.000000,0.000000,161.402906,1.000000,22.000000,36.174251,False,True,False,False,False,False
0,22300,65022.000000,104766.000000,8.000000,0.000000,0.000000,117.161815,2.000000,18.000000,38.348663,False,True,False,False,False,False
1,13000,137618.000000,159000.000000,9.000000,2.000000,6.000000,106.533333,6.000000,37.000000,34.818262,False,False,False,True,False,False
0,22500,52000.000000,87250.000000,7.000000,0.000000,0.000000,232.333333,1.000000,20.000000,34.818262,False,False,True,False,False,False
0,40500,66895.000000,113770.000000,14.000000,0.000000,0.000000,188.140417,0.000000,22.000000,38.085328,False,False,False,False,False,False
0,9600,84333.000000,201281.000000,14.000000,0.000000,0.000000,13.213057,1.000000,7.000000,17.825631,True,False,False,False,False,True
0,10200,80969.000000,100937.000000,9.000000,0.000000,0.000000,168.749821,4.000000,21.000000,39.698430,False,False,True,False,False,False
0,17100,117337.000000,131575.000000,16.000000,0.000000,0.000000,177.629432,0.000000,17.000000,39.176432,False,False,True,False,False,False
0,12100,44484.000000,64398.000000,3.000000,0.000000,0.000000,263.044704,0.000000,20.000000,28.803983,False,False,True,False,False,False
0,19800,65021.000000,95188.000000,1.000000,0.000000,0.000000,73.081337,0.000000,16.000000,27.442543,False,False,False,False,False,False
0,4000,65019.000000,45760.000000,0.000000,0.000000,0.000000,173.466667,0.000000,0.000000,34.818262,True,False,True,False,False,False
0,51500,42041.000000,67770.000000,6.000000,0.000000,0.000000,205.656576,1.000000,16.000000,31.029003,False,True,False,False,False,False
0,10300,46609.000000,63812.000000,1.000000,0.000000,0.000000,184.788416,2.000000,13.000000,29.140031,False,False,True,False,False,False
0,7000,58843.000000,75300.000000,1.500000,0.000000,0.000000,103.666667,0.000000,7.000000,34.818262,True,False,True,False,False,False
0,42800,6929.000000,67573.000000,7.000000,0.000000,0.000000,299.380892,0.000000,19.000000,14.042012,True,True,False,False,False,False
1,17500,76100.000000,98500.000000,5.000000,10.000000,1.000000,59.833333,5.000000,16.000000,34.818262,False,False,True,False,False,False
0,26300,65019.000000,37310.000000,26.000000,0.000000,0.000000,92.855129,2.000000,15.000000,27.217029,True,False,True,False,False,False
0,15300,33113.000000,57991.000000,4.000000,0.000000,0.000000,122.578836,1.000000,16.000000,40.569888,False,False,True,False,False,False
0,27600,60039.000000,86166.000000,0.000000,0.000000,0.000000,100.949322,0.000000,23.000000,33.820934,False,True,False,False,False,False
0,22000,142072.000000,181484.000000,6.000000,0.000000,0.000000,162.538640,5.000000,42.000000,41.270820,False,False,False,True,False,False
1,17000,43000.000000,63500.000000,8.000000,0.000000,0.000000,46.666667,3.000000,11.000000,34.818262,False,False,True,False,False,False
1,8000,32100.000000,36739.000000,4.000000,0.000000,0.000000,79.458845,2.000000,8.000000,31.276716,True,False,True,False,False,False
1,15000,89000.000000,122400.000000,1.000000,0.000000,2.000000,136.466667,0.000000,19.000000,34.818262,True,False,False,False,False,False
0,39000,36335.000000,50704.000000,7.000000,0.000000,0.000000,173.466667,7.000000,0.000000,31.244399,False,False,True,False,False,False
0,11000,50178.000000,64427.000000,5.000000,0.000000,0.000000,67.636289,1.000000,11.000000,28.689928,False,False,True,False,False,False
0,6500,75113.000000,115900.000000,29.000000,0.000000,0.000000,332.733333,2.000000,38.000000,34.818262,True,True,False,False,False,False
0,7900,65019.000000,35422.000000,19.000000,0.000000,0.000000,184.390029,0.000000,15.000000,37.836715,True,True,False,False,False,False
0,15900,112973.000000,129878.000000,17.000000,0.000000,0.000000,179.134009,0.000000,17.000000,39.192026,False,False,True,False,False,False
0,13100,65019.000000,47568.000000,0.000000,0.000000,0.000000,319.595937,0.000000,8.000000,25.836785,True,False,True,False,False,False
0,10500,30922.000000,57682.000000,30.000000,0.000000,0.000000,241.460413,0.000000,19.000000,23.237035,False,False,True,False,False,False
0,6600,65019.000000,46516.000000,0.000000,0.000000,0.000000,173.466667,0.000000,0.000000,14.845991,True,False,True,False,False,False
0,24000,114196.000000,150000.000000,4.000000,0.000000,0.000000,289.133333,0.000000,25.000000,34.818262,False,False,False,False,False,False
0,11200,66868.000000,107794.000000,10.000000,0.000000,0.000000,152.929828,1.000000,12.000000,39.640829,False,True,False,False,False,False
0,16400,50941.000000,78801.000000,4.000000,0.000000,0.000000,266.040799,2.000000,32.000000,32.904357,False,False,False,True,False,False
0,11900,61094.000000,74842.000000,12.000000,0.000000,0.000000,250.199834,0.000000,26.000000,29.734874,False,False,True,False,False,False
0,6500,22789.000000,35836.000000,1.000000,0.000000,0.000000,110.566667,2.000000,30.000000,34.818262,True,True,False,False,False,False
0,15500,46846.000000,70082.000000,7.000000,0.000000,0.000000,152.168060,2.000000,12.000000,30.131497,False,False,False,True,False,False
0,10700,67065.000000,96171.000000,9.000000,0.000000,0.000000,205.007600,3.000000,28.000000,41.587201,False,True,False,False,False,False
0,21700,187311.000000,230513.000000,2.000000,0.000000,0.000000,270.479040,0.000000,27.000000,38.999232,False,False,False,True,False,False
1,9000,31896.000000,46195.000000,25.000000,0.000000,2.000000,122.389155,3.000000,16.000000,36.681652,True,False,True,False,False,False
0,21000,64100.000000,85100.000000,3.500000,0.000000,0.000000,97.633333,2.000000,30.000000,34.818262,False,False,True,False,False,False
0,16700,51310.000000,76704.000000,2.000000,0.000000,2.000000,271.651948,0.000000,10.000000,37.630057,False,False,True,False,False,False
0,29200,99600.000000,143000.000000,15.000000,0.000000,0.000000,232.333333,1.000000,40.000000,34.818262,False,False,True,False,False,False
0,37600,33388.000000,71282.000000,4.000000,0.000000,0.000000,202.112568,2.000000,18.000000,25.196524,False,False,False,True,False,False
0,27500,23439.000000,47177.000000,25.000000,0.000000,0.000000,112.894507,0.000000,11.000000,23.022894,False,False,True,False,False,False
0,15700,64625.000000,93272.000000,0.000000,0.000000,0.000000,178.891388,0.000000,24.000000,23.744068,False,True,False,False,False,False
1,8900,33208.000000,75000.000000,22.000000,0.000000,3.000000,166.200000,1.000000,33.000000,34.818262,False,False,False,False,False,False
1,20000,143000.000000,185625.000000,1.500000,2.000000,3.000000,73.033333,2.000000,11.000000,34.818262,False,True,False,False,False,False
0,37800,111412.000000,166682.000000,7.000000,0.000000,0.000000,251.956783,3.000000,14.000000,34.883411,False,False,True,False,False,False
0,13600,66754.000000,80156.000000,5.000000,0.000000,0.000000,238.621820,3.000000,26.000000,31.552707,False,False,True,False,False,False
0,34800,138680.000000,190729.000000,21.000000,0.000000,0.000000,198.123334,0.000000,21.000000,35.577239,False,False,False,True,False,False
1,5600,5000.000000,66700.000000,31.000000,1.000000,1.000000,204.066667,0.000000,11.000000,34.818262,True,False,True,False,False,False
0,16500,51758.000000,138693.000000,2.000000,0.000000,0.000000,283.069841,5.000000,43.000000,39.716771,False,False,True,False,False,False
0,5500,87765.000000,101053.000000,22.000000,0.000000,0.000000,55.558049,2.000000,13.000000,31.375542,False,False,False,True,False,False
0,12600,71370.000000,90316.000000,26.000000,0.000000,0.000000,162.357441,2.000000,14.000000,39.875484,True,True,False,False,False,False
0,18600,43438.000000,69441.000000,1.000000,0.000000,0.000000,229.274449,0.000000,11.000000,35.800071,False,True,False,False,False,False
0,18700,37883.000000,64763.000000,25.000000,0.000000,0.000000,236.996837,0.000000,13.000000,23.621203,True,False,True,False,False,False
0,22800,76502.000000,101288.000000,20.000000,0.000000,0.000000,188.077722,0.000000,12.000000,40.351902,False,False,True,False,False,False
1,17000,48000.000000,69000.000000,25.000000,0.000000,0.000000,351.033333,3.000000,24.000000,34.818262,False,True,False,False,False,False
1,10800,24182.000000,39750.000000,2.000000,0.000000,0.000000,176.833333,0.000000,36.000000,34.818262,False,False,False,True,False,False
0,10800,32870.000000,61572.000000,7.000000,0.000000,0.000000,173.466667,1.000000,20.000000,38.490247,False,False,False,False,False,False
0,20000,66820.000000,100000.000000,5.000000,0.000000,0.000000,217.266667,1.000000,13.000000,34.818262,True,False,True,False,False,False
0,11100,67366.000000,102936.000000,9.000000,0.000000,0.000000,213.281496,0.000000,20.000000,19.078651,False,False,True,False,False,False
1,29000,79000.000000,89235.500000,8.000000,0.000000,1.000000,189.700000,1.000000,33.000000,34.818262,True,False,False,True,False,False
0,16800,50050.000000,140222.000000,4.000000,0.000000,0.000000,272.499835,5.000000,43.000000,40.033378,False,False,True,False,False,False
0,6100,47604.000000,54966.000000,5.000000,0.000000,0.000000,70.695330,0.000000,18.000000,24.766745,True,False,True,False,False,False
0,16300,84480.000000,101243.000000,30.000000,0.000000,0.000000,337.342304,2.000000,49.000000,35.412870,False,True,False,False,False,False
0,8700,79062.000000,98038.000000,4.000000,0.000000,0.000000,139.264034,0.000000,26.000000,33.578036,False,False,False,True,False,False
1,7500,65019.000000,89235.500000,21.000000,0.000000,0.000000,158.900000,1.000000,21.000000,34.818262,True,False,True,False,False,False
1,9100,78369.000000,92000.000000,0.200000,0.000000,0.000000,180.833333,3.000000,35.000000,34.818262,False,False,False,False,True,False
1,18000,57988.000000,86970.000000,16.000000,0.000000,0.000000,165.333333,2.000000,14.000000,34.818262,False,False,True,False,False,False
1,13600,70000.000000,88000.000000,16.000000,0.000000,0.000000,173.466667,0.000000,0.000000,34.818262,False,False,False,False,False,False
0,18700,87958.000000,114696.000000,20.000000,0.000000,0.000000,301.912295,0.000000,17.000000,24.415220,False,False,True,False,False,False
0,18000,46865.000000,61266.000000,5.000000,0.000000,0.000000,102.594674,2.000000,9.000000,26.353753,False,False,True,False,False,False
0,12500,17659.000000,31843.000000,7.000000,0.000000,1.000000,107.741095,0.000000,16.000000,19.300854,False,True,False,False,False,False
0,25900,145700.000000,211151.000000,6.000000,0.000000,0.000000,182.171372,1.000000,27.000000,38.480485,True,False,False,True,False,False
1,8900,147801.000000,157335.000000,4.000000,0.000000,0.000000,85.574866,4.000000,21.000000,34.756560,True,False,True,False,False,False
1,20000,122000.000000,166100.000000,2.600000,0.000000,2.000000,206.966667,1.000000,18.000000,34.818262,False,False,False,True,False,False
0,30600,35332.000000,71898.000000,10.000000,0.000000,0.000000,115.210896,1.000000,24.000000,33.071350,False,False,True,False,False,False
0,10800,70214.000000,83882.000000,4.000000,1.000000,2.000000,172.799301,3.000000,30.000000,38.588824,False,True,False,False,False,False
0,22000,61251.000000,91744.000000,0.000000,0.000000,0.000000,145.489155,0.000000,21.000000,34.347909,False,True,False,False,False,False
0,13500,88738.000000,114815.000000,9.000000,0.000000,0.000000,239.743721,0.000000,12.000000,41.077118,False,True,False,False,False,False
0,17300,51107.000000,64135.000000,4.000000,0.000000,0.000000,115.002195,0.000000,17.000000,32.251086,True,True,False,False,False,False
1,15800,74815.000000,89721.000000,16.000000,0.000000,0.000000,173.466667,0.000000,0.000000,37.984505,False,False,False,False,False,False
0,38600,145590.000000,209950.000000,4.000000,0.000000,0.000000,149.881129,0.000000,31.000000,35.582789,True,False,False,True,False,False
1,15500,38900.000000,60500.000000,8.000000,7.000000,4.000000,95.900000,2.000000,53.000000,34.818262,False,False,True,False,False,False
0,12500,26286.000000,36002.000000,2.000000,0.000000,0.000000,173.466667,1.000000,20.000000,38.438682,False,False,True,False,False,False
0,11100,43167.000000,60209.000000,3.000000,0.000000,1.000000,80.368197,0.000000,20.000000,37.490799,False,False,True,False,False,False
0,11000,65019.000000,56851.000000,10.000000,0.000000,0.000000,308.435649,2.000000,13.000000,31.075617,True,False,True,False,False,False
1,15000,33000.000000,89235.500000,0.900000,7.000000,5.000000,144.866667,0.000000,20.000000,34.818262,False,False,True,False,False,False
0,10600,81151.000000,200459.000000,14.000000,0.000000,0.000000,9.534143,1.000000,7.000000,21.223214,True,False,False,False,False,True
1,22400,51470.000000,68139.000000,9.000000,0.000000,0.000000,31.168696,2.000000,8.000000,37.952180,False,False,False,False,False,False
0,23200,184526.000000,237546.000000,2.000000,0.000000,0.000000,291.633415,0.000000,26.000000,39.483914,False,False,False,True,False,False
0,13300,44509.000000,72292.000000,3.000000,0.000000,0.000000,208.920694,3.000000,17.000000,37.055725,True,False,False,True,False,False
0,10600,28264.000000,86546.000000,20.000000,0.000000,0.000000,244.140509,0.000000,11.000000,24.202350,True,False,False,True,False,False
0,11100,72402.000000,86584.000000,8.000000,0.000000,0.000000,102.972079,0.000000,22.000000,29.655713,False,False,False,False,False,False
1,15000,399550.000000,89235.500000,0.900000,0.000000,0.000000,138.166667,1.000000,18.000000,34.818262,True,False,False,False,False,False
1,3200,54000.000000,64850.000000,1.000000,0.000000,0.000000,121.866667,3.000000,21.000000,34.818262,True,False,True,False,False,False
0,26600,140561.000000,208775.000000,5.000000,0.000000,0.000000,197.524102,1.000000,27.000000,36.878389,True,False,False,True,False,False
1,34400,155536.000000,169503.000000,10.000000,0.000000,0.000000,107.709923,4.000000,32.000000,58.826930,False,True,False,False,False,False
0,9000,47350.860000,105000.000000,6.000000,0.000000,1.000000,227.266667,0.000000,10.000000,34.818262,False,False,False,True,False,False
1,22600,155056.000000,187000.000000,0.100000,0.000000,0.000000,253.600000,0.000000,27.000000,34.818262,False,False,False,False,False,False
0,24400,91316.000000,147837.000000,23.000000,0.000000,0.000000,170.056749,0.000000,24.000000,42.668455,False,False,False,True,False,False
0,12500,71582.000000,93400.000000,6.000000,3.000000,0.000000,74.066667,1.000000,21.000000,34.818262,False,False,True,False,False,False
0,18100,89454.000000,119019.000000,13.000000,0.000000,0.000000,127.246196,1.000000,8.000000,37.525273,False,False,True,False,False,False
0,52700,65019.000000,80747.000000,10.000000,0.000000,0.000000,174.125616,0.000000,21.000000,25.264448,True,False,False,False,False,True
1,2900,7750.000000,67996.000000,16.000000,3.000000,0.000000,122.204663,2.000000,8.000000,36.211348,True,False,True,False,False,False
0,15300,57840.000000,86903.000000,0.000000,0.000000,0.000000,110.827224,4.000000,11.000000,38.826178,False,False,True,False,False,False
0,13900,80960.000000,100730.000000,0.000000,0.000000,0.000000,153.087556,0.000000,22.000000,40.195307,False,False,True,False,False,False
1,25000,191600.000000,231000.000000,7.000000,0.000000,3.000000,106.800000,1.000000,27.000000,34.818262,False,False,True,False,False,False
1,38000,94083.000000,132791.000000,10.000000,0.000000,1.000000,212.992728,0.000000,64.000000,62.801732,False,False,False,False,False,True
0,19500,92663.000000,152627.000000,3.000000,0.000000,0.000000,106.712628,0.000000,16.000000,35.367657,True,False,False,True,False,False
0,11300,62168.000000,80681.000000,6.000000,0.000000,0.000000,117.376229,0.000000,34.000000,27.694521,False,False,False,False,True,False
0,26100,65019.000000,120470.000000,7.000000,0.000000,0.000000,161.287672,0.000000,27.000000,34.130004,False,False,False,False,False,False
0,7700,53377.000000,86018.000000,16.000000,0.000000,0.000000,187.194011,0.000000,28.000000,24.217658,True,False,True,False,False,False
1,8000,33689.300000,48000.000000,3.000000,0.000000,0.000000,103.733333,0.000000,13.000000,34.818262,False,False,True,False,False,False
0,24500,67336.000000,96060.000000,8.000000,0.000000,1.000000,142.344250,3.000000,25.000000,35.979856,False,False,False,True,False,False
0,20000,9647.000000,31920.000000,0.000000,1.000000,0.000000,24.686231,1.000000,3.000000,28.940360,False,False,True,False,False,False
1,13300,45860.000000,63500.000000,7.000000,0.000000,0.000000,127.766667,4.000000,9.000000,34.818262,True,False,False,True,False,False
1,2800,50795.000000,63100.000000,26.000000,2.000000,15.000000,145.633333,3.000000,45.000000,34.818262,True,False,False,False,False,True
0,24200,242111.000000,266670.000000,6.000000,1.000000,0.000000,243.003129,3.000000,51.000000,36.575388,True,False,False,False,False,True
0,15500,116543.000000,133986.000000,17.000000,0.000000,0.000000,164.681358,1.000000,18.000000,37.570820,False,False,True,False,False,False
0,20500,76620.000000,185666.000000,8.000000,0.000000,0.000000,360.640054,1.000000,16.000000,33.754319,False,False,True,False,False,False
0,59200,43877.000000,74768.000000,5.000000,0.000000,0.000000,102.550317,0.000000,21.000000,31.304267,False,False,True,False,False,False
0,7000,120000.000000,175450.000000,8.000000,0.000000,0.000000,219.166667,1.000000,20.000000,34.818262,False,False,True,False,False,False
0,13900,63831.000000,81378.000000,9.000000,0.000000,0.000000,173.466667,1.000000,20.000000,24.371050,False,False,True,False,False,False
0,20700,61710.000000,86749.000000,2.000000,0.000000,0.000000,114.011839,0.000000,16.000000,40.762149,False,False,True,False,False,False
0,21300,99613.000000,147991.000000,7.000000,0.000000,0.000000,173.466667,1.000000,20.000000,38.497561,True,False,True,False,False,False
0,31200,124295.000000,176185.000000,12.000000,0.000000,0.000000,171.214416,1.000000,27.000000,43.176819,False,False,False,False,False,False
1,6700,65019.000000,81239.000000,19.000000,0.000000,0.000000,173.466667,1.000000,20.000000,40.894932,True,False,True,False,False,False
0,16700,31135.000000,60478.000000,14.000000,0.000000,0.000000,105.133271,0.000000,18.000000,39.122997,False,False,True,False,False,False
0,15500,88929.000000,115249.000000,0.000000,0.000000,2.000000,156.130914,0.000000,34.000000,32.033870,False,False,False,True,False,False
0,19900,132878.000000,199172.000000,14.000000,0.000000,0.000000,197.923806,0.000000,22.000000,35.330604,True,False,False,True,False,False
0,33700,142468.000000,195770.000000,22.000000,0.000000,0.000000,200.860737,1.000000,22.000000,36.505271,False,False,False,True,False,False
0,21000,87000.000000,140000.000000,22.000000,1.000000,0.000000,163.366667,1.000000,25.000000,34.818262,False,False,False,True,False,False
0,28300,65019.000000,29512.000000,24.000000,0.000000,0.000000,78.109070,2.000000,14.000000,30.513283,True,False,True,False,False,False
0,17200,89507.000000,121047.000000,14.000000,0.000000,0.000000,118.866134,1.000000,9.000000,34.602827,False,False,True,False,False,False
1,25000,110676.000000,89235.500000,8.000000,2.000000,0.000000,119.366667,0.000000,6.000000,34.818262,False,False,False,False,True,False
1,15800,42504.000000,64847.000000,7.000000,0.000000,0.000000,120.738013,2.000000,18.000000,36.834458,True,False,True,False,False,False
0,15000,96983.000000,140487.000000,15.000000,0.000000,0.000000,132.421919,4.000000,21.000000,35.348486,True,False,False,True,False,False
0,11900,28329.000000,80963.000000,21.000000,0.000000,0.000000,239.457118,0.000000,10.000000,24.534997,True,False,False,True,False,False
0,13400,102700.000000,121216.000000,3.000000,0.000000,0.000000,124.564018,1.000000,25.000000,34.953279,False,False,True,False,False,False
0,42900,101731.000000,155688.000000,14.000000,0.000000,1.000000,235.352057,3.000000,30.000000,43.181424,False,False,True,False,False,False
1,25000,71081.000000,112500.000000,3.000000,2.000000,0.000000,87.200000,1.000000,27.000000,34.818262,False,False,False,False,False,False
0,20200,35819.000000,49843.000000,4.000000,0.000000,0.000000,121.102230,1.000000,11.000000,27.037513,True,False,False,False,False,True
0,80600,16337.000000,109370.000000,28.000000,0.000000,0.000000,137.439991,0.000000,14.000000,34.202005,True,False,True,False,False,False
0,18300,26982.000000,59552.000000,15.000000,0.000000,0.000000,183.614415,1.000000,19.000000,36.299618,False,False,False,True,False,False
1,20500,25984.000000,95541.000000,28.000000,1.000000,5.000000,248.404878,0.000000,21.000000,17.805849,False,False,True,False,False,False
0,24800,82670.000000,106563.000000,8.000000,0.000000,0.000000,302.984432,2.000000,28.000000,30.956486,False,False,False,False,False,False
0,10800,98568.000000,121994.000000,15.000000,0.000000,0.000000,270.265165,0.000000,16.000000,33.658292,False,True,False,False,False,False
0,13200,15346.000000,30809.000000,7.000000,0.000000,1.000000,89.652536,0.000000,16.000000,18.105282,False,True,False,False,False,False
0,25100,137489.000000,168216.000000,7.000000,1.000000,0.000000,211.208981,1.000000,20.000000,34.767949,False,False,True,False,False,False
0,12500,50097.000000,73846.000000,1.000000,0.000000,0.000000,267.865458,0.000000,20.000000,29.159609,False,False,True,False,False,False
0,4700,53918.000000,59511.000000,6.000000,0.000000,0.000000,54.136477,1.000000,15.000000,34.416508,False,False,True,False,False,False
0,22500,136086.000000,180804.000000,26.000000,0.000000,4.000000,329.407237,1.000000,27.000000,33.031416,False,False,False,False,False,False
0,23900,16082.000000,31196.000000,17.000000,2.000000,0.000000,123.368646,1.000000,19.000000,26.716257,False,False,True,False,False,False
0,13900,127259.000000,194233.000000,1.000000,0.000000,1.000000,341.643502,0.000000,16.000000,40.107659,True,True,False,False,False,False
0,18000,50409.000000,78404.000000,9.000000,0.000000,0.000000,191.282079,0.000000,42.000000,39.483024,False,False,False,True,False,False
0,29200,116202.000000,160084.000000,6.000000,0.000000,0.000000,124.121462,3.000000,26.000000,32.644530,False,False,False,True,False,False
0,51600,31536.000000,81233.000000,2.000000,1.000000,0.000000,267.134374,6.000000,13.000000,40.155031,True,False,True,False,False,False
0,10400,21235.000000,40116.000000,3.000000,0.000000,0.000000,173.466667,1.000000,20.000000,36.905414,False,False,True,False,False,False
1,26100,73525.000000,89235.500000,3.000000,1.000000,0.000000,106.652298,0.000000,6.000000,22.508173,False,True,False,False,False,False
0,24700,55435.000000,89663.000000,7.000000,0.000000,0.000000,252.622069,2.000000,26.000000,34.741848,False,False,False,False,False,False
0,22800,52644.000000,96376.000000,7.000000,0.000000,0.000000,238.380145,0.000000,19.000000,34.946701,False,False,True,False,False,False
1,18800,73396.000000,137076.000000,18.000000,0.000000,1.000000,163.592045,4.000000,20.000000,40.375372,False,True,False,False,False,False
0,28700,137247.000000,186685.000000,0.000000,0.000000,0.000000,110.495002,1.000000,39.000000,30.859724,False,False,False,False,False,False
0,11100,53232.000000,86703.000000,16.000000,0.000000,0.000000,183.206207,0.000000,29.000000,26.874890,True,False,True,False,False,False
0,32300,14163.000000,60626.000000,0.000000,0.000000,0.000000,109.031088,1.000000,6.000000,36.501087,False,False,True,False,False,False
0,16200,86021.000000,113030.000000,20.000000,0.000000,0.000000,284.159767,0.000000,17.000000,26.650165,False,False,True,False,False,False
0,23000,48003.000000,64720.000000,4.000000,0.000000,0.000000,160.606046,1.000000,26.000000,33.629923,False,True,False,False,False,False
0,68100,193298.000000,288525.000000,10.000000,0.000000,0.000000,228.287295,2.000000,25.000000,30.395869,False,False,False,False,False,True
0,17200,17234.000000,43310.000000,1.000000,0.000000,0.000000,215.607541,0.000000,15.000000,38.318515,False,True,False,False,False,False
0,64900,69786.000000,148769.000000,10.000000,0.000000,0.000000,129.084479,0.000000,11.000000,43.519943,True,True,False,False,False,False
0,35000,239058.000000,40848.000000,4.000000,0.000000,1.000000,212.015406,3.000000,49.000000,40.131815,False,False,False,False,False,False
0,27200,61000.000000,104044.000000,16.000000,0.000000,1.000000,141.981234,0.000000,30.000000,39.546508,False,False,True,False,False,False
0,5600,76407.000000,77485.000000,9.000000,0.000000,0.000000,91.683771,0.000000,24.000000,37.773351,True,False,True,False,False,False
1,47000,159500.000000,230000.000000,3.000000,0.000000,0.000000,173.466667,0.000000,0.000000,34.818262,False,True,False,False,False,False
0,23500,190239.000000,233603.000000,3.000000,0.000000,0.000000,285.331293,0.000000,27.000000,39.916483,False,False,False,True,False,False
0,23700,104752.000000,143913.000000,7.000000,0.000000,0.000000,173.466667,1.000000,20.000000,36.761014,True,False,True,False,False,False
0,14500,67956.000000,80318.000000,1.000000,0.000000,0.000000,233.397273,2.000000,26.000000,31.316415,False,False,True,False,False,False
0,22500,44228.000000,86872.000000,24.000000,0.000000,0.000000,256.286919,1.000000,6.000000,26.853259,True,False,True,False,False,False
1,19000,42000.000000,64000.000000,9.000000,0.000000,0.000000,30.466667,3.000000,8.000000,34.818262,False,False,False,False,False,False
0,42800,100919.000000,158981.000000,14.000000,0.000000,1.000000,221.117818,4.000000,30.000000,42.581615,False,False,True,False,False,False
0,21400,7259.000000,24770.000000,7.000000,0.000000,0.000000,62.263566,2.000000,18.000000,41.576701,False,False,True,False,False,False
0,22100,69697.000000,102155.000000,13.000000,0.000000,0.000000,164.784947,0.000000,28.000000,36.278474,True,False,False,False,False,False
0,8500,73752.000000,87931.000000,21.000000,1.000000,1.000000,291.620378,0.000000,24.000000,39.003141,False,False,False,False,False,False
0,13400,53294.000000,69042.000000,0.000000,0.000000,0.000000,214.362043,0.000000,9.000000,36.309550,False,False,True,False,False,False
0,8500,73208.000000,88588.000000,10.000000,0.000000,0.000000,114.552582,0.000000,23.000000,30.082489,False,False,False,False,False,False
0,10600,56352.000000,75277.000000,5.000000,0.000000,0.000000,98.377278,2.000000,15.000000,26.242394,False,True,False,False,False,False
0,13700,77824.000000,94840.000000,6.000000,0.000000,0.000000,195.042185,3.000000,19.000000,43.335347,False,False,True,False,False,False
1,7300,60890.000000,75785.000000,6.000000,0.000000,1.000000,45.966667,0.000000,13.000000,34.818262,False,False,True,False,False,False
0,28000,59775.000000,87390.000000,8.000000,0.000000,0.000000,138.486477,3.000000,30.000000,41.543805,False,False,True,False,False,False
0,18100,95322.000000,119643.000000,2.000000,0.000000,0.000000,313.603387,1.000000,20.000000,42.119285,True,False,False,False,False,False
0,11400,28043.000000,87684.000000,20.000000,1.000000,1.000000,229.177959,0.000000,10.000000,25.489995,True,False,False,True,False,False
0,25000,140000.000000,183600.000000,12.600000,0.000000,1.000000,148.133333,0.000000,37.000000,34.818262,False,False,False,True,False,False
0,8700,60237.000000,69891.000000,3.000000,0.000000,0.000000,321.274829,0.000000,9.000000,32.280314,False,False,True,False,False,False
0,14200,64235.000000,76965.000000,9.000000,0.000000,0.000000,173.466667,1.000000,20.000000,24.835958,False,False,True,False,False,False
0,27400,41370.000000,70528.000000,18.000000,0.000000,0.000000,180.204345,1.000000,21.000000,33.495089,False,True,False,False,False,False
0,8200,76268.000000,89166.000000,23.000000,0.000000,0.000000,341.855347,1.000000,46.000000,29.869577,True,False,True,False,False,False
0,13100,61853.000000,73480.000000,13.000000,0.000000,0.000000,258.937154,0.000000,26.000000,28.730851,False,False,True,False,False,False
0,25100,26889.000000,47061.000000,28.000000,0.000000,0.000000,318.901333,1.000000,13.000000,31.324566,False,False,True,False,False,False
0,31600,11478.000000,66275.000000,1.000000,0.000000,0.000000,97.198634,1.000000,5.000000,35.945206,False,False,True,False,False,False
0,21700,29500.000000,53943.000000,14.000000,0.000000,0.000000,185.682080,1.000000,19.000000,37.751546,False,False,False,True,False,False
1,7000,64300.000000,119500.000000,1.000000,1.000000,0.000000,54.833333,0.000000,8.000000,34.818262,True,False,True,False,False,False
0,14800,30282.000000,61986.000000,7.000000,0.000000,0.000000,249.248805,0.000000,16.000000,21.009281,False,False,False,True,False,False
0,16000,42000.000000,63400.000000,3.500000,0.000000,0.000000,123.800000,0.000000,18.000000,34.818262,True,True,False,False,False,False
0,14900,51219.000000,144894.000000,1.000000,0.000000,0.000000,275.283116,5.000000,42.000000,39.323885,False,False,True,False,False,False
0,26400,43781.000000,66030.000000,17.000000,0.000000,0.000000,184.384954,2.000000,21.000000,31.489906,False,True,False,False,False,False
0,11700,52650.000000,63646.000000,0.000000,1.000000,0.000000,194.761000,1.000000,13.000000,27.610844,False,False,True,False,False,False
0,26800,145745.000000,211400.000000,6.000000,0.000000,0.000000,184.711635,1.000000,27.000000,39.848391,True,False,False,True,False,False
1,44400,67272.000000,130818.000000,9.000000,0.000000,0.000000,112.591851,0.000000,12.000000,43.680965,True,False,True,False,False,False
1,12400,94000.000000,112000.000000,4.000000,0.000000,0.000000,173.466667,0.000000,0.000000,34.818262,False,False,False,False,False,False
0,27700,76055.000000,126560.000000,0.000000,0.000000,0.000000,310.626334,1.000000,23.000000,38.983558,False,True,False,False,False,False
0,2300,102370.000000,120953.000000,2.000000,0.000000,0.000000,90.992533,0.000000,13.000000,31.588503,True,True,False,False,False,False
0,10000,68807.000000,76581.000000,14.000000,0.000000,0.000000,237.647894,0.000000,32.000000,42.335574,True,True,False,False,False,False
0,13600,112223.000000,144451.000000,0.000000,0.000000,0.000000,259.733117,1.000000,45.000000,35.310217,False,False,False,True,False,False
0,69000,197587.000000,295551.000000,10.000000,0.000000,0.000000,211.776391,3.000000,24.000000,30.356857,False,False,False,False,False,True
0,12900,39401.000000,53758.000000,22.000000,0.000000,0.000000,118.646375,0.000000,23.000000,38.689441,True,False,True,False,False,False
1,16000,20000.000000,60000.000000,11.000000,0.000000,0.000000,51.033333,0.000000,9.000000,34.818262,True,False,True,False,False,False
0,24400,109253.000000,158257.000000,17.000000,0.000000,0.000000,193.965287,0.000000,25.000000,34.594493,False,False,False,False,False,False
0,15000,100000.000000,115000.000000,1.000000,0.000000,0.000000,128.866667,0.000000,30.000000,34.818262,False,False,False,True,False,False
0,15400,65019.000000,43899.000000,0.000000,0.000000,0.000000,324.551741,1.000000,9.000000,27.779561,True,False,True,False,False,False
1,9100,28550.000000,40300.000000,5.000000,0.000000,0.000000,109.535636,7.000000,33.000000,23.082905,True,False,True,False,False,False
0,53900,65019.000000,91309.000000,7.000000,0.000000,0.000000,349.795748,0.000000,6.000000,22.061330,True,False,True,False,False,False
0,11200,19496.000000,73140.000000,20.000000,0.000000,1.000000,399.242692,1.000000,12.000000,23.374505,False,False,False,True,False,False
1,1500,13500.000000,16700.000000,4.000000,0.000000,0.000000,149.466667,1.000000,10.000000,34.818262,True,False,True,False,False,False
0,18500,23618.000000,37539.000000,1.000000,0.000000,0.000000,199.723777,0.000000,15.000000,36.982729,False,True,False,False,False,False
0,10500,76729.000000,102287.000000,5.000000,0.000000,0.000000,89.062699,1.000000,33.000000,38.447659,True,False,False,True,False,False
0,22900,41130.000000,81069.000000,8.000000,0.000000,0.000000,276.087619,0.000000,19.000000,38.501407,False,False,False,True,False,False
0,10800,199000.000000,226000.000000,11.000000,0.000000,0.000000,236.366667,0.000000,22.000000,34.818262,True,False,False,True,False,False
0,25200,22773.000000,72541.000000,7.000000,1.000000,2.000000,92.583557,1.000000,26.000000,30.420915,False,False,True,False,False,False
0,21000,81848.000000,109860.000000,7.000000,0.000000,0.000000,173.786162,1.000000,24.000000,40.057527,False,False,True,False,False,False
1,19000,15100.000000,23200.000000,3.200000,1.000000,1.000000,64.900000,3.000000,21.000000,34.818262,True,False,True,False,False,False
0,18300,90337.000000,103864.000000,3.000000,0.000000,0.000000,118.534587,0.000000,25.000000,39.720489,True,False,False,True,False,False
0,10400,63505.000000,75811.000000,3.000000,0.000000,0.000000,182.092072,2.000000,17.000000,33.690786,False,False,True,False,False,False
1,10300,70147.000000,122124.000000,1.000000,0.000000,0.000000,58.895686,0.000000,7.000000,57.995019,True,False,True,False,False,False
1,11700,62400.000000,78000.000000,20.000000,0.000000,0.000000,216.066667,2.000000,24.000000,34.818262,False,True,False,False,False,False
0,1700,97800.000000,112000.000000,3.000000,0.000000,0.000000,93.333333,0.000000,14.000000,34.818262,True,True,False,False,False,False
0,21200,55203.000000,90639.000000,17.000000,0.000000,0.000000,196.933749,1.000000,21.000000,32.913874,False,False,True,False,False,False
0,11400,51203.000000,60716.000000,2.000000,0.000000,0.000000,99.104083,0.000000,20.000000,38.235313,False,False,True,False,False,False
0,12800,11986.000000,48309.000000,23.000000,0.000000,0.000000,265.227061,0.000000,20.000000,28.493862,True,True,False,False,False,False
1,16900,73128.000000,101683.000000,26.000000,0.000000,0.000000,254.191797,0.000000,45.000000,38.512309,False,False,False,False,True,False
0,6700,48430.000000,64358.000000,0.000000,1.000000,0.000000,108.351747,1.000000,13.000000,38.894195,True,False,True,False,False,False
0,8400,80490.000000,93028.000000,0.000000,0.000000,0.000000,173.466667,1.000000,20.000000,29.473761,False,False,False,True,False,False
0,13200,93254.000000,125738.000000,3.000000,0.000000,3.000000,156.545451,0.000000,25.000000,42.736666,True,False,False,False,False,False
0,42100,17852.000000,65877.000000,18.000000,0.000000,0.000000,201.430270,1.000000,30.000000,43.195194,False,False,True,False,False,False
0,14000,42767.000000,60950.000000,7.000000,0.000000,1.000000,117.666667,3.000000,49.000000,34.818262,False,False,True,False,False,False
0,18600,48711.000000,69611.000000,2.000000,0.000000,0.000000,130.253134,0.000000,17.000000,33.691188,True,True,False,False,False,False
0,14100,86996.000000,108452.000000,19.000000,0.000000,0.000000,134.993252,4.000000,24.000000,29.778946,True,False,True,False,False,False
0,40700,11541.000000,64714.000000,7.000000,1.000000,0.000000,298.648532,0.000000,19.000000,16.530281,True,True,False,False,False,False
0,12600,85335.000000,97094.000000,2.000000,0.000000,0.000000,116.086609,1.000000,32.000000,40.845246,False,False,True,False,False,False
0,21600,77139.000000,185494.000000,11.000000,0.000000,0.000000,358.428424,0.000000,17.000000,33.167431,False,False,True,False,False,False
0,8200,79751.000000,125413.000000,7.000000,0.000000,0.000000,173.466667,1.000000,20.000000,41.985557,True,False,True,False,False,False
0,11400,50166.000000,61395.000000,1.000000,0.000000,0.000000,188.886682,1.000000,12.000000,26.950451,False,False,True,False,False,False
0,13100,73987.000000,106557.000000,9.000000,0.000000,0.000000,149.452529,1.000000,13.000000,37.008527,False,True,False,False,False,False
1,26500,61223.000000,92255.000000,2.000000,0.000000,1.000000,214.032539,0.000000,17.000000,1.855540,False,False,True,False,False,False
0,37900,201996.000000,272874.000000,3.000000,0.000000,0.000000,249.826592,0.000000,32.000000,31.427582,False,False,False,True,False,False
0,16000,56295.000000,77146.000000,0.000000,0.000000,0.000000,190.396407,0.000000,24.000000,31.737034,False,True,False,False,False,False
0,18400,89101.000000,118748.000000,7.000000,0.000000,0.000000,153.849763,2.000000,21.000000,21.762827,False,False,False,True,False,False
0,20600,79590.000000,106014.000000,7.000000,0.000000,0.000000,180.054154,2.000000,25.000000,40.693082,False,False,True,False,False,False
0,10000,22068.000000,49600.000000,0.900000,0.000000,0.000000,247.566667,0.000000,11.000000,34.818262,True,False,True,False,False,False
0,27600,54328.000000,94216.000000,24.000000,1.000000,2.000000,188.393742,1.000000,19.000000,26.833312,False,False,True,False,False,False
0,25100,65633.000000,100776.000000,15.000000,0.000000,1.000000,141.938130,0.000000,29.000000,40.620210,False,False,True,False,False,False
0,16800,115870.000000,130809.000000,15.000000,0.000000,0.000000,177.632282,0.000000,17.000000,39.567208,False,False,True,False,False,False
1,15000,65019.000000,89235.500000,1.000000,1.000000,0.000000,108.533333,0.000000,22.000000,34.818262,True,False,True,False,False,False
1,15600,63500.000000,80000.000000,0.200000,3.000000,0.000000,104.566667,2.000000,20.000000,34.818262,False,False,False,False,True,False
1,12000,28298.000000,72000.000000,8.000000,0.000000,0.000000,105.500000,2.000000,22.000000,34.818262,False,False,True,False,False,False
0,24000,239568.000000,266430.000000,7.000000,0.000000,0.000000,243.732417,3.000000,50.000000,35.871959,True,False,False,False,False,True
0,22900,65019.000000,81255.000000,3.000000,0.000000,0.000000,405.867848,0.000000,22.000000,23.542130,False,False,False,False,True,False
0,12600,32742.000000,41299.000000,10.000000,0.000000,1.000000,170.407106,7.000000,29.000000,37.802670,False,False,True,False,False,False
0,14200,60570.000000,74648.000000,2.000000,0.000000,0.000000,137.841105,2.000000,35.000000,40.289761,False,False,False,True,False,False
0,23900,90244.000000,120751.000000,3.000000,0.000000,0.000000,194.987252,1.000000,26.000000,35.406060,False,False,False,False,False,True
0,12900,59191.000000,72716.000000,2.000000,0.000000,0.000000,175.170441,1.000000,17.000000,35.558171,False,False,True,False,False,False
0,16400,62018.000000,91832.000000,9.000000,0.000000,0.000000,202.322500,0.000000,19.000000,20.380464,False,False,False,True,False,False
0,14800,49000.000000,98900.000000,0.100000,0.000000,3.000000,51.666667,1.000000,10.000000,34.818262,True,False,True,False,False,False
0,8700,51033.000000,58513.000000,2.000000,0.000000,0.000000,181.869751,0.000000,20.000000,37.879278,False,True,False,False,False,False
0,13500,59352.000000,87767.000000,7.000000,0.000000,0.000000,300.579423,0.000000,19.000000,28.118297,True,False,True,False,False,False
0,14400,78965.000000,90729.000000,4.000000,0.000000,0.000000,132.660272,2.000000,26.000000,39.686959,False,False,False,False,False,False
1,27400,113364.000000,146520.000000,16.000000,1.000000,1.000000,284.368018,2.000000,13.000000,34.627659,True,True,False,False,False,False
0,25000,127491.000000,178453.000000,1.000000,0.000000,0.000000,120.400000,1.000000,39.000000,34.818262,False,False,False,False,False,False
1,22000,96127.000000,122000.000000,24.000000,0.000000,2.000000,301.300000,3.000000,36.000000,34.818262,False,False,False,False,False,False
1,24800,132000.000000,165000.000000,19.000000,0.000000,0.000000,187.666667,4.000000,35.000000,34.818262,False,False,False,False,False,False
0,6500,80739.000000,97630.000000,1.000000,0.000000,0.000000,173.466667,1.000000,20.000000,30.531265,False,False,False,True,False,False
0,28900,75887.000000,117989.000000,4.000000,0.000000,0.000000,92.090542,2.000000,32.000000,40.778888,False,False,True,False,False,False
0,27300,72314.000000,118839.000000,5.000000,0.000000,0.000000,99.693832,1.000000,31.000000,42.343420,False,False,True,False,False,False
0,20500,86236.000000,138729.000000,11.000000,0.000000,0.000000,97.862173,3.000000,14.000000,38.699441,False,False,True,False,False,False
0,15700,95128.000000,122248.000000,10.000000,0.000000,0.000000,171.021782,0.000000,27.000000,36.332600,False,False,True,False,False,False
0,10400,57816.000000,82047.000000,3.000000,0.000000,1.000000,176.656895,0.000000,12.000000,30.674205,True,False,True,False,False,False
0,10900,49406.000000,83074.000000,1.000000,0.000000,1.000000,191.815123,0.000000,13.000000,30.124556,True,False,True,False,False,False
0,89000,54576.000000,92937.000000,16.000000,0.000000,0.000000,208.692070,0.000000,15.000000,35.859971,False,False,True,False,False,False
1,2000,32700.000000,46740.000000,3.000000,0.000000,2.000000,216.933333,1.000000,12.000000,34.818262,True,False,True,False,False,False
0,13600,12724.000000,52016.000000,24.000000,0.000000,1.000000,269.628711,0.000000,19.000000,28.172426,True,True,False,False,False,False
0,22400,40605.000000,76986.000000,9.000000,0.000000,0.000000,276.275914,0.000000,19.000000,39.730193,False,False,False,True,False,False
0,5500,70481.000000,82446.000000,8.000000,0.000000,1.000000,116.591977,0.000000,24.000000,37.612683,True,False,True,False,False,False
0,32900,37265.000000,76154.000000,7.000000,0.000000,0.000000,128.731143,1.000000,23.000000,34.857977,False,False,True,False,False,False
0,33300,19675.000000,47894.000000,6.000000,0.000000,0.000000,42.435280,0.000000,7.000000,36.668617,False,False,False,False,False,False
0,46900,91672.000000,158953.000000,16.000000,0.000000,0.000000,221.132363,8.000000,19.000000,38.109228,False,False,True,False,False,False
0,18300,109437.000000,114900.000000,1.000000,0.000000,0.000000,138.171851,1.000000,20.000000,38.332317,False,False,True,False,False,False
1,20000,21300.000000,308600.000000,2.000000,1.000000,0.000000,274.900000,0.000000,30.000000,34.818262,True,False,False,True,False,False
0,16200,104896.000000,137950.000000,2.000000,0.000000,0.000000,112.283094,2.000000,15.000000,32.761338,False,True,False,False,False,False
0,30300,36014.000000,76525.000000,14.000000,0.000000,0.000000,88.934469,5.000000,16.000000,34.937272,False,False,False,False,False,False
0,16100,72942.000000,99544.000000,5.000000,2.000000,0.000000,54.945679,1.000000,20.000000,23.282933,False,False,True,False,False,False
1,39000,399412.000000,511164.000000,5.000000,0.000000,0.000000,181.962401,0.000000,21.000000,43.730032,False,False,False,True,False,False
0,23800,65019.000000,55669.000000,7.000000,0.000000,1.000000,308.425126,0.000000,18.000000,37.654075,False,False,True,False,False,False
0,16000,101000.000000,130000.000000,7.500000,0.000000,0.000000,102.500000,0.000000,14.000000,34.818262,False,False,False,True,False,False
0,14700,30210.000000,42751.000000,17.000000,0.000000,0.000000,86.641823,0.000000,17.000000,23.397362,False,False,False,False,False,False
0,14000,65019.000000,58407.000000,8.000000,0.000000,0.000000,107.533333,0.000000,15.000000,34.818262,False,False,True,False,False,False
0,20400,65019.000000,94446.000000,6.000000,0.000000,0.000000,184.824290,1.000000,16.000000,40.775864,True,False,True,False,False,False
0,18300,12169.000000,93564.000000,13.000000,0.000000,1.000000,274.481399,0.000000,23.000000,30.269218,True,False,True,False,False,False
0,23300,91957.000000,135827.000000,7.000000,0.000000,1.000000,203.071688,0.000000,20.000000,27.833356,False,False,False,True,False,False
0,15500,79185.000000,88693.000000,19.000000,0.000000,0.000000,244.207840,10.000000,23.000000,36.339362,False,False,False,False,False,False
0,15500,59316.000000,80837.000000,1.000000,0.000000,0.000000,126.912723,3.000000,11.000000,35.901463,False,False,True,False,False,False
0,21200,67272.000000,107667.000000,5.000000,0.000000,0.000000,224.120441,0.000000,12.000000,30.510532,True,False,True,False,False,False
0,12500,56791.000000,72974.000000,29.000000,0.000000,3.000000,182.066405,0.000000,24.000000,35.691623,True,False,True,False,False,False
0,9600,73000.000000,99600.000000,4.500000,0.000000,1.000000,93.333333,1.000000,34.000000,34.818262,True,False,False,True,False,False
1,13900,103030.000000,114131.000000,3.000000,0.000000,0.000000,173.466667,0.000000,0.000000,38.394222,False,False,False,False,False,False
0,18200,68743.000000,92112.000000,0.000000,0.000000,0.000000,95.343765,0.000000,16.000000,26.692667,False,False,False,False,False,False
1,19300,152000.000000,182000.000000,1.000000,0.000000,0.000000,173.466667,1.000000,20.000000,34.818262,True,False,False,False,False,True
0,8400,39677.000000,54707.000000,10.000000,0.000000,0.000000,203.242965,1.000000,23.000000,31.217710,False,True,False,False,False,False
1,15000,166000.000000,182175.000000,3.500000,4.000000,0.000000,74.066667,2.000000,14.000000,34.818262,False,False,True,False,False,False
0,11700,63724.000000,82252.000000,13.000000,0.000000,0.000000,233.248879,3.000000,37.000000,40.075276,False,True,False,False,False,False
0,11600,64510.000000,71105.000000,5.000000,0.000000,0.000000,150.263332,1.000000,34.000000,43.239187,False,False,False,True,False,False
0,14500,35799.000000,51720.000000,10.000000,0.000000,0.000000,123.218105,1.000000,9.000000,18.324935,True,False,True,False,False,False
0,19200,153722.000000,199812.000000,13.000000,0.000000,0.000000,121.942916,0.000000,24.000000,29.802859,False,False,False,True,False,False
0,24000,16997.000000,45000.000000,25.000000,0.000000,0.000000,118.666667,1.000000,11.000000,34.818262,False,False,True,False,False,False
0,51100,178810.000000,252724.000000,6.000000,0.000000,0.000000,252.985072,2.000000,32.000000,39.351893,False,False,False,True,False,False
1,10900,65019.000000,16365.000000,7.000000,0.000000,0.000000,59.548703,1.000000,2.000000,24.195904,True,False,True,False,False,False
0,22200,9709.000000,33926.000000,0.000000,0.000000,0.000000,28.523783,1.000000,3.000000,29.599780,False,False,True,False,False,False
0,14400,45516.000000,63924.000000,7.000000,0.000000,0.000000,109.330798,1.000000,19.000000,40.871987,False,False,True,False,False,False
0,8200,65019.000000,50061.000000,10.000000,0.000000,0.000000,296.901639,1.000000,13.000000,33.632137,True,False,True,False,False,False
0,16600,65019.000000,43880.000000,7.000000,0.000000,0.000000,351.725503,1.000000,15.000000,31.534289,False,False,True,False,False,False
0,20700,72698.000000,96691.000000,7.000000,2.000000,0.000000,233.595307,1.000000,13.000000,42.626340,False,False,True,False,False,False
0,31800,71553.000000,111237.000000,6.000000,0.000000,0.000000,114.123785,10.000000,20.000000,41.456708,True,False,True,False,False,False
0,32300,41877.000000,78220.000000,8.000000,0.000000,0.000000,121.997729,1.000000,23.000000,31.876262,False,False,True,False,False,False
1,18600,73473.000000,105848.000000,9.000000,0.000000,4.000000,186.712836,1.000000,14.000000,27.646037,True,False,False,False,False,False
0,10100,49683.000000,55728.000000,0.000000,0.000000,0.000000,91.095795,0.000000,20.000000,37.133108,False,False,True,False,False,False
1,13300,67483.000000,85454.000000,16.000000,0.000000,2.000000,335.989315,1.000000,14.000000,30.375863,False,False,False,True,False,False
0,12400,65019.000000,65317.000000,7.000000,0.000000,0.000000,349.279611,0.000000,6.000000,35.714418,True,False,True,False,False,False
0,10800,11950.000000,46780.000000,24.000000,0.000000,0.000000,268.900000,0.000000,20.000000,34.818262,True,True,False,False,False,False
0,15900,19639.000000,171350.000000,8.000000,0.000000,0.000000,311.310360,0.000000,26.000000,26.876730,True,False,False,False,False,True
0,21200,91759.000000,95165.000000,2.000000,0.000000,0.000000,106.835733,0.000000,19.000000,34.216689,False,False,False,True,False,False
0,32200,108871.000000,151667.000000,11.000000,0.000000,0.000000,227.415438,0.000000,40.000000,40.183099,False,False,True,False,False,False
0,26000,81764.000000,118388.000000,9.000000,0.000000,0.000000,130.192418,0.000000,18.000000,28.154135,False,False,False,True,False,False
0,33400,37262.000000,76717.000000,9.000000,0.000000,0.000000,131.044986,1.000000,24.000000,32.021051,False,False,True,False,False,False
0,25800,112388.000000,180313.000000,16.000000,0.000000,0.000000,295.546006,0.000000,31.000000,33.241096,False,False,False,False,True,False
0,15600,102572.000000,112721.000000,3.000000,0.000000,1.000000,271.270791,0.000000,33.000000,29.634415,False,True,False,False,False,False
1,6700,27510.000000,42495.000000,2.000000,0.000000,2.000000,171.526489,3.000000,27.000000,41.428598,False,False,True,False,False,False
0,17000,73184.000000,96889.000000,0.000000,0.000000,0.000000,71.953792,0.000000,16.000000,28.004398,False,False,False,False,False,False
0,12000,76674.000000,97936.000000,5.000000,0.000000,0.000000,147.914203,2.000000,27.000000,41.225763,False,False,False,False,False,False
0,8000,38758.000000,46466.260000,21.000000,1.000000,1.000000,229.300000,1.000000,18.000000,34.818262,True,False,False,False,False,False
0,18500,38145.000000,59415.000000,25.000000,0.000000,0.000000,241.897357,0.000000,14.000000,23.870792,True,False,True,False,False,False
0,8000,80817.000000,89515.000000,0.000000,3.000000,0.000000,173.466667,0.000000,4.000000,29.638901,False,False,True,False,False,False
1,12100,29097.000000,72647.000000,8.000000,0.000000,0.000000,109.514879,1.000000,22.000000,45.304761,False,False,True,False,False,False
0,10600,44696.000000,57686.000000,0.000000,0.000000,0.000000,170.340974,0.000000,20.000000,37.792555,False,True,False,False,False,False
0,11000,88252.000000,112567.000000,11.000000,0.000000,0.000000,224.715576,2.000000,15.000000,39.526852,False,False,True,False,False,False
0,19900,96435.000000,130019.000000,27.000000,0.000000,0.000000,274.282556,3.000000,16.000000,32.469203,False,True,False,False,False,False
1,16900,63800.000000,85000.000000,2.000000,0.000000,6.000000,127.800000,2.000000,33.000000,34.818262,False,False,True,False,False,False
0,18000,45000.000000,68500.000000,10.000000,0.000000,0.000000,190.800000,1.000000,42.000000,34.818262,False,False,False,True,False,False
0,15000,84832.000000,107207.000000,19.000000,0.000000,0.000000,124.450532,4.000000,23.000000,28.558183,True,False,True,False,False,False
0,16900,47129.000000,62342.000000,15.000000,0.000000,0.000000,290.148921,0.000000,21.000000,30.318597,False,False,True,False,False,False
0,8700,54283.000000,58563.000000,3.000000,0.000000,1.000000,91.446465,3.000000,11.000000,38.590367,False,True,False,False,False,False
1,15000,45000.000000,68250.000000,7.000000,0.000000,1.000000,55.966667,0.000000,4.000000,34.818262,False,False,True,False,False,False
0,24500,82756.000000,122917.000000,11.000000,0.000000,1.000000,108.650141,0.000000,18.000000,26.127437,False,False,False,True,False,False
0,29900,131756.000000,167302.000000,0.000000,0.000000,0.000000,237.562241,1.000000,24.000000,35.043101,False,False,False,False,False,False
1,8400,37256.000000,45956.000000,1.000000,0.000000,0.000000,214.443230,1.000000,6.000000,31.245249,False,False,True,False,False,False
0,8000,69341.000000,86900.000000,15.000000,0.000000,1.000000,89.266667,0.000000,9.000000,34.818262,False,True,False,False,False,False
0,6500,47949.000000,53102.000000,9.000000,0.000000,0.000000,180.841250,1.000000,19.000000,27.839007,True,True,False,False,False,False
1,33200,36705.000000,78040.000000,19.000000,2.000000,0.000000,120.090143,0.000000,13.000000,35.015749,False,False,False,False,False,False
0,8600,172418.000000,251426.000000,7.000000,0.000000,0.000000,120.572633,0.000000,22.000000,40.925911,False,False,False,False,True,False
0,25000,69300.000000,111800.000000,5.000000,0.000000,0.000000,95.366667,2.000000,32.000000,34.818262,False,False,True,False,False,False
0,25000,36108.000000,84365.000000,23.000000,0.000000,0.000000,248.851501,0.000000,7.000000,26.027040,True,False,True,False,False,False
0,7900,65019.000000,31602.000000,20.000000,0.000000,0.000000,192.121108,0.000000,15.000000,35.586052,True,True,False,False,False,False
0,16400,71906.000000,86144.000000,2.000000,0.000000,0.000000,126.170152,1.000000,20.000000,23.698008,False,True,False,False,False,False
0,13600,64799.000000,84425.000000,14.000000,0.000000,0.000000,115.323884,0.000000,24.000000,36.850857,False,True,False,False,False,False
0,11400,52068.000000,80643.000000,2.000000,0.000000,2.000000,199.087721,0.000000,13.000000,29.462134,True,False,True,False,False,False
0,12000,150000.000000,175065.000000,7.000000,0.000000,1.000000,206.666667,4.000000,26.000000,34.818262,False,False,False,True,False,False
0,30800,195221.000000,293118.000000,29.000000,0.000000,0.000000,151.957418,0.000000,22.000000,38.181027,False,False,True,False,False,False
0,40600,362909.000000,466731.000000,4.000000,0.000000,0.000000,305.812419,4.000000,14.000000,42.930339,True,False,False,True,False,False
1,13700,46000.000000,81000.000000,1.500000,0.000000,1.000000,101.566667,0.000000,25.000000,34.818262,False,False,False,True,False,False
0,28800,151328.000000,194243.000000,2.000000,0.000000,0.000000,174.977053,0.000000,17.000000,42.112540,True,False,False,False,False,True
0,15900,68079.000000,90212.000000,7.000000,0.000000,0.000000,304.244755,0.000000,19.000000,30.422004,True,False,True,False,False,False
0,16800,57329.000000,83695.000000,3.000000,0.000000,0.000000,294.999702,2.000000,16.000000,40.625053,False,False,True,False,False,False
0,11200,29348.000000,87351.000000,20.000000,0.000000,0.000000,224.394895,0.000000,11.000000,26.129627,True,False,False,True,False,False
1,50200,197770.000000,271676.000000,16.000000,0.000000,0.000000,146.862541,1.000000,20.000000,42.926580,False,False,False,False,False,False
0,28800,204455.000000,245685.000000,8.000000,0.000000,0.000000,123.396747,1.000000,42.000000,42.345471,True,False,True,False,False,False
0,23000,131200.000000,163390.000000,7.000000,1.000000,0.000000,215.066667,1.000000,20.000000,34.818262,False,False,True,False,False,False
0,12100,85121.000000,113744.000000,0.000000,0.000000,2.000000,139.485340,0.000000,34.000000,33.943438,False,False,False,True,False,False
0,6200,45356.000000,82054.000000,2.000000,0.000000,0.000000,201.334487,4.000000,29.000000,29.661710,False,False,True,False,False,False
1,7200,65019.000000,76723.000000,10.000000,0.000000,0.000000,70.193890,0.000000,11.000000,41.250706,True,False,True,False,False,False
1,10000,53297.000000,74925.000000,14.000000,0.000000,1.000000,88.533333,2.000000,15.000000,34.818262,True,False,True,False,False,False
0,10300,65876.000000,80064.000000,3.000000,0.000000,0.000000,220.825979,0.000000,15.000000,30.633131,False,False,True,False,False,False
0,48900,41260.000000,102771.000000,8.000000,0.000000,0.000000,192.226177,3.000000,35.000000,41.218715,True,False,False,False,False,True
0,7400,75547.000000,93839.000000,0.000000,0.000000,0.000000,173.466667,1.000000,20.000000,28.161832,False,False,False,True,False,False
0,27300,149950.000000,177309.000000,6.000000,0.000000,0.000000,328.168123,0.000000,35.000000,39.159554,False,False,False,True,False,False
0,15600,51990.000000,141518.000000,1.000000,0.000000,0.000000,272.503066,3.000000,43.000000,39.301823,False,False,True,False,False,False
0,13900,155486.000000,178789.000000,7.000000,0.000000,1.000000,192.482316,4.000000,26.000000,41.176712,False,False,False,True,False,False
0,10800,83441.000000,92148.000000,5.000000,0.000000,0.000000,119.145844,1.000000,26.000000,40.978635,False,False,False,False,False,False
1,14900,57557.000000,80611.000000,12.000000,0.000000,0.000000,103.106505,0.000000,7.000000,39.840875,False,False,True,False,False,False
0,18000,74162.000000,89823.000000,0.000000,2.000000,1.000000,121.761466,1.000000,26.000000,34.025208,False,False,True,False,False,False
0,8200,64006.000000,80409.000000,15.000000,0.000000,0.000000,235.363249,0.000000,36.000000,35.636720,True,False,True,False,False,False
1,18000,62000.000000,160800.000000,15.000000,0.000000,0.000000,129.833333,1.000000,11.000000,34.818262,True,False,False,True,False,False
1,19500,100077.000000,122352.000000,3.000000,0.000000,0.000000,58.861027,0.000000,9.000000,38.121518,False,True,False,False,False,False
1,18600,64248.000000,82690.000000,0.000000,1.000000,0.000000,89.189005,0.000000,23.000000,53.848220,False,False,False,False,False,False
0,25000,84000.000000,120000.000000,1.500000,0.000000,0.000000,188.768213,2.000000,25.000000,34.818262,False,False,True,False,False,False
0,17300,57358.000000,71617.000000,0.000000,0.000000,0.000000,194.293339,0.000000,25.000000,30.537806,False,True,False,False,False,False
0,18000,124000.000000,195000.000000,13.000000,0.000000,0.000000,202.900000,0.000000,22.000000,34.818262,True,False,False,True,False,False
0,12600,125688.000000,198602.000000,0.000000,0.000000,1.000000,344.747933,0.000000,16.000000,39.483820,True,True,False,False,False,False
1,18000,99401.000000,140000.000000,8.900000,2.000000,0.000000,150.100000,3.000000,20.000000,34.818262,False,False,True,False,False,False
0,10400,66044.000000,83531.000000,12.000000,0.000000,0.000000,241.514153,0.000000,31.000000,45.569843,True,True,False,False,False,False
0,28800,65019.000000,121560.000000,8.000000,1.000000,0.000000,175.206340,0.000000,26.000000,31.612038,False,False,False,False,False,False
1,17000,36420.000000,54375.000000,1.000000,1.000000,0.000000,77.700000,1.000000,18.000000,34.818262,False,False,True,False,False,False
0,9700,53527.000000,58605.000000,4.000000,0.000000,0.000000,75.584543,3.000000,12.000000,36.709539,False,True,False,False,False,False
1,13900,144263.000000,167164.000000,8.000000,2.000000,6.000000,111.588603,5.000000,38.000000,91.612600,False,False,False,True,False,False
1,3600,61584.000000,61800.000000,10.000000,0.000000,0.000000,173.466667,1.000000,20.000000,34.818262,True,False,False,True,False,False
1,14800,65019.000000,89235.500000,0.000000,0.000000,0.000000,173.466667,1.000000,20.000000,34.818262,True,False,False,True,False,False
0,17600,44571.000000,66088.000000,2.000000,0.000000,0.000000,126.090382,0.000000,17.000000,30.871902,True,True,False,False,False,False
1,3300,130518.000000,164317.000000,9.000000,0.000000,6.000000,192.289149,0.000000,33.000000,35.730559,False,False,True,False,False,False
0,7500,72097.000000,69408.000000,4.000000,1.000000,0.000000,155.391962,1.000000,23.000000,41.600983,True,False,False,False,True,False
0,9700,39141.000000,48905.000000,13.000000,0.000000,0.000000,89.835940,0.000000,11.000000,32.431410,False,False,True,False,False,False
0,25000,83624.000000,116976.000000,9.000000,0.000000,0.000000,129.549593,0.000000,19.000000,29.427734,False,False,False,True,False,False
0,12700,77068.000000,98436.000000,7.000000,0.000000,1.000000,148.288100,0.000000,34.000000,33.463697,True,False,False,True,False,False
0,17600,56090.000000,103992.000000,1.000000,0.000000,2.000000,46.875136,1.000000,10.000000,39.081826,True,False,True,False,False,False
0,13800,65019.000000,44459.000000,4.000000,0.000000,0.000000,169.005410,1.000000,9.000000,21.532897,True,False,False,False,False,False
0,12800,76783.000000,95007.000000,6.000000,0.000000,0.000000,140.972022,2.000000,26.000000,42.153617,False,False,False,False,False,False
0,23900,7500.000000,26500.000000,17.000000,3.000000,0.000000,126.833333,2.000000,19.000000,34.818262,False,False,True,False,False,False
0,23400,48549.000000,68957.000000,6.000000,0.000000,0.000000,172.810727,1.000000,27.000000,34.456762,False,True,False,False,False,False
1,25000,175225.000000,211000.000000,13.000000,1.000000,2.000000,148.133333,4.000000,53.000000,34.818262,False,False,False,True,False,False
0,6200,133882.000000,155222.000000,9.000000,0.000000,0.000000,212.537643,0.000000,19.000000,20.616784,True,False,False,True,False,False
0,25200,55283.000000,103324.000000,0.000000,0.000000,0.000000,181.451368,0.000000,26.000000,32.923860,False,False,False,True,False,False
0,18200,16386.000000,170310.000000,23.000000,0.000000,0.000000,73.007277,2.000000,20.000000,29.804601,True,False,False,False,False,False
0,16700,12830.000000,56465.000000,3.000000,0.000000,0.000000,301.148522,0.000000,15.000000,18.251481,False,False,False,True,False,False
0,8000,79200.000000,116500.000000,8.000000,0.000000,0.000000,173.466667,1.000000,20.000000,34.818262,True,False,True,False,False,False
0,8100,81322.000000,97823.000000,3.000000,0.000000,0.000000,118.468506,0.000000,25.000000,32.716778,False,False,False,True,False,False
0,17000,125728.000000,159770.000000,7.000000,0.000000,0.000000,228.422382,0.000000,18.000000,37.008374,False,False,False,False,False,False
0,8100,54841.000000,71400.000000,6.000000,0.000000,0.000000,89.233333,2.000000,15.000000,34.818262,False,True,False,False,False,False
0,17900,46342.000000,68029.000000,26.000000,1.000000,0.000000,279.007081,1.000000,17.000000,36.072975,False,False,False,False,False,False
1,20300,180254.000000,220843.000000,11.000000,0.000000,0.000000,217.128167,0.000000,25.000000,41.563101,True,False,False,True,False,False
0,8100,66546.000000,84943.000000,3.000000,0.000000,0.000000,225.690989,0.000000,15.000000,30.398005,False,False,True,False,False,False
0,24800,98139.000000,121696.000000,3.000000,0.000000,0.000000,208.523267,1.000000,27.000000,32.644265,False,False,False,False,False,True
0,19300,51580.000000,83518.000000,13.000000,0.000000,0.000000,89.525932,0.000000,9.000000,7.148413,False,False,True,False,False,False
0,26500,23742.000000,77878.000000,7.000000,2.000000,1.000000,99.377168,2.000000,26.000000,28.876724,False,False,True,False,False,False
0,23000,62893.000000,90989.000000,4.000000,0.000000,0.000000,179.846863,1.000000,16.000000,38.630947,False,True,False,False,False,False
0,17500,99853.000000,163401.000000,0.000000,0.000000,0.000000,208.462276,1.000000,18.000000,37.828617,False,False,False,False,False,False
0,13100,64897.000000,81598.000000,7.000000,0.000000,0.000000,130.648468,0.000000,34.000000,26.500105,False,False,False,False,True,False
0,8600,124810.000000,176581.000000,8.000000,0.000000,0.000000,213.302885,1.000000,19.000000,32.876459,False,False,True,False,False,False
0,41500,97536.000000,158739.000000,13.000000,0.000000,1.000000,212.774435,3.000000,31.000000,42.301907,False,False,True,False,False,False
0,9100,62976.000000,77829.000000,0.000000,0.000000,2.000000,131.193496,0.000000,23.000000,26.090419,True,False,False,False,False,False
0,21600,59219.000000,98111.000000,18.000000,0.000000,0.000000,626.771393,1.000000,23.000000,21.241684,True,False,False,True,False,False
0,7900,65019.000000,37125.000000,7.000000,0.000000,0.000000,285.111015,1.000000,12.000000,29.413550,True,False,True,False,False,False
1,9300,78000.000000,97700.000000,12.000000,0.000000,2.000000,88.500000,4.000000,29.000000,34.818262,False,False,False,False,False,False
0,20000,135631.660000,177000.000000,8.000000,0.000000,0.000000,321.633333,0.000000,17.000000,34.818262,True,False,False,False,False,False
0,23900,65019.000000,151738.000000,7.000000,0.000000,0.000000,173.466667,1.000000,20.000000,16.426395,False,False,True,False,False,False
0,30900,230978.000000,291013.000000,12.000000,0.000000,1.000000,268.394238,1.000000,26.000000,26.248191,False,False,False,True,False,False
0,14300,65019.000000,41870.000000,0.000000,0.000000,0.000000,314.468343,0.000000,8.000000,27.608919,True,False,True,False,False,False
0,15400,39452.000000,56834.000000,7.000000,1.000000,0.000000,120.056556,1.000000,15.000000,39.908934,False,False,True,False,False,False
0,30300,18306.000000,66747.000000,1.000000,0.000000,0.000000,95.181438,1.000000,6.000000,37.582898,False,False,True,False,False,False
1,43300,65019.000000,45924.000000,7.000000,1.000000,1.000000,207.300730,0.000000,17.000000,33.678946,False,False,True,False,False,False
0,20300,21281.000000,90551.000000,22.000000,0.000000,0.000000,219.088224,2.000000,41.000000,37.155498,False,False,True,False,False,False
0,15400,30703.000000,57184.000000,10.000000,0.000000,0.000000,122.804327,0.000000,10.000000,18.150902,True,False,True,False,False,False
0,17500,102858.000000,138977.000000,2.000000,0.000000,0.000000,100.281219,2.000000,15.000000,31.669319,False,True,False,False,False,False
0,12400,16375.000000,36672.000000,8.000000,0.000000,0.000000,120.674928,0.000000,11.000000,24.089437,False,False,False,False,False,False
0,24100,95549.000000,112283.000000,22.000000,0.000000,0.000000,243.349733,0.000000,28.000000,39.082697,False,False,True,False,False,False
0,13100,44817.000000,59544.000000,7.000000,0.000000,0.000000,71.461705,0.000000,15.000000,41.609813,False,False,True,False,False,False
0,41200,99653.000000,157923.000000,14.000000,0.000000,1.000000,213.482874,3.000000,30.000000,40.908480,False,False,True,False,False,False
0,16500,64992.000000,97348.000000,8.000000,0.000000,0.000000,123.668821,0.000000,11.000000,36.107924,True,True,False,False,False,False
0,11700,42151.000000,58947.000000,22.000000,0.000000,0.000000,122.030362,0.000000,23.000000,40.083145,True,False,True,False,False,False
0,11200,68890.000000,84059.000000,12.000000,0.000000,0.000000,254.019689,3.000000,36.000000,41.433944,False,True,False,False,False,False
1,19600,94419.000000,123705.000000,19.000000,0.000000,2.000000,92.739380,0.000000,22.000000,84.379034,False,False,False,False,False,True
0,7000,5768.000000,26600.000000,7.000000,0.000000,0.000000,173.466667,1.000000,20.000000,34.818262,False,False,True,False,False,False
0,13200,117985.000000,138969.000000,16.000000,0.000000,1.000000,178.064752,0.000000,33.000000,29.954231,False,False,False,True,False,False
0,9300,21979.000000,39880.000000,3.000000,0.000000,0.000000,173.466667,1.000000,20.000000,38.844089,False,False,True,False,False,False
0,27500,150666.000000,192346.000000,3.000000,0.000000,0.000000,177.871473,0.000000,17.000000,39.978650,True,False,False,False,False,True
0,13000,80587.000000,110064.000000,6.000000,0.000000,0.000000,85.009197,1.000000,13.000000,33.990040,False,False,True,False,False,False
0,29900,230499.000000,294326.000000,15.000000,0.000000,1.000000,250.491007,2.000000,26.000000,27.920662,False,False,False,True,False,False
0,22700,75354.000000,106186.000000,7.000000,0.000000,0.000000,175.339376,1.000000,24.000000,38.256594,False,False,True,False,False,False
1,16100,65019.000000,30695.000000,11.000000,0.000000,1.000000,64.335741,2.000000,2.000000,29.233015,True,False,True,False,False,False
0,6900,49932.000000,66042.000000,20.000000,0.000000,0.000000,204.484583,0.000000,19.000000,21.855494,True,True,False,False,False,False
0,8300,44783.000000,63424.000000,2.000000,0.000000,0.000000,97.900836,1.000000,12.000000,36.587870,True,False,True,False,False,False
0,14900,49849.000000,70075.000000,0.000000,0.000000,0.000000,153.691869,0.000000,25.000000,30.900916,False,True,False,False,False,False
0,10500,27180.000000,86978.000000,22.000000,0.000000,0.000000,230.721154,0.000000,10.000000,25.753010,True,False,False,True,False,False
0,48200,93127.000000,159179.000000,16.000000,0.000000,0.000000,216.008620,8.000000,19.000000,38.128228,False,False,True,False,False,False
0,12400,132894.000000,198168.000000,0.000000,0.000000,1.000000,355.163911,0.000000,16.000000,40.540295,True,True,False,False,False,False
1,25400,136322.000000,89235.500000,2.000000,0.000000,5.000000,303.737935,1.000000,27.000000,16.644674,False,False,False,True,False,False
0,13300,65019.000000,27136.000000,27.000000,0.000000,0.000000,210.996975,1.000000,4.000000,23.807148,True,False,True,False,False,False
1,49500,9000.000000,55000.000000,3.000000,0.000000,0.000000,173.466667,0.000000,0.000000,34.818262,False,False,True,False,False,False
0,8000,63700.000000,79754.000000,3.800000,0.000000,0.000000,208.000000,0.000000,16.000000,34.818262,False,False,True,False,False,False
0,10300,74624.000000,96697.000000,7.000000,0.000000,0.000000,217.235321,3.000000,28.000000,41.511301,False,True,False,False,False,False
0,12300,69499.000000,104045.000000,8.000000,0.000000,0.000000,219.090489,0.000000,20.000000,18.584757,False,False,True,False,False,False
0,34300,118911.000000,168901.000000,16.000000,0.000000,0.000000,134.734024,0.000000,17.000000,28.817515,False,False,False,True,False,False
1,50000,38000.000000,89235.500000,26.000000,7.000000,6.000000,150.200000,0.000000,25.000000,34.818262,False,False,False,True,False,False
0,18300,109192.000000,139384.000000,6.000000,0.000000,0.000000,122.865576,0.000000,14.000000,29.397593,False,False,False,True,False,False
0,8000,49232.000000,61221.000000,23.000000,0.000000,0.000000,258.194578,3.000000,29.000000,41.246613,False,False,True,False,False,False
1,16200,34984.000000,46382.000000,11.000000,0.000000,0.000000,175.144319,3.000000,20.000000,39.740928,False,False,True,False,False,False
0,79900,18363.000000,109675.000000,27.000000,0.000000,1.000000,132.766724,0.000000,13.000000,31.642335,True,False,True,False,False,False
0,28900,29515.000000,49525.000000,36.000000,0.000000,0.000000,288.656247,0.000000,24.000000,39.605808,False,False,True,False,False,False
1,19400,178000.000000,219300.000000,12.000000,0.000000,0.000000,214.366667,0.000000,26.000000,34.818262,True,False,False,True,False,False
1,36100,233417.000000,324987.000000,4.000000,0.000000,0.000000,152.245428,0.000000,25.000000,21.862939,True,False,False,True,False,False
0,25700,26059.000000,51800.000000,24.000000,0.000000,0.000000,118.031131,0.000000,10.000000,23.085479,False,False,True,False,False,False
0,23800,44372.000000,67279.000000,6.000000,0.000000,0.000000,75.813971,2.000000,19.000000,36.529569,False,False,True,False,False,False
0,45700,118247.000000,174711.000000,11.000000,0.000000,0.000000,170.652225,0.000000,5.000000,37.730751,False,False,False,False,False,True
0,15900,88000.000000,109500.000000,7.000000,0.000000,0.000000,138.000000,2.000000,21.000000,34.818262,False,False,False,True,False,False
1,3400,37000.000000,52000.000000,2.000000,0.000000,1.000000,183.299916,0.000000,6.000000,34.818262,True,True,False,False,False,False
0,37000,34085.000000,70596.000000,3.000000,0.000000,0.000000,195.363384,2.000000,18.000000,25.592424,False,False,False,True,False,False
1,12000,65019.000000,87000.000000,13.000000,0.000000,0.000000,173.466667,1.000000,20.000000,34.818262,False,False,True,False,False,False
0,25700,189995.000000,250814.000000,9.000000,0.000000,0.000000,100.800943,1.000000,25.000000,41.005833,False,False,True,False,False,False
1,11300,65019.000000,89235.500000,7.000000,0.000000,0.000000,173.466667,1.000000,20.000000,34.818262,True,False,True,False,False,False
0,15900,16744.000000,52234.000000,3.000000,0.000000,0.000000,288.415950,0.000000,16.000000,17.452227,False,False,False,True,False,False
0,8600,65019.000000,47791.000000,7.000000,0.000000,0.000000,173.466667,1.000000,20.000000,14.392536,False,False,True,False,False,False
0,10800,125732.000000,184667.000000,7.000000,0.000000,0.000000,212.223469,0.000000,19.000000,33.920790,False,False,True,False,False,False
0,15000,80988.000000,97404.000000,10.000000,3.000000,0.000000,188.501672,1.000000,30.000000,26.568270,False,False,False,True,False,False
0,12400,25805.000000,31414.000000,2.000000,0.000000,0.000000,173.466667,1.000000,20.000000,38.237226,False,False,True,False,False,False
1,22000,82000.000000,12500.000000,3.000000,0.000000,0.000000,117.766667,6.000000,23.000000,34.818262,False,False,False,True,False,False
0,23200,144542.000000,176611.000000,5.000000,0.000000,0.000000,179.239077,5.000000,42.000000,40.823160,False,False,False,True,False,False
0,28200,51663.000000,92860.000000,24.000000,0.000000,1.000000,172.340654,0.000000,20.000000,26.913005,False,False,True,False,False,False
0,13700,80300.000000,98088.000000,1.000000,0.000000,0.000000,66.723947,0.000000,20.000000,36.516532,True,False,False,True,False,False
0,11100,82849.000000,113913.000000,10.000000,0.000000,1.000000,167.361030,0.000000,27.000000,35.763333,True,False,False,True,False,False
1,5000,100000.000000,129693.500000,13.000000,0.000000,0.000000,173.466667,1.000000,20.000000,34.818262,True,False,False,False,False,False
0,16000,66395.000000,85782.000000,1.000000,2.000000,1.000000,99.519218,1.000000,25.000000,33.206970,False,False,True,False,False,False
0,9400,103973.000000,119817.000000,18.000000,0.000000,2.000000,182.616639,2.000000,16.000000,37.337977,False,False,True,False,False,False
0,9500,70000.000000,85000.000000,9.000000,0.000000,1.000000,175.566667,1.000000,12.000000,34.818262,False,False,False,True,False,False
1,1800,28502.000000,43034.000000,11.000000,0.000000,0.000000,88.766030,0.000000,8.000000,36.884894,True,False,True,False,False,False
1,14900,54359.000000,78408.000000,4.000000,3.000000,0.000000,129.967756,0.000000,24.000000,3.016141,False,False,False,False,False,True
0,20000,65019.000000,73800.000000,4.000000,0.000000,0.000000,404.766667,0.000000,24.000000,34.818262,False,False,False,False,True,False
1,25700,32613.000000,63065.000000,0.000000,0.000000,0.000000,218.485275,0.000000,22.000000,41.210107,False,False,True,False,False,False
1,39300,65019.000000,62158.000000,0.000000,0.000000,0.000000,238.874129,1.000000,14.000000,1.028931,False,False,True,False,False,False
0,4000,66000.000000,79050.000000,1.800000,2.000000,0.000000,279.000000,1.000000,6.000000,34.818262,True,False,True,False,False,False
0,12900,105638.000000,112608.000000,17.000000,0.000000,2.000000,208.306882,2.000000,16.000000,39.677906,False,False,True,False,False,False
0,26100,65019.000000,151429.000000,7.000000,0.000000,0.000000,173.466667,1.000000,20.000000,15.567001,False,False,True,False,False,False
0,11100,59232.000000,71157.000000,5.000000,0.000000,0.000000,108.217161,1.000000,24.000000,40.091832,False,False,False,False,False,False
0,21400,49459.000000,69461.000000,25.000000,0.000000,0.000000,314.638958,2.000000,32.000000,35.982084,False,False,True,False,False,False
0,17400,24687.000000,37391.000000,2.000000,0.000000,0.000000,217.744275,0.000000,16.000000,38.251392,False,True,False,False,False,False
0,19000,43479.000000,78631.000000,1.000000,0.000000,1.000000,301.403691,1.000000,10.000000,38.253097,False,False,True,False,False,False
1,24000,88783.000000,116967.000000,2.000000,0.000000,0.000000,171.506257,5.000000,23.000000,56.961839,False,False,False,False,False,True
1,5200,40564.000000,39527.000000,0.000000,0.000000,0.000000,157.771036,1.000000,13.000000,72.670433,True,False,True,False,False,False
0,21300,68544.000000,89908.000000,3.000000,0.000000,0.000000,101.774020,2.000000,30.000000,32.825451,False,False,True,False,False,False
0,16000,96000.000000,160050.000000,7.000000,1.000000,0.000000,260.766667,1.000000,24.000000,34.818262,False,False,True,False,False,False
1,27100,63844.000000,101000.000000,8.000000,1.000000,1.000000,128.800000,0.000000,22.000000,34.818262,False,False,True,False,False,False
0,50800,48667.000000,63130.000000,12.000000,0.000000,1.000000,97.972183,1.000000,26.000000,40.025920,False,True,False,False,False,False
0,8400,78089.000000,90660.000000,9.000000,0.000000,0.000000,118.635395,0.000000,22.000000,27.093041,False,False,False,False,False,False
0,20500,169689.000000,198931.000000,9.000000,0.000000,0.000000,258.620042,1.000000,37.000000,26.366126,False,False,False,True,False,False
1,7200,43705.000000,50000.000000,9.000000,0.000000,2.000000,235.366667,6.000000,16.000000,34.818262,False,False,True,False,False,False
0,15900,97478.000000,120514.000000,1.000000,0.000000,3.000000,264.260916,1.000000,29.000000,41.840275,False,True,False,False,False,False
0,8000,45000.000000,56100.000000,9.900000,0.000000,0.000000,92.300000,3.000000,34.000000,34.818262,True,False,True,False,False,False
0,6900,51384.000000,84689.000000,4.000000,0.000000,0.000000,224.247037,3.000000,29.000000,30.526151,False,False,True,False,False,False
0,40900,64674.000000,111877.000000,15.000000,0.000000,0.000000,201.736373,0.000000,21.000000,40.456010,False,False,False,False,False,False
0,16200,62783.000000,94394.000000,1.000000,0.000000,0.000000,167.429347,0.000000,25.000000,23.691157,False,True,False,False,False,False
1,4000,26572.000000,31960.000000,11.000000,0.000000,0.000000,117.795104,0.000000,8.000000,41.286492,True,True,False,False,False,False
0,11400,65019.000000,29374.000000,20.000000,0.000000,0.000000,207.930256,1.000000,15.000000,38.955125,True,True,False,False,False,False
0,17000,55820.000000,88683.000000,0.500000,0.000000,0.000000,74.033333,0.000000,23.000000,34.818262,False,True,False,False,False,False
0,12000,36346.000000,54000.000000,7.000000,0.000000,0.000000,114.666667,2.000000,19.000000,34.818262,False,False,True,False,False,False
1,38000,290000.000000,364000.000000,0.300000,0.000000,0.000000,126.833333,6.000000,32.000000,34.818262,False,False,False,True,False,False
0,9300,73252.000000,100537.000000,2.000000,0.000000,0.000000,99.774527,0.000000,26.000000,34.514635,False,False,False,True,False,False
0,20000,46775.000000,70236.000000,9.000000,0.000000,0.000000,179.082374,1.000000,41.000000,40.430695,False,False,False,True,False,False
0,12600,67860.000000,103426.000000,9.000000,0.000000,0.000000,202.152634,0.000000,20.000000,18.347529,False,False,True,False,False,False
0,21000,65019.000000,91455.000000,7.000000,0.000000,0.000000,174.428969,1.000000,15.000000,38.593376,True,False,True,False,False,False
0,10500,74814.000000,98132.000000,8.000000,0.000000,0.000000,164.330898,0.000000,34.000000,32.375149,True,False,False,True,False,False
0,36400,86853.000000,131508.000000,30.000000,0.000000,0.000000,349.694399,0.000000,19.000000,40.107031,False,False,False,False,False,False
0,12400,34055.000000,40739.000000,9.000000,0.000000,0.000000,147.012827,6.000000,29.000000,39.930947,False,False,True,False,False,False
0,12600,103960.000000,127384.000000,2.000000,0.000000,0.000000,129.015499,0.000000,25.000000,34.479455,False,False,True,False,False,False
0,15200,59544.000000,86360.000000,5.000000,0.000000,0.000000,120.136708,0.000000,12.000000,27.616334,True,False,False,True,False,False
0,15400,50121.000000,67755.000000,3.000000,0.000000,0.000000,168.748032,0.000000,14.000000,37.560863,False,False,True,False,False,False
0,7500,47518.000000,60252.000000,16.000000,0.000000,3.000000,220.624984,0.000000,37.000000,26.711536,False,False,True,False,False,False
1,4500,34184.000000,46000.000000,3.500000,0.000000,1.000000,122.600000,2.000000,22.000000,34.818262,True,False,False,False,False,False
0,16300,22352.000000,165315.000000,9.000000,0.000000,0.000000,304.334695,0.000000,27.000000,27.562427,True,False,False,False,False,True
0,8700,93759.000000,119459.000000,24.000000,0.000000,0.000000,138.091230,1.000000,12.000000,38.729711,True,True,False,False,False,False
0,12300,81590.000000,90050.000000,6.000000,0.000000,0.000000,136.746759,1.000000,26.000000,41.732676,False,False,False,False,False,False
1,3200,48603.000000,61000.000000,28.000000,0.000000,4.000000,122.033333,1.000000,25.000000,34.818262,True,False,False,True,False,False
0,12400,26768.000000,52411.000000,0.000000,0.000000,0.000000,253.318043,0.000000,11.000000,38.821021,True,False,True,False,False,False
1,1300,70053.000000,68400.000000,7.000000,0.000000,2.000000,121.833333,0.000000,14.000000,34.818262,True,False,True,False,False,False
0,18800,91731.000000,125902.000000,24.000000,0.000000,0.000000,276.727425,2.000000,16.000000,32.294304,False,True,False,False,False,False
0,21900,61838.000000,92091.000000,5.000000,0.000000,0.000000,171.576700,1.000000,16.000000,37.800401,False,True,False,False,False,False
0,10600,80386.000000,106526.000000,1.000000,0.000000,0.000000,64.066736,1.000000,19.000000,34.104697,True,False,False,True,False,False
1,20900,61402.000000,88659.000000,9.000000,3.000000,0.000000,164.248932,1.000000,63.000000,40.921433,False,False,False,True,False,False
0,11100,80922.000000,95105.000000,3.000000,0.000000,0.000000,90.881292,2.000000,31.000000,38.120811,False,False,True,False,False,False
0,16900,43643.000000,80639.000000,3.000000,0.000000,0.000000,128.581824,1.000000,8.000000,28.895955,False,False,False,False,False,False
1,7000,38800.000000,53500.000000,15.000000,0.000000,0.000000,96.366667,0.000000,18.000000,34.818262,True,False,False,True,False,False
0,20400,132443.000000,204082.000000,13.000000,0.000000,0.000000,187.018692,0.000000,22.000000,36.821887,True,False,False,True,False,False
0,9200,92395.000000,114494.000000,24.000000,0.000000,0.000000,130.376788,1.000000,11.000000,39.112150,True,True,False,False,False,False
0,10600,73844.000000,107640.000000,3.000000,0.000000,0.000000,92.979491,0.000000,34.000000,37.319289,True,False,False,True,False,False
0,18900,87081.000000,115165.000000,13.000000,0.000000,0.000000,120.462186,1.000000,8.000000,34.400377,False,False,True,False,False,False
1,12200,53242.000000,70400.000000,14.000000,0.000000,0.000000,169.930664,0.000000,18.000000,34.629428,False,False,True,False,False,False
1,14000,139000.000000,159000.000000,13.000000,0.000000,1.000000,171.433333,1.000000,32.000000,34.818262,False,False,False,False,False,False
0,11600,22635.000000,33353.000000,6.000000,0.000000,0.000000,85.572070,0.000000,16.000000,19.223873,False,True,False,False,False,False
0,8500,79484.000000,87893.000000,1.000000,0.000000,0.000000,123.618803,1.000000,10.000000,35.759084,False,False,True,False,False,False
0,33900,231455.000000,290039.000000,4.000000,0.000000,0.000000,222.874648,0.000000,30.000000,16.689491,False,False,False,True,False,False
0,7100,54700.000000,68500.000000,19.000000,0.000000,0.000000,155.200000,1.000000,12.000000,34.818262,False,False,True,False,False,False
0,27700,120070.000000,153652.000000,4.000000,0.000000,0.000000,300.168061,2.000000,35.000000,43.920191,False,True,False,False,False,False
0,21100,143487.000000,180122.000000,7.000000,0.000000,0.000000,324.163329,0.000000,16.000000,43.251183,True,False,False,False,False,False
1,16300,79087.000000,102921.000000,23.000000,0.000000,0.000000,256.253084,0.000000,45.000000,36.987086,False,False,False,False,True,False
0,7200,36264.000000,48240.000000,15.000000,0.000000,0.000000,82.166667,0.000000,12.000000,34.818262,False,False,True,False,False,False
0,11800,112146.000000,140781.000000,14.000000,0.000000,0.000000,170.700507,0.000000,32.000000,29.942492,False,False,False,True,False,False
0,30000,20000.000000,38000.000000,0.900000,0.000000,0.000000,59.833333,0.000000,7.000000,34.818262,False,False,True,False,False,False
0,12400,24769.000000,87665.000000,21.000000,0.000000,0.000000,238.382769,0.000000,11.000000,25.332201,True,False,False,True,False,False
0,17200,39316.000000,66978.000000,4.000000,0.000000,0.000000,99.985976,1.000000,10.000000,26.437084,False,False,True,False,False,False
0,11300,64437.000000,79857.000000,5.000000,0.000000,0.000000,88.789156,2.000000,14.000000,27.899268,False,True,False,False,False,False
0,25100,118559.000000,150172.000000,4.000000,0.000000,0.000000,279.198021,1.000000,37.000000,42.987979,False,True,False,False,False,False
0,17000,86341.000000,133564.000000,15.000000,0.000000,0.000000,307.673857,0.000000,18.000000,28.368211,False,False,False,True,False,False
0,11000,108095.000000,137000.000000,3.000000,0.000000,0.000000,277.000000,1.000000,46.000000,34.818262,False,False,False,True,False,False
0,16500,52030.000000,158296.000000,20.000000,0.000000,0.000000,218.539266,0.000000,27.000000,22.484792,False,False,False,True,False,False
0,7500,57213.000000,92458.000000,28.000000,0.000000,0.000000,243.157119,1.000000,16.000000,23.992353,True,True,False,False,False,False
0,6400,57887.000000,74776.000000,3.000000,0.000000,1.000000,126.328644,0.000000,22.000000,28.756345,True,False,False,False,False,False
1,10000,91000.000000,110000.000000,16.000000,1.000000,3.000000,123.766667,2.000000,22.000000,34.818262,False,False,True,False,False,False
0,21700,59947.000000,94103.000000,0.000000,0.000000,0.000000,154.552547,1.000000,21.000000,34.771709,False,True,False,False,False,False
0,16200,49780.000000,109050.000000,2.000000,0.000000,2.000000,128.288529,0.000000,23.000000,39.576811,True,True,False,False,False,False
0,9400,71600.000000,99682.000000,16.000000,0.000000,0.000000,159.036371,4.000000,16.000000,25.607228,False,False,True,False,False,False
0,15000,65019.000000,68020.000000,1.000000,0.000000,0.000000,173.466667,0.000000,0.000000,1.920694,False,False,True,False,False,False
0,22900,88244.000000,103144.000000,8.000000,0.000000,0.000000,173.466667,1.000000,20.000000,31.072694,True,False,True,False,False,False
0,11300,129489.000000,195105.000000,0.000000,0.000000,1.000000,356.313486,0.000000,16.000000,41.634018,True,True,False,False,False,False
1,4700,26900.000000,45000.000000,9.000000,1.000000,2.000000,90.466667,1.000000,16.000000,34.818262,True,False,False,True,False,False
1,5300,26908.000000,36078.000000,7.000000,0.000000,0.000000,302.358709,0.000000,8.000000,39.196985,True,False,True,False,False,False
0,13400,88810.000000,102409.000000,19.000000,0.000000,0.000000,145.756597,4.000000,24.000000,31.336418,True,False,True,False,False,False
0,7800,65019.000000,30320.000000,2.000000,0.000000,0.000000,295.113421,0.000000,13.000000,23.245673,False,False,True,False,False,False
0,20200,59347.000000,97816.000000,18.000000,0.000000,0.000000,618.735890,1.000000,24.000000,21.668642,True,False,False,True,False,False
0,51700,183615.000000,257077.000000,4.000000,0.000000,0.000000,213.755850,2.000000,32.000000,38.953313,False,False,False,True,False,False
0,16800,67049.000000,89729.000000,7.000000,0.000000,0.000000,286.375129,0.000000,20.000000,28.739128,True,False,True,False,False,False
0,22600,59050.000000,99152.000000,0.000000,0.000000,0.000000,195.083862,0.000000,26.000000,33.404212,False,False,False,True,False,False
0,8300,51783.000000,57839.000000,3.000000,0.000000,0.000000,96.176673,0.000000,20.000000,36.210351,False,False,True,False,False,False
1,4900,44000.000000,59745.000000,10.000000,0.000000,0.000000,81.500000,3.000000,13.000000,34.818262,True,False,True,False,False,False
1,5400,59720.000000,63450.000000,5.000000,0.000000,1.000000,199.900000,1.000000,20.000000,34.818262,True,False,False,True,False,False
1,5000,34200.000000,50830.000000,6.000000,0.000000,0.000000,57.000000,1.000000,9.000000,34.818262,True,False,True,False,False,False
0,7000,52287.000000,87972.000000,7.000000,0.000000,0.000000,211.284413,1.000000,24.000000,33.461402,True,False,False,True,False,False
0,38000,97759.000000,139899.000000,11.000000,0.000000,0.000000,62.858670,1.000000,36.000000,41.788492,False,False,True,False,False,False
0,22200,125703.000000,162648.000000,3.000000,0.000000,0.000000,374.211487,1.000000,51.000000,37.584359,False,True,False,False,False,False
0,26800,124199.000000,166404.000000,1.000000,0.000000,0.000000,243.942100,2.000000,23.000000,34.509657,False,False,False,False,False,False
0,4300,72021.000000,80027.000000,2.000000,2.000000,0.000000,263.970300,0.000000,5.000000,36.432094,True,False,True,False,False,False
1,5000,65019.000000,94119.000000,19.000000,0.000000,0.000000,173.466667,1.000000,20.000000,34.818262,True,False,True,False,False,False
1,5000,6000.000000,38575.000000,7.000000,0.000000,1.000000,335.033333,3.000000,42.000000,34.818262,True,False,False,False,False,True
0,10200,57142.000000,72664.000000,19.000000,0.000000,0.000000,158.185804,1.000000,12.000000,32.497488,False,False,True,False,False,False
0,10800,49254.000000,80527.000000,2.000000,0.000000,2.000000,202.537430,0.000000,13.000000,29.551583,True,False,True,False,False,False
0,12900,149297.000000,177044.000000,4.000000,0.000000,0.000000,205.873921,0.000000,56.000000,34.975734,True,True,False,False,False,False
1,11000,49000.000000,66922.000000,11.000000,0.000000,2.000000,91.000000,3.000000,32.000000,34.818262,False,False,True,False,False,False
1,10900,86754.000000,110000.000000,13.000000,0.000000,2.000000,103.433333,0.000000,19.000000,34.818262,False,False,False,True,False,False
0,15800,24939.000000,39285.000000,2.000000,0.000000,0.000000,209.037441,0.000000,16.000000,38.888128,False,True,False,False,False,False
0,25600,140649.000000,212089.000000,4.000000,0.000000,0.000000,187.871421,0.000000,29.000000,40.033219,True,False,False,True,False,False
0,9000,50400.000000,65000.000000,6.000000,0.000000,0.000000,117.600000,1.000000,24.000000,34.818262,False,False,False,False,False,False
0,15500,36650.000000,62963.000000,6.000000,0.000000,0.000000,260.856789,0.000000,16.000000,24.299059,False,False,False,True,False,False
0,21400,64378.000000,99343.000000,18.000000,0.000000,0.000000,627.702390,1.000000,23.000000,20.688715,True,False,False,True,False,False
0,16400,65019.000000,51454.000000,7.000000,0.000000,0.000000,338.110807,1.000000,17.000000,33.491836,False,False,True,False,False,False
0,8400,82597.000000,83858.000000,25.000000,0.000000,0.000000,350.568136,1.000000,47.000000,28.910757,True,False,True,False,False,False
1,11500,62000.000000,83000.000000,0.000000,5.000000,1.000000,177.566667,2.000000,34.000000,34.818262,False,False,True,False,False,False
0,21000,131378.000000,199687.000000,12.000000,0.000000,0.000000,208.605966,0.000000,21.000000,37.099279,True,False,False,True,False,False
1,20000,78500.000000,109725.000000,9.800000,0.000000,1.000000,117.666667,2.000000,30.000000,34.818262,False,False,False,True,False,False
0,7600,65019.000000,40341.000000,3.000000,0.000000,0.000000,265.020475,1.000000,25.000000,43.300105,True,False,True,False,False,False
0,17500,73071.000000,94267.000000,1.000000,0.000000,0.000000,160.454701,3.000000,19.000000,32.276809,False,True,False,False,False,False
0,24000,43427.000000,68308.000000,25.000000,0.000000,0.000000,302.772262,2.000000,31.000000,34.871855,False,False,True,False,False,False
0,22900,61067.000000,96306.000000,5.000000,0.000000,0.000000,228.898609,1.000000,20.000000,36.134959,False,False,True,False,False,False
0,10100,65019.000000,69451.000000,7.000000,0.000000,0.000000,173.466667,1.000000,20.000000,22.519685,False,False,True,False,False,False
0,15300,77069.000000,104534.000000,0.000000,0.000000,0.000000,276.924247,2.000000,21.000000,39.244600,False,False,False,True,False,False
0,20000,43087.000000,61438.000000,14.000000,0.000000,0.000000,276.562415,0.000000,20.000000,29.295179,False,False,True,False,False,False
1,26000,79714.000000,89235.500000,1.000000,0.000000,4.000000,125.766667,0.000000,23.000000,34.818262,False,False,False,True,False,False
1,25000,70150.000000,89235.500000,4.000000,2.000000,0.000000,104.533333,0.000000,7.000000,34.818262,False,True,False,False,False,False
0,12000,43000.000000,64000.000000,1.000000,0.000000,0.000000,262.966667,0.000000,21.000000,34.818262,False,False,True,False,False,False
0,10000,57068.000000,72000.000000,12.000000,0.000000,0.000000,257.700000,0.000000,27.000000,34.818262,False,False,True,False,False,False
0,13900,71425.000000,81012.000000,2.000000,0.000000,0.000000,242.940514,2.000000,26.000000,32.175036,False,False,True,False,False,False
0,19400,110745.000000,173474.000000,6.000000,0.000000,0.000000,217.406705,4.000000,23.000000,42.220407,False,True,False,False,False,False
0,14300,60811.000000,89324.000000,8.000000,0.000000,0.000000,205.683040,0.000000,20.000000,20.989812,False,False,False,True,False,False
0,8700,77377.000000,97070.000000,3.000000,0.000000,0.000000,68.854877,2.000000,24.000000,38.217726,False,False,False,False,False,False
0,21700,45697.000000,68144.000000,5.000000,0.000000,0.000000,166.871036,1.000000,27.000000,36.408315,False,True,False,False,False,False
0,17000,96065.000000,116416.000000,14.000000,0.000000,0.000000,125.673060,2.000000,8.000000,34.756186,False,False,True,False,False,False
0,23700,82983.000000,106877.000000,7.000000,0.000000,0.000000,177.017674,2.000000,24.000000,40.995208,False,False,True,False,False,False
0,21600,105759.000000,139002.000000,11.000000,0.000000,2.000000,213.034522,0.000000,24.000000,40.903058,False,True,False,False,False,False
0,27700,25947.000000,49836.000000,24.000000,0.000000,0.000000,120.025852,0.000000,10.000000,23.810173,False,False,True,False,False,False
0,9800,54681.000000,74097.000000,2.000000,0.000000,1.000000,106.888894,3.000000,18.000000,36.618661,False,False,True,False,False,False
0,9400,51505.000000,84178.000000,19.000000,0.000000,0.000000,202.697963,0.000000,16.000000,35.530613,True,False,True,False,False,False
0,12000,98428.000000,114820.000000,16.000000,0.000000,1.000000,188.148208,2.000000,15.000000,36.737721,False,False,True,False,False,False
0,10200,70882.000000,98154.000000,16.000000,0.000000,0.000000,153.118136,3.000000,15.000000,25.119956,False,False,True,False,False,False
0,16000,69861.000000,87086.000000,7.000000,0.000000,0.000000,205.328046,2.000000,18.000000,43.436334,False,False,True,False,False,False
0,9700,75566.000000,92066.000000,14.000000,0.000000,0.000000,94.987922,0.000000,8.000000,25.161183,False,True,False,False,False,False
0,24200,91491.000000,141827.000000,21.000000,1.000000,0.000000,163.174377,0.000000,25.000000,42.060982,False,False,False,True,False,False
0,14800,100255.000000,116160.000000,10.000000,0.000000,0.000000,184.777214,0.000000,26.000000,34.483990,False,False,True,False,False,False
0,23600,36438.000000,80176.000000,10.000000,0.000000,0.000000,289.701539,0.000000,19.000000,39.929955,False,False,False,True,False,False
0,19100,129111.000000,197592.000000,12.000000,0.000000,0.000000,207.155174,0.000000,21.000000,36.141778,True,False,False,True,False,False
0,9400,52371.000000,55764.000000,1.000000,0.000000,0.000000,177.702800,0.000000,20.000000,37.358688,False,True,False,False,False,False
0,8600,78579.000000,93697.000000,0.000000,0.000000,0.000000,115.193321,1.000000,10.000000,33.837203,False,False,True,False,False,False
0,18700,59929.000000,89526.000000,0.000000,0.000000,0.000000,64.454725,0.000000,22.000000,35.087349,False,True,False,False,False,False
1,2300,37626.000000,46200.000000,3.000000,0.000000,1.000000,122.266667,1.000000,14.000000,34.818262,True,False,True,False,False,False
0,5000,90059.000000,113714.000000,7.000000,0.000000,0.000000,193.636447,0.000000,28.000000,25.897316,True,False,False,True,False,False
1,10000,31253.000000,65450.000000,21.000000,0.000000,0.000000,172.033333,0.000000,16.000000,34.818262,False,False,True,False,False,False
1,12000,75373.000000,102602.000000,6.000000,2.000000,0.000000,99.366667,0.000000,21.000000,34.818262,True,False,True,False,False,False
1,8000,33000.000000,38500.000000,2.000000,0.000000,0.000000,173.466667,0.000000,0.000000,34.818262,True,False,True,False,False,False
0,30000,74975.000000,118886.000000,12.000000,0.000000,0.000000,85.045755,0.000000,34.000000,26.349132,False,False,False,False,False,False
1,43500,65019.000000,855909.000000,16.000000,0.000000,0.000000,196.403636,0.000000,23.000000,42.985408,True,False,True,False,False,False
0,17800,38770.000000,64357.000000,17.000000,0.000000,0.000000,282.935785,0.000000,21.000000,27.979495,False,False,True,False,False,False
1,19700,62351.000000,84624.000000,0.000000,1.000000,0.000000,88.126517,1.000000,22.000000,54.241335,False,False,False,False,False,False
0,21600,65019.000000,65935.000000,8.000000,0.000000,0.000000,111.068098,1.000000,5.000000,19.429084,True,True,False,False,False,False
0,24700,149235.000000,178454.000000,5.000000,0.000000,0.000000,324.137784,0.000000,34.000000,38.709991,False,False,False,True,False,False
0,7000,73873.000000,111781.000000,0.000000,0.000000,0.000000,231.799913,0.000000,38.000000,19.273579,False,True,False,False,False,False
1,8100,19772.000000,39431.000000,0.000000,0.000000,1.000000,82.335288,1.000000,12.000000,20.342468,False,False,True,False,False,False
0,43200,367917.000000,466755.000000,3.000000,0.000000,0.000000,312.306339,4.000000,15.000000,42.623574,True,False,False,True,False,False
0,15000,65019.000000,94000.000000,7.000000,0.000000,0.000000,186.700000,1.000000,10.000000,34.818262,False,False,True,False,False,False
0,16600,69644.000000,100411.000000,0.000000,0.000000,0.000000,149.095227,4.000000,19.000000,29.725747,False,True,False,False,False,False
0,24300,236390.000000,262210.000000,6.000000,0.000000,0.000000,243.077900,2.000000,50.000000,36.906665,True,False,False,False,False,True
0,4300,71206.000000,78698.000000,3.000000,0.000000,0.000000,129.932869,0.000000,31.000000,34.181377,False,False,False,False,True,False
0,10800,67171.000000,82138.000000,2.000000,0.000000,0.000000,89.124526,0.000000,6.000000,38.803146,True,False,True,False,False,False
1,31000,30000.000000,72000.000000,20.000000,2.000000,0.000000,127.300000,1.000000,14.000000,34.818262,False,False,False,False,False,False
0,11300,16115.000000,69113.000000,22.000000,0.000000,2.000000,403.515000,0.000000,12.000000,22.168245,False,False,False,True,False,False
0,10400,11426.000000,69294.000000,20.000000,0.000000,1.000000,396.926265,1.000000,11.000000,20.291989,False,False,False,True,False,False
0,9100,43249.000000,52946.000000,20.000000,1.000000,1.000000,228.396340,1.000000,18.000000,35.181841,True,False,False,False,False,False
0,50900,42541.000000,68483.000000,5.000000,1.000000,0.000000,181.390336,1.000000,15.000000,30.909713,False,True,False,False,False,False
0,25600,77123.000000,103014.000000,1.000000,0.000000,0.000000,231.794201,3.000000,24.000000,43.671281,False,False,False,False,False,False
0,12900,89492.000000,110007.000000,10.000000,0.000000,2.000000,169.191984,0.000000,28.000000,32.820037,True,False,False,True,False,False
0,20000,28440.000000,91704.000000,10.000000,0.000000,0.000000,143.637439,0.000000,20.000000,30.206893,False,False,False,True,False,False
1,10500,89000.000000,268000.000000,7.000000,4.000000,0.000000,120.800000,2.000000,15.000000,34.818262,True,False,False,True,False,False
1,29000,72478.000000,113000.000000,1.500000,0.000000,6.000000,114.666667,4.000000,12.000000,34.818262,False,False,True,False,False,False
1,20000,65019.000000,115750.000000,7.000000,0.000000,2.000000,132.533333,0.000000,10.000000,34.818262,True,False,True,False,False,False
0,20800,150507.000000,126763.000000,4.000000,0.000000,0.000000,102.422388,2.000000,33.000000,31.990311,False,False,False,True,False,False
1,5000,46696.000000,85202.000000,2.000000,1.000000,2.000000,148.340645,0.000000,14.000000,46.489874,True,False,True,False,False,False
0,27700,63962.000000,101676.000000,15.000000,0.000000,1.000000,138.569413,0.000000,30.000000,37.384588,False,False,True,False,False,False
0,8200,13392.000000,34254.000000,3.000000,0.000000,0.000000,267.918642,0.000000,11.000000,21.929990,False,False,True,False,False,False
0,25600,76102.000000,119391.000000,5.000000,0.000000,0.000000,87.625382,1.000000,32.000000,40.929954,False,False,True,False,False,False
0,20900,16174.000000,34886.000000,1.000000,0.000000,0.000000,52.303656,1.000000,4.000000,29.752732,False,False,True,False,False,False
0,18600,50167.000000,96312.000000,5.000000,0.000000,0.000000,128.339434,1.000000,21.000000,36.377322,False,False,False,True,False,False
0,11900,44600.000000,63800.000000,9.000000,0.000000,0.000000,243.500000,0.000000,18.000000,34.818262,False,False,True,False,False,False
0,17800,44326.000000,79651.000000,4.000000,0.000000,0.000000,246.796949,3.000000,32.000000,32.509012,False,False,False,True,False,False
0,13900,47741.000000,69111.000000,2.000000,0.000000,0.000000,254.259613,0.000000,21.000000,28.885618,False,False,True,False,False,False
0,17900,38233.000000,63578.000000,6.000000,1.000000,0.000000,79.121583,2.000000,9.000000,26.518831,False,False,True,False,False,False
0,16200,68873.000000,101797.000000,23.000000,0.000000,0.000000,220.965152,0.000000,23.000000,36.259337,True,False,False,True,False,False
0,18600,96476.000000,119780.000000,0.000000,0.000000,2.000000,264.153125,0.000000,29.000000,40.805743,False,True,False,False,False,False
0,17100,56791.000000,94396.000000,7.000000,0.000000,0.000000,110.294088,1.000000,21.000000,36.107341,False,False,False,True,False,False
0,13600,39997.000000,56571.000000,6.000000,0.000000,0.000000,111.007819,2.000000,15.000000,38.773137,False,False,True,False,False,False
1,16300,31800.000000,63000.000000,12.000000,1.000000,5.000000,124.900000,1.000000,14.000000,34.818262,False,False,True,False,False,False
0,7500,63573.000000,80601.000000,4.000000,0.000000,0.000000,111.435190,0.000000,14.000000,41.773447,True,False,True,False,False,False
0,17000,63450.000000,92816.000000,10.000000,0.000000,0.000000,173.466667,1.000000,16.000000,25.718671,False,False,False,True,False,False
1,19000,64758.000000,119780.000000,19.000000,0.000000,4.000000,349.000000,0.000000,20.000000,34.818262,False,False,False,True,False,False
0,20100,57192.000000,82870.000000,5.000000,0.000000,0.000000,91.701437,0.000000,7.000000,36.635231,False,False,True,False,False,False
0,16100,107758.000000,124610.000000,0.000000,0.000000,0.000000,129.178898,0.000000,29.000000,34.211567,False,False,False,True,False,False
1,12900,46266.000000,62000.000000,7.000000,0.000000,0.000000,77.133333,5.000000,18.000000,34.818262,False,False,True,False,False,False
0,25800,65019.000000,68913.000000,26.000000,0.000000,0.000000,123.644488,0.000000,9.000000,22.925136,False,False,True,False,False,False
0,36100,36948.000000,56236.000000,7.000000,0.000000,0.000000,173.466667,7.000000,0.000000,31.058019,False,False,True,False,False,False
0,20600,67086.000000,108006.000000,6.000000,0.000000,1.000000,116.328658,2.000000,18.000000,36.966325,False,True,False,False,False,False
0,18900,91784.000000,117626.000000,21.000000,0.000000,0.000000,280.123473,0.000000,16.000000,25.673022,False,False,True,False,False,False
0,6400,17491.000000,63614.000000,23.000000,0.000000,0.000000,325.299309,0.000000,12.000000,40.244404,True,True,False,False,False,False
0,14100,81894.000000,98285.000000,6.000000,0.000000,0.000000,151.471075,1.000000,26.000000,42.282138,False,False,False,False,False,False
0,7700,56622.000000,70136.000000,7.000000,0.000000,4.000000,120.764509,1.000000,11.000000,38.132346,False,False,False,False,False,False
0,20000,13316.000000,50150.000000,26.000000,0.000000,2.000000,214.033333,0.000000,25.000000,34.818262,False,False,True,False,False,False
1,25000,105750.000000,141000.000000,15.000000,1.000000,2.000000,305.366667,2.000000,14.000000,34.818262,True,True,False,False,False,False
0,12000,64000.000000,80000.000000,2.000000,0.000000,0.000000,239.533333,3.000000,26.000000,34.818262,False,False,True,False,False,False
0,26900,74982.000000,126972.000000,0.000000,0.000000,0.000000,315.818911,0.000000,23.000000,38.325990,False,True,False,False,False,False
0,26600,78491.000000,121598.000000,4.000000,1.000000,0.000000,84.583010,1.000000,33.000000,41.342343,False,False,True,False,False,False
0,8300,61213.000000,65798.000000,6.000000,0.000000,0.000000,86.296516,2.000000,20.000000,41.426872,True,False,True,False,False,False
0,33700,36851.000000,78893.000000,7.000000,0.000000,0.000000,302.727150,0.000000,16.000000,41.822160,False,False,True,False,False,False
0,10400,78320.000000,100017.000000,10.000000,0.000000,0.000000,167.422540,4.000000,21.000000,41.974878,False,False,True,False,False,False
0,16300,66038.000000,98585.000000,1.000000,0.000000,0.000000,162.065412,3.000000,19.000000,32.753461,False,True,False,False,False,False
0,14900,65843.000000,86628.000000,7.000000,0.000000,0.000000,288.581891,0.000000,20.000000,28.275563,True,False,True,False,False,False
1,10000,59543.000000,86800.000000,9.000000,3.000000,1.000000,152.133333,2.000000,51.000000,34.818262,False,False,True,False,False,False
0,13300,35000.000000,44195.000000,8.000000,0.000000,0.000000,91.923529,0.000000,4.000000,35.243121,True,False,True,False,False,False
0,27300,66878.000000,93656.000000,11.000000,0.000000,0.000000,153.795905,0.000000,20.000000,39.085006,False,True,False,False,False,False
1,7200,46000.000000,67000.000000,24.000000,0.000000,0.000000,142.000000,1.000000,14.000000,34.818262,False,False,True,False,False,False
0,21600,41105.000000,65411.000000,25.000000,0.000000,0.000000,303.234053,3.000000,32.000000,35.247328,False,False,True,False,False,False
1,15000,89200.000000,114750.000000,11.000000,0.000000,0.000000,114.600000,0.000000,27.000000,34.818262,False,False,False,True,False,False
0,20200,51588.000000,121752.000000,14.000000,0.000000,0.000000,253.248967,0.000000,20.000000,26.430681,False,False,False,True,False,False
0,10300,57902.000000,74355.000000,4.000000,0.000000,0.000000,243.630916,1.000000,16.000000,36.574442,True,False,True,False,False,False
1,12000,15231.000000,42845.010000,6.500000,0.000000,1.000000,65.966667,2.000000,18.000000,34.818262,False,True,False,False,False,False
1,11900,108763.000000,128780.000000,8.000000,0.000000,0.000000,60.377933,3.000000,21.000000,49.418114,False,True,False,False,False,False
0,15300,83004.000000,121108.000000,7.000000,0.000000,0.000000,173.466667,1.000000,20.000000,36.823393,False,False,True,False,False,False
0,8300,71922.000000,117151.000000,2.000000,0.000000,0.000000,246.934758,1.000000,37.000000,18.156827,False,True,False,False,False,False
0,10700,83650.000000,203720.000000,11.000000,0.000000,0.000000,13.588694,1.000000,8.000000,19.587711,True,False,False,False,False,True
0,27600,64818.000000,91915.000000,16.000000,0.000000,0.000000,99.604608,0.000000,17.000000,32.461144,False,False,True,False,False,False
1,17100,32134.000000,69131.000000,3.000000,0.000000,0.000000,209.198800,0.000000,6.000000,38.632967,False,False,True,False,False,False
1,42800,9133.000000,44083.000000,5.000000,0.000000,0.000000,333.913374,5.000000,15.000000,13.417822,True,False,False,True,False,False
0,8500,58327.000000,75044.000000,2.000000,0.000000,2.000000,123.365356,0.000000,22.000000,28.111814,True,False,False,False,False,False
0,36300,35287.000000,56532.000000,7.000000,0.000000,0.000000,173.466667,7.000000,0.000000,32.624532,False,False,True,False,False,False
0,28200,148455.000000,191419.000000,1.000000,0.000000,0.000000,186.983043,0.000000,17.000000,39.563303,True,False,False,False,False,True
0,23400,72262.000000,94646.000000,2.000000,0.000000,0.000000,105.999266,1.000000,29.000000,31.840635,False,False,True,False,False,False
0,9900,79379.000000,205346.000000,14.000000,0.000000,0.000000,20.214195,1.000000,7.000000,19.799428,True,False,False,False,False,True
0,13300,86360.000000,116111.000000,8.000000,0.000000,0.000000,232.292139,0.000000,24.000000,32.012701,True,False,False,False,False,False
0,19600,85984.000000,112721.000000,18.000000,0.000000,0.000000,239.137794,4.000000,31.000000,36.031180,False,False,False,False,False,False
0,5300,47449.000000,63895.000000,19.000000,0.000000,0.000000,208.162714,0.000000,20.000000,19.762114,True,True,False,False,False,False
0,10500,69656.000000,88198.000000,15.000000,0.000000,0.000000,97.319406,0.000000,8.000000,27.322397,False,True,False,False,False,False
0,19700,23921.000000,134867.000000,9.000000,0.000000,0.000000,374.127183,0.000000,10.000000,38.865655,False,False,True,False,False,False
0,34800,139519.000000,195663.000000,22.000000,0.000000,0.000000,182.664772,0.000000,22.000000,36.955917,False,False,False,True,False,False
0,21300,66573.000000,100519.000000,7.000000,0.000000,0.000000,98.892182,1.000000,18.000000,34.964141,False,True,False,False,False,False
0,69700,192163.000000,293901.000000,10.000000,0.000000,0.000000,222.147526,2.000000,24.000000,29.038236,False,False,False,False,False,True
0,12100,71060.000000,79744.000000,3.000000,0.000000,0.000000,179.866349,1.000000,35.000000,29.894151,False,False,True,False,False,False
1,21300,103989.000000,143796.000000,9.000000,2.000000,0.000000,135.232836,3.000000,20.000000,44.382578,False,False,True,False,False,False
0,11800,38825.000000,51984.000000,7.000000,0.000000,0.000000,82.527794,0.000000,14.000000,40.882733,False,False,True,False,False,False
0,15100,72645.000000,106343.000000,5.000000,0.000000,0.000000,80.772150,2.000000,13.000000,34.475597,False,False,True,False,False,False
0,15000,2619.000000,57310.000000,0.300000,0.000000,0.000000,322.600000,0.000000,6.000000,34.818262,False,False,False,False,True,False
0,9900,108155.000000,219936.000000,2.000000,0.000000,0.000000,126.939377,1.000000,15.000000,27.992052,True,False,False,True,False,False
0,10500,65019.000000,53907.000000,10.000000,0.000000,0.000000,308.213262,2.000000,13.000000,34.408948,True,False,True,False,False,False
1,31800,60279.000000,97875.000000,6.000000,0.000000,11.000000,312.433333,0.000000,46.000000,34.818262,False,False,False,False,False,False
0,14300,94062.000000,102052.000000,14.000000,0.000000,2.000000,133.378109,1.000000,17.000000,35.716612,False,False,False,False,True,False
0,13400,53699.000000,68084.000000,3.000000,0.000000,0.000000,169.852449,0.000000,14.000000,25.109713,False,False,True,False,False,False
0,12600,84933.000000,110253.000000,8.000000,0.000000,0.000000,192.422606,1.000000,37.000000,40.845078,False,False,False,True,False,False
0,13100,59608.000000,72561.000000,30.000000,1.000000,2.000000,195.538711,1.000000,24.000000,36.611073,True,False,True,False,False,False
1,16500,43223.000000,46925.000000,10.000000,0.000000,0.000000,178.002383,4.000000,20.000000,40.206334,False,False,True,False,False,False
0,23300,61496.000000,102823.000000,18.000000,0.000000,0.000000,649.747104,1.000000,24.000000,20.872560,True,False,False,True,False,False
1,18600,23850.000000,61808.000000,12.000000,0.000000,0.000000,46.946164,0.000000,8.000000,40.852928,True,False,True,False,False,False
0,9200,19756.000000,26140.000000,0.000000,1.000000,0.000000,0.486711,9.000000,7.000000,27.075257,False,False,True,False,False,False
0,18500,57174.000000,91772.000000,4.000000,0.000000,0.000000,129.663217,0.000000,13.000000,28.904479,True,False,False,True,False,False
0,11700,78789.000000,91342.000000,5.000000,0.000000,0.000000,128.360674,2.000000,27.000000,41.952682,False,False,False,False,False,False
0,28100,135991.000000,183598.000000,0.000000,0.000000,0.000000,131.589124,1.000000,38.000000,31.085618,False,False,False,False,False,False
0,21300,74081.000000,102810.000000,9.000000,0.000000,0.000000,200.911149,1.000000,12.000000,31.155586,False,True,False,False,False,False
1,27700,61396.000000,111627.000000,20.000000,0.000000,0.000000,87.002500,0.000000,4.000000,84.613889,False,False,False,False,False,True
0,41100,59463.000000,112626.000000,16.000000,0.000000,0.000000,210.203969,0.000000,22.000000,40.439556,False,False,False,False,False,False
1,24900,77000.000000,115006.000000,10.000000,0.000000,0.000000,293.233333,0.000000,36.000000,34.818262,False,False,True,False,False,False
0,22400,127967.000000,167764.000000,1.000000,0.000000,0.000000,377.864985,1.000000,52.000000,36.438724,False,True,False,False,False,False
0,18200,97146.000000,124195.000000,24.000000,0.000000,0.000000,278.307422,2.000000,17.000000,32.721695,False,True,False,False,False,False
0,17200,52011.000000,65800.000000,7.000000,0.000000,1.000000,120.323979,2.000000,48.000000,30.556512,False,False,True,False,False,False
1,11000,49000.000000,68000.000000,2.000000,2.000000,3.000000,9.100000,3.000000,15.000000,34.818262,True,False,True,False,False,False
0,6400,65215.000000,74332.000000,9.000000,0.000000,1.000000,213.832103,0.000000,24.000000,40.644620,True,False,False,False,False,False
0,13300,65019.000000,72583.000000,1.000000,0.000000,0.000000,173.466667,0.000000,0.000000,3.720421,False,False,True,False,False,False
0,7500,65019.000000,26850.000000,20.000000,0.000000,0.000000,185.633333,1.000000,16.000000,34.818262,True,True,False,False,False,False
1,27900,62264.000000,39604.000000,10.000000,3.000000,1.000000,118.778265,7.000000,23.000000,48.077531,False,False,False,False,True,False
0,27000,54834.000000,85391.000000,9.000000,0.000000,1.000000,132.578545,2.000000,30.000000,39.305739,False,False,True,False,False,False
0,19500,88909.000000,140092.000000,13.000000,0.000000,0.000000,163.562504,1.000000,25.000000,33.005017,False,False,False,False,False,False
1,8800,67200.000000,80300.000000,10.000000,4.000000,1.000000,135.866667,1.000000,33.000000,34.818262,True,False,True,False,False,False
0,13600,58539.000000,67899.000000,29.000000,1.000000,2.000000,194.273834,1.000000,23.000000,37.134422,True,False,True,False,False,False
1,31000,67794.000000,103535.000000,7.000000,0.000000,1.000000,116.898990,1.000000,31.000000,44.065429,False,False,False,False,False,False
0,14800,38000.000000,59000.000000,6.000000,1.000000,0.000000,107.533333,2.000000,10.000000,34.818262,False,False,True,False,False,False
0,11000,92521.000000,110704.000000,13.000000,0.000000,0.000000,208.898485,2.000000,16.000000,39.250433,False,False,True,False,False,False
1,11000,77517.000000,86214.000000,2.000000,2.000000,0.000000,352.379138,0.000000,28.000000,28.030214,True,False,False,True,False,False
0,24400,80065.000000,118423.000000,8.000000,0.000000,1.000000,126.542746,0.000000,18.000000,26.273908,False,False,False,True,False,False
0,18900,101289.000000,127485.000000,0.000000,0.000000,0.000000,319.250816,0.000000,19.000000,42.723232,True,False,False,False,False,False
0,7100,25896.000000,33580.000000,1.000000,0.000000,0.000000,29.856365,9.000000,7.000000,28.271474,False,False,True,False,False,False
0,17000,45671.000000,64516.000000,27.000000,0.000000,0.000000,246.179721,0.000000,13.000000,25.701206,True,False,True,False,False,False
0,21900,65019.000000,80239.000000,5.000000,0.000000,0.000000,402.086810,0.000000,23.000000,21.989946,False,False,False,False,True,False
0,62700,120598.000000,207803.000000,9.000000,0.000000,0.000000,304.314615,2.000000,26.000000,36.436252,False,False,False,True,False,False
0,10200,55539.000000,65357.000000,5.000000,0.000000,0.000000,190.945931,1.000000,17.000000,28.640824,False,False,False,False,False,False
0,15700,135886.000000,181894.000000,10.000000,0.000000,0.000000,247.965065,0.000000,21.000000,30.326399,False,False,False,False,False,False
0,21800,65019.000000,59736.000000,7.000000,0.000000,0.000000,304.736930,0.000000,18.000000,36.713114,False,False,True,False,False,False
0,22500,57762.000000,95790.000000,3.000000,0.000000,0.000000,151.715066,1.000000,21.000000,34.863596,False,True,False,False,False,False
1,5000,22320.000000,34900.000000,10.000000,0.000000,0.000000,65.700000,1.000000,5.000000,34.818262,True,False,True,False,False,False
0,14900,44588.000000,72331.000000,6.000000,0.000000,0.000000,156.331745,2.000000,11.000000,28.164441,False,False,False,True,False,False
1,17300,73000.000000,95000.000000,5.000000,2.000000,1.000000,90.300000,6.000000,30.000000,34.818262,False,False,True,False,False,False
1,7500,63500.000000,86125.000000,5.000000,0.000000,0.000000,136.100000,0.000000,8.000000,34.818262,True,False,True,False,False,False
0,11900,56792.000000,64130.000000,13.000000,0.000000,0.000000,118.612590,1.000000,18.000000,32.665746,False,False,False,False,False,False
0,6900,97662.000000,110046.000000,24.000000,0.000000,0.000000,111.123397,0.000000,11.000000,37.253151,True,True,False,False,False,False
0,23500,65019.000000,131203.000000,0.000000,0.000000,0.000000,318.847130,3.000000,21.000000,31.084156,True,False,True,False,False,False
0,18700,136790.000000,178135.000000,12.000000,0.000000,0.000000,246.954420,0.000000,21.000000,30.118614,False,False,False,False,False,False
0,13900,33403.000000,69878.000000,8.000000,0.000000,0.000000,259.813283,1.000000,16.000000,23.735216,False,False,False,True,False,False
1,27300,106221.000000,137727.000000,3.000000,0.000000,0.000000,300.574511,3.000000,45.000000,32.560359,False,False,False,False,False,True
1,21600,154991.000000,89235.500000,7.000000,2.000000,4.000000,165.600830,0.000000,43.000000,38.014917,False,False,False,False,False,True
1,27700,85285.000000,116468.000000,9.000000,0.000000,0.000000,312.807928,0.000000,36.000000,35.968024,False,False,True,False,False,False
0,27300,127260.000000,212953.000000,9.000000,0.000000,0.000000,244.165421,3.000000,26.000000,21.241195,False,False,False,True,False,False
0,15400,28669.000000,43078.000000,14.000000,1.000000,0.000000,108.198895,1.000000,17.000000,24.674175,False,False,False,False,False,False
0,10000,114643.000000,130127.000000,5.000000,0.000000,1.000000,160.667893,0.000000,19.000000,33.920044,False,False,False,False,False,True
0,8500,54000.000000,62533.000000,4.000000,0.000000,1.000000,313.466667,0.000000,10.000000,34.818262,False,False,True,False,False,False
0,15200,87116.000000,105971.000000,21.000000,0.000000,0.000000,147.946680,4.000000,24.000000,27.961550,True,False,True,False,False,False
0,16900,88143.000000,115365.000000,19.000000,0.000000,0.000000,282.068518,0.000000,16.000000,24.962851,False,False,True,False,False,False
1,5500,21359.000000,30000.000000,7.000000,3.000000,2.000000,130.800000,3.000000,14.000000,34.818262,False,False,True,False,False,False
0,16400,89858.000000,105796.000000,29.000000,0.000000,1.000000,340.711675,2.000000,49.000000,36.003916,False,True,False,False,False,False
0,15800,58388.000000,100944.000000,0.000000,0.000000,3.000000,51.525148,1.000000,10.000000,39.862520,True,False,True,False,False,False
0,16500,65019.000000,29168.000000,11.000000,0.000000,0.000000,102.130368,2.000000,8.000000,31.566885,False,False,True,False,False,False
0,6300,49498.000000,64296.000000,6.000000,0.000000,4.000000,111.206513,1.000000,10.000000,38.577132,False,False,False,False,False,False
0,9800,63891.000000,72980.000000,7.000000,0.000000,0.000000,32.414934,2.000000,24.000000,39.371870,False,False,False,True,False,False
1,25000,74800.000000,105000.000000,10.000000,0.000000,5.000000,163.300000,2.000000,46.000000,34.818262,False,False,False,False,False,False
0,5100,73882.000000,96031.000000,0.000000,0.000000,0.000000,125.787400,1.000000,10.000000,34.446079,False,False,True,False,False,False
0,39700,59360.000000,117186.000000,16.000000,0.000000,1.000000,203.139968,0.000000,22.000000,40.138090,False,False,False,False,False,False
1,3000,65019.000000,8800.000000,2.000000,0.000000,1.000000,77.766667,0.000000,3.000000,34.818262,True,False,True,False,False,False
0,17400,97072.000000,155146.000000,0.000000,0.000000,0.000000,204.165616,0.000000,19.000000,40.507965,False,False,False,False,False,False
0,11000,48893.000000,113223.000000,7.000000,0.000000,1.000000,237.098081,0.000000,9.000000,22.003376,False,False,False,True,False,False
0,6300,78724.000000,80355.000000,24.000000,0.000000,0.000000,335.074143,1.000000,46.000000,31.177261,True,False,True,False,False,False
0,12000,15756.000000,53079.000000,23.000000,0.000000,0.000000,259.555044,0.000000,20.000000,29.397478,True,True,False,False,False,False
0,9400,92340.000000,125451.000000,7.000000,0.000000,0.000000,129.113725,1.000000,22.000000,36.349975,False,True,False,False,False,False
0,21300,134578.000000,176968.000000,25.000000,0.000000,5.000000,334.065917,0.000000,27.000000,31.875771,False,False,False,False,False,False
0,17300,48132.000000,78889.000000,4.000000,0.000000,0.000000,133.167685,0.000000,8.000000,28.298227,False,False,False,False,False,False
0,18900,100416.000000,161147.000000,1.000000,0.000000,0.000000,216.097050,1.000000,18.000000,38.460500,False,False,False,False,False,False
0,15800,101246.000000,142340.000000,2.000000,0.000000,0.000000,109.293933,2.000000,16.000000,33.770829,False,True,False,False,False,False
0,17300,65444.000000,91244.000000,8.000000,0.000000,0.000000,202.049683,0.000000,19.000000,21.573385,False,False,False,True,False,False
0,18000,23252.000000,50750.000000,16.000000,0.000000,0.000000,180.600000,1.000000,20.000000,34.818262,False,False,False,True,False,False
1,24600,75636.000000,112956.000000,1.000000,1.000000,0.000000,318.546165,3.000000,42.000000,34.818262,False,False,False,True,False,False
0,20900,133213.000000,174787.000000,26.000000,0.000000,4.000000,332.082826,1.000000,27.000000,32.346399,False,False,False,False,False,False
0,26900,47882.000000,78854.000000,11.000000,0.000000,0.000000,132.347392,0.000000,19.000000,41.130707,False,False,True,False,False,False
0,25400,61907.000000,87133.000000,0.000000,0.000000,1.000000,81.492119,0.000000,22.000000,34.364698,False,True,False,False,False,False
0,13100,97287.000000,123281.000000,9.000000,0.000000,0.000000,162.993744,0.000000,26.000000,34.178346,False,False,True,False,False,False
0,12900,92734.000000,114285.000000,11.000000,0.000000,0.000000,236.052773,0.000000,24.000000,28.663417,True,False,False,False,False,False
0,24100,77435.000000,113000.000000,10.000000,0.000000,1.000000,124.766667,0.000000,19.000000,34.818262,False,False,False,True,False,False
0,11700,47072.000000,85090.000000,18.000000,0.000000,0.000000,192.253182,0.000000,16.000000,35.064865,True,False,True,False,False,False
1,15000,49200.000000,72900.000000,10.000000,0.000000,0.000000,174.033300,1.000000,16.000000,34.818262,False,False,True,False,False,False
0,15800,65019.000000,44144.000000,0.000000,0.000000,0.000000,315.812632,1.000000,9.000000,25.650384,True,False,True,False,False,False
0,10000,147234.000000,175300.000000,6.000000,0.000000,0.000000,192.766667,1.000000,56.000000,34.818262,True,True,False,False,False,False
1,15700,83761.000000,125860.000000,1.000000,0.000000,0.000000,173.466667,0.000000,0.000000,34.818262,True,False,True,False,False,False
